symbol,last_updated,country,region,name,exchange,currency,data_source,industry,sector,market_cap,revenue,profit_margin,operating_margin,return_on_equity,return_on_assets,forward_pe,trailing_pe,price_to_sales,price_to_book,enterprise_value,employees,website,revenue_annual,operating_income,net_income,ebitda,gross_profit,fiscal_year_end,total_assets,total_debt,total_equity,cash,current_assets,current_liabilities,current_ratio
MLBAT,2025-03-21T10:53:32.408856,France,Europe,Batla Minerals,Unknown,EUR,investpy,,,,,,,,,,,,,,,,,,,,,,,,,,,,
MWDP,2025-03-21T10:53:32.440590,France,Europe,Wendel,Unknown,EUR,investpy,,,,,,,,,,,,,,,,,,,,,,,,,,,,
FLOWS,2025-03-21T10:53:32.487317,Sweden,Europe,Crowdsoft,Unknown,SEK,investpy,,,,,,,,,,,,,,,,,,,,,,,,,,,,
PNIG,2025-03-21T10:53:32.455675,United Kingdom,Europe,Pennant,Unknown,GBP,investpy,,,,,,,,,,,,,,,,,,,,,,,,,,,,
ARLG,2025-03-21T10:53:32.502339,Austria,Europe,Aareal Bank AG,Unknown,EUR,investpy,,,,,,,,,,,,,,,,,,,,,,,,,,,,
ZIGN,2025-03-21T10:53:32.487317,Sweden,Europe,Zignsec,Unknown,SEK,investpy,,,,,,,,,,,,,,,,,,,,,,,,,,,,
SIGN,2025-03-21T10:53:32.440590,Austria,Europe,Signature,Unknown,EUR,investpy,,,,,,,,,,,,,,,,,,,,,,,,,,,,
ALNSE,2025-03-21T10:53:32.393528,France,Europe,NSE SA,Unknown,EUR,investpy,,,,,,,,,,,,,,,,,,,,,,,,,,,,
CCH,2025-03-21T10:53:33.875383,United Kingdom,Europe,Coca Cola HBC AG,Unknown,GBP,investpy,,,,,,,,,,,,,,,,,,,,,,,,,,,,
PGNG,2025-03-21T10:53:33.921481,Germany,Europe,Paragon AG,Unknown,EUR,investpy,,,,,,,,,,,,,,,,,,,,,,,,,,,,
TSTT,2025-03-21T10:53:33.937511,United Kingdom,Europe,Touchstar,Unknown,GBP,investpy,,,,,,,,,,,,,,,,,,,,,,,,,,,,
INCOAX,2025-03-21T10:53:33.906273,Sweden,Europe,InCoax Networks,Unknown,SEK,investpy,,,,,,,,,,,,,,,,,,,,,,,,,,,,
ASTr,2025-03-21T10:53:33.906273,Greece,Europe,Alpha Astika Akinita SA,Unknown,EUR,investpy,,,,,,,,,,,,,,,,,,,,,,,,,,,,
MGNK,2025-03-21T10:53:33.953524,Germany,Europe,Mologen,Unknown,EUR,investpy,,,,,,,,,,,,,,,,,,,,,,,,,,,,
PAALb,2025-03-21T10:53:33.953524,Denmark,Europe,Per Aarsleff B,Unknown,DKK,investpy,,,,,,,,,,,,,,,,,,,,,,,,,,,,
IFXGnEUR,2025-03-21T10:53:34.424155,Switzerland,Europe,Infineon,Unknown,EUR,investpy,,,,,,,,,,,,,,,,,,,,,,,,,,,,
BLEE,2025-03-21T10:53:34.360678,France,Europe,Bleecker,Unknown,EUR,investpy,,,,,,,,,,,,,,,,,,,,,,,,,,,,
MLXS,2025-03-21T10:53:34.344666,Belgium,Europe,Melexis NV,Unknown,EUR,investpy,,,,,,,,,,,,,,,,,,,,,,,,,,,,
GTTG,2025-03-21T10:53:34.408146,Germany,Europe,Tegna,Unknown,EUR,investpy,,,,,,,,,,,,,,,,,,,,,,,,,,,,
DIGP,2025-03-21T10:53:34.140658,France,Europe,Digigram,Unknown,EUR,investpy,,,,,,,,,,,,,,,,,,,,,,,,,,,,
NS,2025-03-21T10:53:34.314156,Germany,Europe,Nustar,Unknown,EUR,investpy,,,,,,,,,,,,,,,,,,,,,,,,,,,,
EURA,2025-03-21T10:53:34.865166,France,Europe,Eurazeo,Unknown,EUR,investpy,,,,,,,,,,,,,,,,,,,,,,,,,,,,
RMPq,2025-03-21T10:53:34.927358,United Kingdom,Europe,Red Emperor Resources,Unknown,GBP,investpy,,,,,,,,,,,,,,,,,,,,,,,,,,,,
LOTB,2025-03-21T10:53:35.398215,Belgium,Europe,Lotus Bakeries,Unknown,EUR,investpy,,,,,,,,,,,,,,,,,,,,,,,,,,,,
THXLE,2025-03-21T10:53:35.430215,Netherlands,Europe,Theta Legends,Unknown,EUR,investpy,,,,,,,,,,,,,,,,,,,,,,,,,,,,
MLIFE,2025-03-21T10:53:35.459867,France,Europe,Global Health Group,Unknown,EUR,investpy,,,,,,,,,,,,,,,,,,,,,,,,,,,,
SANT1,2025-03-21T10:53:35.430215,Germany,Europe,S&T AG,Unknown,EUR,investpy,,,,,,,,,,,,,,,,,,,,,,,,,,,,
OPpref,2025-03-21T10:53:35.398215,Sweden,Europe,Oscar Properties Pref,Unknown,SEK,investpy,,,,,,,,,,,,,,,,,,,,,,,,,,,,
HRMr,2025-03-21T10:53:35.382725,Greece,Europe,Gek Terna,Unknown,EUR,investpy,,,,,,,,,,,,,,,,,,,,,,,,,,,,
POLO,2025-03-21T10:53:35.855380,United Kingdom,Europe,Polo Resources,Unknown,GBP,investpy,,,,,,,,,,,,,,,,,,,,,,,,,,,,
WAFGn,2025-03-21T10:53:35.839378,Germany,Europe,Siltronic AG,Unknown,EUR,investpy,,,,,,,,,,,,,,,,,,,,,,,,,,,,
SCAb,2025-03-21T10:53:36.308178,Sweden,Europe,SCA B,Unknown,SEK,investpy,,,,,,,,,,,,,,,,,,,,,,,,,,,,
WEHA,2025-03-21T10:53:36.245270,Netherlands,Europe,Wereldhave,Unknown,EUR,investpy,,,,,,,,,,,,,,,,,,,,,,,,,,,,
INFRAC,2025-03-21T10:53:36.276301,Sweden,Europe,Infracom,Unknown,SEK,investpy,,,,,,,,,,,,,,,,,,,,,,,,,,,,
SHA_p,2025-03-21T10:53:36.229552,Germany,Europe,Schaeffler AG,Unknown,EUR,investpy,,,,,,,,,,,,,,,,,,,,,,,,,,,,
MUVGnEUR,2025-03-21T10:53:36.214398,Switzerland,Europe,Muench. Rueckvers.,Unknown,EUR,investpy,,,,,,,,,,,,,,,,,,,,,,,,,,,,
AVMNOK,2025-03-21T10:53:36.198364,Sweden,Europe,Avocet Mining,Unknown,NOK,investpy,,,,,,,,,,,,,,,,,,,,,,,,,,,,
CBOS,2025-03-21T10:53:36.760348,Belgium,Europe,Cie Bois Sauvage,Unknown,EUR,investpy,,,,,,,,,,,,,,,,,,,,,,,,,,,,
BEVA,2025-03-21T10:53:36.760348,Netherlands,Europe,Bever Holding NV,Unknown,EUR,investpy,,,,,,,,,,,,,,,,,,,,,,,,,,,,
TGEL,2025-03-21T10:53:37.196118,France,Europe,Toupargel,Unknown,EUR,investpy,,,,,,,,,,,,,,,,,,,,,,,,,,,,
TLIT,2025-03-21T10:53:37.102661,Italy,Europe,Telecom Italia,Unknown,EUR,investpy,,,,,,,,,,,,,,,,,,,,,,,,,,,,
YOSO,2025-03-21T10:53:37.149583,Spain,Europe,Obsido Socimi SA,Unknown,EUR,investpy,,,,,,,,,,,,,,,,,,,,,,,,,,,,
NESNEE,2025-03-21T10:53:37.149583,Switzerland,Europe,Nestle,Unknown,CHF,investpy,,,,,,,,,,,,,,,,,,,,,,,,,,,,
ALAVY,2025-03-21T10:53:37.180610,France,Europe,Audiovalley,Unknown,EUR,investpy,,,,,,,,,,,,,,,,,,,,,,,,,,,,
HUMAN,2025-03-21T10:53:37.180610,Sweden,Europe,Humana,Unknown,SEK,investpy,,,,,,,,,,,,,,,,,,,,,,,,,,,,
LMPL,2025-03-21T10:53:37.506312,United Kingdom,Europe,Londonmetric Property,Unknown,GBP,investpy,,,,,,,,,,,,,,,,,,,,,,,,,,,,
AACM,2025-03-21T10:53:37.600526,Sweden,Europe,AAC Microtec,Unknown,EUR,investpy,,,,,,,,,,,,,,,,,,,,,,,,,,,,
CONSTI,2025-03-21T10:53:37.944557,Finland,Europe,Consti Yhtiot Oy,Unknown,EUR,investpy,,,,,,,,,,,,,,,,,,,,,,,,,,,,
SOIT,2025-03-21T10:53:38.006809,France,Europe,Soitec,Unknown,EUR,investpy,,,,,,,,,,,,,,,,,,,,,,,,,,,,
SGFI,2025-03-21T10:53:37.976086,Italy,Europe,Sogefi,Unknown,EUR,investpy,,,,,,,,,,,,,,,,,,,,,,,,,,,,
ALMLB,2025-03-21T10:53:37.976086,France,Europe,Miliboo SA,Unknown,EUR,investpy,,,,,,,,,,,,,,,,,,,,,,,,,,,,
NETb,2025-03-21T10:53:37.960574,Sweden,Europe,NetEnt,Unknown,SEK,investpy,,,,,,,,,,,,,,,,,,,,,,,,,,,,
ICIr,2025-03-21T10:53:37.960574,Greece,Europe,Intercontinental Intl RE,Unknown,EUR,investpy,,,,,,,,,,,,,,,,,,,,,,,,,,,,
UN01,2025-03-21T10:53:38.590521,Germany,Europe,Uniper SE,Unknown,EUR,investpy,,,,,,,,,,,,,,,,,,,,,,,,,,,,
IMINT,2025-03-21T10:53:38.653452,Sweden,Europe,Imint Image Intelligence AB,Unknown,SEK,investpy,,,,,,,,,,,,,,,,,,,,,,,,,,,,
HOCN,2025-03-21T10:53:39.059839,Switzerland,Europe,Hochdorf Holding AG,Unknown,CHF,investpy,,,,,,,,,,,,,,,,,,,,,,,,,,,,
BOAr,2025-03-21T10:53:39.091387,Greece,Europe,Attica Bank,Unknown,EUR,investpy,,,,,,,,,,,,,,,,,,,,,,,,,,,,
SINCH,2025-03-21T10:53:39.121348,Sweden,Europe,CLX Coms,Unknown,SEK,investpy,,,,,,,,,,,,,,,,,,,,,,,,,,,,
ALHSW,2025-03-21T10:53:39.075900,France,Europe,Horizontal Software,Unknown,EUR,investpy,,,,,,,,,,,,,,,,,,,,,,,,,,,,
BION,2025-03-21T10:53:39.013495,Switzerland,Europe,BB Biotech,Unknown,CHF,investpy,,,,,,,,,,,,,,,,,,,,,,,,,,,,
AGOL,2025-03-21T10:53:39.106165,United Kingdom,Europe,Ashmore Global Opp,Unknown,GBP,investpy,,,,,,,,,,,,,,,,,,,,,,,,,,,,
JWNG,2025-03-21T10:53:39.600698,United Kingdom,Europe,Jaywing,Unknown,GBP,investpy,,,,,,,,,,,,,,,,,,,,,,,,,,,,
TTSLA,2025-03-21T10:53:39.600698,Italy,Europe,Tesla,Unknown,EUR,investpy,,,,,,,,,,,,,,,,,,,,,,,,,,,,
CGCBV,2025-03-21T10:53:40.045466,Finland,Europe,Cargotec Oyj,Unknown,EUR,investpy,,,,,,,,,,,,,,,,,,,,,,,,,,,,
STRINVS,2025-03-21T10:53:40.045466,Denmark,Europe,Aktieselskabet af 23.04,Unknown,DKK,investpy,,,,,,,,,,,,,,,,,,,,,,,,,,,,
2CRSI,2025-03-21T10:53:40.045466,France,Europe,2Crsi,Unknown,EUR,investpy,,,,,,,,,,,,,,,,,,,,,,,,,,,,
EDNn,2025-03-21T10:53:39.934012,Italy,Europe,Edison RSP,Unknown,EUR,investpy,,,,,,,,,,,,,,,,,,,,,,,,,,,,
AGFB,2025-03-21T10:53:39.981769,Belgium,Europe,Agfa Gevaert,Unknown,EUR,investpy,,,,,,,,,,,,,,,,,,,,,,,,,,,,
SVEG,2025-03-21T10:53:40.045466,Norway,Europe,Sparebanken Vest,Unknown,NOK,investpy,,,,,,,,,,,,,,,,,,,,,,,,,,,,
PRTP,2025-03-21T10:53:40.386834,France,Europe,Kering,Unknown,EUR,investpy,,,,,,,,,,,,,,,,,,,,,,,,,,,,
SIAF-ME,2025-03-21T10:53:40.402919,Norway,Europe,Sino Agro Food,Unknown,NOK,investpy,,,,,,,,,,,,,,,,,,,,,,,,,,,,
NRSNOK,2025-03-21T10:53:40.814249,Sweden,Europe,Norway Royal Salmon,Unknown,NOK,investpy,,,,,,,,,,,,,,,,,,,,,,,,,,,,
NRDF,2025-03-21T10:53:40.892827,Denmark,Europe,Nordfyns Bank,Unknown,DKK,investpy,,,,,,,,,,,,,,,,,,,,,,,,,,,,
BOUVET,2025-03-21T10:53:40.931828,Norway,Europe,Bouvet,Unknown,NOK,investpy,,,,,,,,,,,,,,,,,,,,,,,,,,,,
APME,2025-03-21T10:53:40.892827,Germany,Europe,AD Pepper Media,Unknown,EUR,investpy,,,,,,,,,,,,,,,,,,,,,,,,,,,,
VCC2,2025-03-21T10:53:40.845314,Germany,Europe,Vical,Unknown,EUR,investpy,,,,,,,,,,,,,,,,,,,,,,,,,,,,
AKOyb,2025-03-21T10:53:40.829249,Germany,Europe,Andina B,Unknown,EUR,investpy,,,,,,,,,,,,,,,,,,,,,,,,,,,,
EMASL,2025-03-21T10:53:41.335268,Norway,Europe,Emas Offshore Construction Pte,Unknown,NOK,investpy,,,,,,,,,,,,,,,,,,,,,,,,,,,,
SICT,2025-03-21T10:53:41.304249,Italy,Europe,Sicit Group,Unknown,EUR,investpy,,,,,,,,,,,,,,,,,,,,,,,,,,,,
QUARTpref,2025-03-21T10:53:41.787687,Sweden,Europe,Quartiers Properties,Unknown,SEK,investpy,,,,,,,,,,,,,,,,,,,,,,,,,,,,
CLSRb,2025-03-21T10:53:41.771851,Sweden,Europe,Clinical Laserthermia,Unknown,SEK,investpy,,,,,,,,,,,,,,,,,,,,,,,,,,,,
ABBO,2025-03-21T10:53:41.836043,Spain,Europe,Ab-Biotics S.A.,Unknown,EUR,investpy,,,,,,,,,,,,,,,,,,,,,,,,,,,,
LTEN,2025-03-21T10:53:41.850379,France,Europe,Alten,Unknown,EUR,investpy,,,,,,,,,,,,,,,,,,,,,,,,,,,,
EXCL,2025-03-21T10:44:03.911473,Belgium,Europe,EXCELLERANT INC,OEM,USD,"investpy, Yahoo Finance",Shell Companies,Financial Services,1130.0,,0.0,0.0,,,,,,-0.049999997,,,https://excellerant.vc,0.0,-43632.0,-13800.0,-43632.0,,2021-09-30,0.0,13935.0,,,0.0,19887.0,
GJFS,2025-03-21T10:53:41.850379,Norway,Europe,Gjensidige Forsikring,Unknown,NOK,investpy,,,,,,,,,,,,,,,,,,,,,,,,,,,,
PSMGn,2025-03-21T10:53:41.850379,Switzerland,Europe,Prosiebensat,Unknown,CHF,investpy,,,,,,,,,,,,,,,,,,,,,,,,,,,,
BE4A,2025-03-21T10:53:42.210619,Germany,Europe,Beazer Homes USA,Unknown,EUR,investpy,,,,,,,,,,,,,,,,,,,,,,,,,,,,
FMEGEUR,2025-03-21T10:53:42.242779,Switzerland,Europe,Fresenius ST,Unknown,EUR,investpy,,,,,,,,,,,,,,,,,,,,,,,,,,,,
COFA,2025-03-21T10:53:42.619077,France,Europe,Coface,Unknown,EUR,investpy,,,,,,,,,,,,,,,,,,,,,,,,,,,,
MANG_p,2025-03-21T10:53:42.556412,Germany,Europe,Man SE VZO,Unknown,EUR,investpy,,,,,,,,,,,,,,,,,,,,,,,,,,,,
BRKN,2025-03-21T10:53:42.649852,Switzerland,Europe,Burkhalter Holding AG,Unknown,CHF,investpy,,,,,,,,,,,,,,,,,,,,,,,,,,,,
DANI,2025-03-21T10:53:42.571653,Italy,Europe,Danieli & C,Unknown,EUR,investpy,,,,,,,,,,,,,,,,,,,,,,,,,,,,
ALDIE,2025-03-21T10:53:42.634608,France,Europe,Dietswell,Unknown,EUR,investpy,,,,,,,,,,,,,,,,,,,,,,,,,,,,
BPET,2025-03-21T10:53:42.571653,United Kingdom,Europe,BMO Private Equity,Unknown,GBP,investpy,,,,,,,,,,,,,,,,,,,,,,,,,,,,
LACP,2025-03-21T10:53:43.118964,France,Europe,Lacroix,Unknown,EUR,investpy,,,,,,,,,,,,,,,,,,,,,,,,,,,,
NAPAT,2025-03-21T10:53:43.103775,Norway,Europe,Napatech,Unknown,NOK,investpy,,,,,,,,,,,,,,,,,,,,,,,,,,,,
MORr,2025-03-21T10:53:43.461432,Greece,Europe,Motor Oil,Unknown,EUR,investpy,,,,,,,,,,,,,,,,,,,,,,,,,,,,
HAKG,2025-03-21T10:53:43.647246,Germany,Europe,Einbecker Brauhaus,Unknown,EUR,investpy,,,,,,,,,,,,,,,,,,,,,,,,,,,,
ALMEC,2025-03-21T10:53:43.554378,France,Europe,Mecelec,Unknown,EUR,investpy,,,,,,,,,,,,,,,,,,,,,,,,,,,,
GABI,2025-03-21T10:53:43.461432,Italy,Europe,Gabetti Property,Unknown,EUR,investpy,,,,,,,,,,,,,,,,,,,,,,,,,,,,
PV,2025-03-21T10:53:43.492666,Germany,Europe,Pfeiffer,Unknown,EUR,investpy,,,,,,,,,,,,,,,,,,,,,,,,,,,,
HLAN,2025-03-21T10:53:43.507685,Netherlands,Europe,Hal Trust,Unknown,EUR,investpy,,,,,,,,,,,,,,,,,,,,,,,,,,,,
SKJE,2025-03-21T10:53:44.166077,Denmark,Europe,Skjern Bank,Unknown,DKK,investpy,,,,,,,,,,,,,,,,,,,,,,,,,,,,
WUGG,2025-03-21T10:53:44.177354,Germany,Europe,Westag&Getalit ST,Unknown,EUR,investpy,,,,,,,,,,,,,,,,,,,,,,,,,,,,
CR8,2025-03-21T10:53:44.662100,Germany,Europe,Carbo Ceramics,Unknown,EUR,investpy,,,,,,,,,,,,,,,,,,,,,,,,,,,,
XXLNOK,2025-03-21T10:53:44.491630,Sweden,Europe,XXL ASA,Unknown,NOK,investpy,,,,,,,,,,,,,,,,,,,,,,,,,,,,
ITTr,2025-03-21T10:53:44.568512,Greece,Europe,Intertech,Unknown,EUR,investpy,,,,,,,,,,,,,,,,,,,,,,,,,,,,
SALIn,2025-03-21T10:53:44.598695,Italy,Europe,Impregilo RSP,Unknown,EUR,investpy,,,,,,,,,,,,,,,,,,,,,,,,,,,,
IMMNOV,2025-03-21T10:53:44.630089,Sweden,Europe,Immunovia publ AB,Unknown,SEK,investpy,,,,,,,,,,,,,,,,,,,,,,,,,,,,
EVTG,2025-03-21T10:53:44.598695,Germany,Europe,Evotec AG,Unknown,EUR,investpy,,,,,,,,,,,,,,,,,,,,,,,,,,,,
BONNOK,2025-03-21T10:53:45.023474,Sweden,Europe,Bonheur,Unknown,NOK,investpy,,,,,,,,,,,,,,,,,,,,,,,,,,,,
SPOG,2025-03-21T10:53:45.023474,Norway,Europe,Sparebanken Ost,Unknown,NOK,investpy,,,,,,,,,,,,,,,,,,,,,,,,,,,,
MMKV,2025-03-21T10:53:45.539654,Austria,Europe,Mayr-Melnhof Karton AG,Unknown,EUR,investpy,,,,,,,,,,,,,,,,,,,,,,,,,,,,
BLVN,2025-03-21T10:53:45.539654,United Kingdom,Europe,Bowleven,Unknown,GBP,investpy,,,,,,,,,,,,,,,,,,,,,,,,,,,,
ZUCIn,2025-03-21T10:53:45.539654,Italy,Europe,Zucchi RSP,Unknown,EUR,investpy,,,,,,,,,,,,,,,,,,,,,,,,,,,,
NENTb,2025-03-21T10:53:45.555657,Sweden,Europe,Nordic Entertainment B,Unknown,SEK,investpy,,,,,,,,,,,,,,,,,,,,,,,,,,,,
BYTr,2025-03-21T10:53:45.461242,Greece,Europe,Byte Computer SA,Unknown,EUR,investpy,,,,,,,,,,,,,,,,,,,,,,,,,,,,
ARDN,2025-03-21T10:53:45.539654,United Kingdom,Europe,Arden,Unknown,GBP,investpy,,,,,,,,,,,,,,,,,,,,,,,,,,,,
CRH,2025-03-21T10:44:12.882603,Ireland,Europe,CRH PLC,NYQ,USD,"investpy, Yahoo Finance",Building Materials,Basic Materials,66120249344.0,35571998720.0,0.098170005,0.13878,0.15835,0.06282,16.077429,19.440239,1.8587724,3.0591516,79105196032.0,79800.0,https://www.crh.com,35572000000.0,4849000000.0,3492000000.0,7124000000.0,12701000000.0,2024-12-31,50613000000.0,15307000000.0,,3720000000.0,14083000000.0,10296000000.0,1.367812742812743
SWTQ,2025-03-21T10:53:45.899913,Switzerland,Europe,Schweiter Tech,Unknown,CHF,investpy,,,,,,,,,,,,,,,,,,,,,,,,,,,,
HICL,2025-03-21T10:53:45.915933,United Kingdom,Europe,HICL Infrastructure,Unknown,GBP,investpy,,,,,,,,,,,,,,,,,,,,,,,,,,,,
C08,2025-03-21T10:53:46.356283,Germany,Europe,Caesars,Unknown,EUR,investpy,,,,,,,,,,,,,,,,,,,,,,,,,,,,
A60,2025-03-21T10:53:46.391798,Germany,Europe,Allergan,Unknown,EUR,investpy,,,,,,,,,,,,,,,,,,,,,,,,,,,,
HINV,2025-03-21T10:53:46.309066,Belgium,Europe,Home Invest,Unknown,EUR,investpy,,,,,,,,,,,,,,,,,,,,,,,,,,,,
IMMO,2025-03-21T10:53:46.309066,Belgium,Europe,Immobel,Unknown,EUR,investpy,,,,,,,,,,,,,,,,,,,,,,,,,,,,
WTAN,2025-03-21T10:53:46.309066,United Kingdom,Europe,Witan,Unknown,GBP,investpy,,,,,,,,,,,,,,,,,,,,,,,,,,,,
TCN,2025-03-21T10:53:46.391798,United Kingdom,Europe,Tricorn,Unknown,GBP,investpy,,,,,,,,,,,,,,,,,,,,,,,,,,,,
LUKN,2025-03-21T10:53:46.824615,Switzerland,Europe,Luzerner Kantonalbank AG,Unknown,CHF,investpy,,,,,,,,,,,,,,,,,,,,,,,,,,,,
FREG,2025-03-21T10:53:46.715672,Switzerland,Europe,Fresenius SE,Unknown,CHF,investpy,,,,,,,,,,,,,,,,,,,,,,,,,,,,
NEX,2025-03-21T10:53:47.196846,United Kingdom,Europe,National Express,Unknown,GBP,investpy,,,,,,,,,,,,,,,,,,,,,,,,,,,,
C52,2025-03-21T10:53:47.322189,Germany,Europe,Colfax,Unknown,EUR,investpy,,,,,,,,,,,,,,,,,,,,,,,,,,,,
IBST,2025-03-21T10:53:47.269159,United Kingdom,Europe,Ibstock PLC,Unknown,GBP,investpy,,,,,,,,,,,,,,,,,,,,,,,,,,,,
INEA,2025-03-21T10:53:47.181828,France,Europe,Fonciere Inea,Unknown,EUR,investpy,,,,,,,,,,,,,,,,,,,,,,,,,,,,
DPAP,2025-03-21T10:53:47.259159,France,Europe,Docks des Petroles dAmbes,Unknown,EUR,investpy,,,,,,,,,,,,,,,,,,,,,,,,,,,,
TOBII,2025-03-21T10:53:47.196846,Sweden,Europe,Tobii AB,Unknown,SEK,investpy,,,,,,,,,,,,,,,,,,,,,,,,,,,,
OKEA,2025-03-21T10:53:47.666925,Norway,Europe,Okea,Unknown,NOK,investpy,,,,,,,,,,,,,,,,,,,,,,,,,,,,
GILDUSD,2025-03-21T10:53:47.697971,Switzerland,Europe,Gilead,Unknown,USD,investpy,,,,,,,,,,,,,,,,,,,,,,,,,,,,
AUTON,2025-03-21T10:53:48.169047,Switzerland,Europe,Autoneum Holding AG,Unknown,CHF,investpy,,,,,,,,,,,,,,,,,,,,,,,,,,,,
TATE,2025-03-21T10:53:48.184580,United Kingdom,Europe,Tate&Lyle,Unknown,GBP,investpy,,,,,,,,,,,,,,,,,,,,,,,,,,,,
EMOTR,2025-03-21T10:53:48.247934,Sweden,Europe,Emotra AB,Unknown,SEK,investpy,,,,,,,,,,,,,,,,,,,,,,,,,,,,
BICy,2025-03-21T10:53:48.137056,Germany,Europe,BanColombia,Unknown,EUR,investpy,,,,,,,,,,,,,,,,,,,,,,,,,,,,
PIRC,2025-03-21T10:53:48.235922,Italy,Europe,Pirelli & C,Unknown,EUR,investpy,,,,,,,,,,,,,,,,,,,,,,,,,,,,
NNIT,2025-03-21T10:53:48.247934,Denmark,Europe,Nnit AS,Unknown,DKK,investpy,,,,,,,,,,,,,,,,,,,,,,,,,,,,
YNUM,2025-03-21T10:53:48.641067,Spain,Europe,Numulae Gestion de Servicios,Unknown,EUR,investpy,,,,,,,,,,,,,,,,,,,,,,,,,,,,
TIGT,2025-03-21T10:53:48.562272,United Kingdom,Europe,Troy,Unknown,GBP,investpy,,,,,,,,,,,,,,,,,,,,,,,,,,,,
DEFLb,2025-03-21T10:53:49.016030,Sweden,Europe,Deflamo AB,Unknown,SEK,investpy,,,,,,,,,,,,,,,,,,,,,,,,,,,,
KURN,2025-03-21T10:53:49.016030,Switzerland,Europe,Kuros Biosciences,Unknown,CHF,investpy,,,,,,,,,,,,,,,,,,,,,,,,,,,,
ALPLA,2025-03-21T10:53:49.046958,France,Europe,Planet.FR SA,Unknown,EUR,investpy,,,,,,,,,,,,,,,,,,,,,,,,,,,,
MFTC,2025-03-21T10:53:49.046958,Italy,Europe,Matica Fintec,Unknown,EUR,investpy,,,,,,,,,,,,,,,,,,,,,,,,,,,,
ELGr,2025-03-21T10:53:49.141865,Greece,Europe,Elgeka,Unknown,EUR,investpy,,,,,,,,,,,,,,,,,,,,,,,,,,,,
S92G,2025-03-21T10:53:49.000028,Austria,Europe,SMA Solar AG,Unknown,EUR,investpy,,,,,,,,,,,,,,,,,,,,,,,,,,,,
VIPRO,2025-03-21T10:53:49.657213,Denmark,Europe,Victoria Properties,Unknown,DKK,investpy,,,,,,,,,,,,,,,,,,,,,,,,,,,,
DOFNOK,2025-03-21T10:53:49.672248,Sweden,Europe,Dof,Unknown,NOK,investpy,,,,,,,,,,,,,,,,,,,,,,,,,,,,
ASSI,2025-03-21T10:53:50.062939,Italy,Europe,Assiteca SpA Internazionale,Unknown,EUR,investpy,,,,,,,,,,,,,,,,,,,,,,,,,,,,
ALADO,2025-03-21T10:53:50.094041,France,Europe,Adomos,Unknown,EUR,investpy,,,,,,,,,,,,,,,,,,,,,,,,,,,,
A3B,2025-03-21T10:53:50.094041,Germany,Europe,Acco Brands,Unknown,EUR,investpy,,,,,,,,,,,,,,,,,,,,,,,,,,,,
RTCG,2025-03-21T10:53:50.110063,Germany,Europe,Realtech AG,Unknown,EUR,investpy,,,,,,,,,,,,,,,,,,,,,,,,,,,,
PATGn,2025-03-21T10:53:50.030915,Germany,Europe,Patrizia Immobilien,Unknown,EUR,investpy,,,,,,,,,,,,,,,,,,,,,,,,,,,,
BWONOK,2025-03-21T10:53:50.094041,Sweden,Europe,BW Offshore,Unknown,NOK,investpy,,,,,,,,,,,,,,,,,,,,,,,,,,,,
EUAV,2025-03-21T10:53:50.580138,Belgium,Europe,Euronav,Unknown,EUR,investpy,,,,,,,,,,,,,,,,,,,,,,,,,,,,
IFXGn,2025-03-21T10:53:50.564057,Germany,Europe,Infineon,Unknown,EUR,investpy,,,,,,,,,,,,,,,,,,,,,,,,,,,,
0RIH,2025-03-21T10:53:50.973384,United Kingdom,Europe,Alphabet A,Unknown,USD,investpy,,,,,,,,,,,,,,,,,,,,,,,,,,,,
MLALV,2025-03-21T10:53:50.973315,France,Europe,Alveen,Unknown,EUR,investpy,,,,,,,,,,,,,,,,,,,,,,,,,,,,
UBSG,2025-03-21T10:53:51.036052,Switzerland,Europe,UBS Group,Unknown,CHF,investpy,,,,,,,,,,,,,,,,,,,,,,,,,,,,
GAMH,2025-03-21T10:53:51.098019,Switzerland,Europe,GAM Holding,Unknown,CHF,investpy,,,,,,,,,,,,,,,,,,,,,,,,,,,,
SKMO,2025-03-21T10:53:51.109555,Sweden,Europe,Skane mollan AB,Unknown,SEK,investpy,,,,,,,,,,,,,,,,,,,,,,,,,,,,
OXIG,2025-03-21T10:53:51.051383,United Kingdom,Europe,Oxford Instruments,Unknown,GBP,investpy,,,,,,,,,,,,,,,,,,,,,,,,,,,,
MIHO,2025-03-21T10:53:51.441753,Sweden,Europe,Miris Holding,Unknown,SEK,investpy,,,,,,,,,,,,,,,,,,,,,,,,,,,,
SHBb,2025-03-21T10:53:51.456932,Sweden,Europe,Svenska Handelsbanken B,Unknown,SEK,investpy,,,,,,,,,,,,,,,,,,,,,,,,,,,,
AYIMAb,2025-03-21T10:53:51.908031,Sweden,Europe,Ayima,Unknown,SEK,investpy,,,,,,,,,,,,,,,,,,,,,,,,,,,,
TUIGn,2025-03-21T10:53:51.970941,Germany,Europe,Tui,Unknown,EUR,investpy,,,,,,,,,,,,,,,,,,,,,,,,,,,,
NOBINA,2025-03-21T10:53:52.001650,Sweden,Europe,Nobina publ AB,Unknown,SEK,investpy,,,,,,,,,,,,,,,,,,,,,,,,,,,,
TITC,2025-03-21T10:53:51.986448,Belgium,Europe,Titan Cement,Unknown,EUR,investpy,,,,,,,,,,,,,,,,,,,,,,,,,,,,
HEAD,2025-03-21T10:53:52.001650,United Kingdom,Europe,Headlam,Unknown,GBP,investpy,,,,,,,,,,,,,,,,,,,,,,,,,,,,
AZN,2025-03-21T10:44:28.996004,United Kingdom,Europe,Astrazeneca PLC,NMS,USD,"investpy, Yahoo Finance",Drug Manufacturers - General,Healthcare,237457620992.0,54072999936.0,0.1301,0.22718,0.17593999,0.078779995,13.938069,34.00889,4.3914266,2.909063,143667806208.0,94300.0,https://www.astrazeneca.com,54073000000.0,10003000000.0,7035000000.0,17121000000.0,43866000000.0,2024-12-31,104035000000.0,30114000000.0,,5488000000.0,25827000000.0,27866000000.0,0.9268283930237565
MBQGn,2025-03-21T10:53:51.939388,Germany,Europe,Mobotix AG,Unknown,EUR,investpy,,,,,,,,,,,,,,,,,,,,,,,,,,,,
PMAG,2025-03-21T10:53:52.372701,Austria,Europe,PIERER Mobility AG,Unknown,EUR,investpy,,,,,,,,,,,,,,,,,,,,,,,,,,,,
O2Dn,2025-03-21T10:53:52.388279,Austria,Europe,Telefonica Deutschland AG,Unknown,EUR,investpy,,,,,,,,,,,,,,,,,,,,,,,,,,,,
ALNOV,2025-03-21T10:53:53.062728,France,Europe,Novacyt,Unknown,EUR,investpy,,,,,,,,,,,,,,,,,,,,,,,,,,,,
1COV,2025-03-21T10:53:53.077949,Austria,Europe,Covestro,Unknown,EUR,investpy,,,,,,,,,,,,,,,,,,,,,,,,,,,,
AERWb,2025-03-21T10:53:53.124093,Sweden,Europe,Aerowash,Unknown,SEK,investpy,,,,,,,,,,,,,,,,,,,,,,,,,,,,
KRNG,2025-03-21T10:53:53.139253,Germany,Europe,Krones AG,Unknown,EUR,investpy,,,,,,,,,,,,,,,,,,,,,,,,,,,,
NEXII,2025-03-21T10:53:53.093650,Italy,Europe,Nexi,Unknown,EUR,investpy,,,,,,,,,,,,,,,,,,,,,,,,,,,,
ADSGnEUR,2025-03-21T10:53:53.169586,Switzerland,Europe,Adidas,Unknown,EUR,investpy,,,,,,,,,,,,,,,,,,,,,,,,,,,,
NEWN,2025-03-21T10:53:53.844910,Switzerland,Europe,New Value AG,Unknown,CHF,investpy,,,,,,,,,,,,,,,,,,,,,,,,,,,,
DEQGn,2025-03-21T10:53:53.844910,Austria,Europe,Deutsche Euroshop AG,Unknown,EUR,investpy,,,,,,,,,,,,,,,,,,,,,,,,,,,,
BIONn,2025-03-21T10:53:54.280956,Germany,Europe,BB Biotech,Unknown,EUR,investpy,,,,,,,,,,,,,,,,,,,,,,,,,,,,
ETGG,2025-03-21T10:53:54.328663,Germany,Europe,Envitec,Unknown,EUR,investpy,,,,,,,,,,,,,,,,,,,,,,,,,,,,
TELIA,2025-03-21T10:53:54.280956,Sweden,Europe,Telia Company,Unknown,SEK,investpy,,,,,,,,,,,,,,,,,,,,,,,,,,,,
AAGG,2025-03-21T10:53:54.359684,Germany,Europe,Aumann,Unknown,EUR,investpy,,,,,,,,,,,,,,,,,,,,,,,,,,,,
EDDS,2025-03-21T10:53:54.280956,France,Europe,Editions du Signe,Unknown,EUR,investpy,,,,,,,,,,,,,,,,,,,,,,,,,,,,
MULTINOK,2025-03-21T10:53:54.265949,Sweden,Europe,Multiconsult AS SE,Unknown,NOK,investpy,,,,,,,,,,,,,,,,,,,,,,,,,,,,
GENOb,2025-03-21T10:53:54.359684,Sweden,Europe,Genovis AB,Unknown,SEK,investpy,,,,,,,,,,,,,,,,,,,,,,,,,,,,
SPOE,2025-03-21T10:53:54.767228,France,Europe,Fonciere Volta,Unknown,EUR,investpy,,,,,,,,,,,,,,,,,,,,,,,,,,,,
JPS,2025-03-21T10:53:55.285190,United Kingdom,Europe,JPMorgan Japan Smaller,Unknown,GBP,investpy,,,,,,,,,,,,,,,,,,,,,,,,,,,,
G1AG,2025-03-21T10:53:55.285190,Austria,Europe,GEA Group AG,Unknown,EUR,investpy,,,,,,,,,,,,,,,,,,,,,,,,,,,,
MOED,2025-03-21T10:53:55.379548,Italy,Europe,Mondadori Editore,Unknown,EUR,investpy,,,,,,,,,,,,,,,,,,,,,,,,,,,,
PLCS,2025-03-21T10:53:55.347489,Norway,Europe,Polarcus,Unknown,NOK,investpy,,,,,,,,,,,,,,,,,,,,,,,,,,,,
ROMR,2025-03-21T10:53:55.300400,Norway,Europe,RomReal,Unknown,NOK,investpy,,,,,,,,,,,,,,,,,,,,,,,,,,,,
GABAT,2025-03-21T10:53:55.316431,Sweden,Europe,Gabather,Unknown,SEK,investpy,,,,,,,,,,,,,,,,,,,,,,,,,,,,
SOFb,2025-03-21T10:53:55.347489,Sweden,Europe,Softronic B,Unknown,SEK,investpy,,,,,,,,,,,,,,,,,,,,,,,,,,,,
TKWY,2025-03-21T10:53:55.847932,Netherlands,Europe,Takeaway Com,Unknown,EUR,investpy,,,,,,,,,,,,,,,,,,,,,,,,,,,,
ARSA,2025-03-21T10:53:56.240930,United Kingdom,Europe,Asiamet Resources,Unknown,GBP,investpy,,,,,,,,,,,,,,,,,,,,,,,,,,,,
WSUG,2025-03-21T10:53:56.271967,Germany,Europe,WashTec AG,Unknown,EUR,investpy,,,,,,,,,,,,,,,,,,,,,,,,,,,,
NUSTAY,2025-03-21T10:53:56.303378,Sweden,Europe,Nustay,Unknown,SEK,investpy,,,,,,,,,,,,,,,,,,,,,,,,,,,,
ALGEN,2025-03-21T10:53:56.240930,France,Europe,Genoway,Unknown,EUR,investpy,,,,,,,,,,,,,,,,,,,,,,,,,,,,
ALNEV,2025-03-21T10:53:56.350525,France,Europe,Neovacs,Unknown,EUR,investpy,,,,,,,,,,,,,,,,,,,,,,,,,,,,
EVKn,2025-03-21T10:53:56.240930,Germany,Europe,Evonik,Unknown,EUR,investpy,,,,,,,,,,,,,,,,,,,,,,,,,,,,
SNH,2025-03-21T10:53:56.271967,Germany,Europe,Senior Housing Properties,Unknown,EUR,investpy,,,,,,,,,,,,,,,,,,,,,,,,,,,,
MASM,2025-03-21T10:53:56.773262,Spain,Europe,Masmovil Ibercom,Unknown,EUR,investpy,,,,,,,,,,,,,,,,,,,,,,,,,,,,
REALFI,2025-03-21T10:53:57.166590,Sweden,Europe,Realfiction,Unknown,SEK,investpy,,,,,,,,,,,,,,,,,,,,,,,,,,,,
SNMP,2025-03-21T10:53:57.228907,Sweden,Europe,ShaMaran Petroleum,Unknown,SEK,investpy,,,,,,,,,,,,,,,,,,,,,,,,,,,,
KAHOOT-ME,2025-03-21T10:53:57.228907,Norway,Europe,Kahoot,Unknown,NOK,investpy,,,,,,,,,,,,,,,,,,,,,,,,,,,,
QCOMUSD,2025-03-21T10:53:57.197427,Switzerland,Europe,Qualcomm,Unknown,USD,investpy,,,,,,,,,,,,,,,,,,,,,,,,,,,,
COHE,2025-03-21T10:53:57.213432,France,Europe,Coheris,Unknown,EUR,investpy,,,,,,,,,,,,,,,,,,,,,,,,,,,,
AITN,2025-03-21T10:53:57.213432,Germany,Europe,Applied Industrial Technologies,Unknown,EUR,investpy,,,,,,,,,,,,,,,,,,,,,,,,,,,,
UMIDAb,2025-03-21T10:53:57.150549,Sweden,Europe,Umida B,Unknown,SEK,investpy,,,,,,,,,,,,,,,,,,,,,,,,,,,,
GELE,2025-03-21T10:53:57.899287,Italy,Europe,Gel,Unknown,EUR,investpy,,,,,,,,,,,,,,,,,,,,,,,,,,,,
NESN,2025-03-21T10:53:58.308895,Switzerland,Europe,Nestle,Unknown,CHF,investpy,,,,,,,,,,,,,,,,,,,,,,,,,,,,
XXLA,2025-03-21T10:53:58.293421,Norway,Europe,XXL ASA,Unknown,NOK,investpy,,,,,,,,,,,,,,,,,,,,,,,,,,,,
VRLA,2025-03-21T10:53:58.370990,France,Europe,Verallia Deutschland,Unknown,EUR,investpy,,,,,,,,,,,,,,,,,,,,,,,,,,,,
PUMU,2025-03-21T10:53:58.370990,Finland,Europe,PunaMusta Media,Unknown,EUR,investpy,,,,,,,,,,,,,,,,,,,,,,,,,,,,
SCOUT,2025-03-21T10:53:58.355922,Sweden,Europe,Scout Gaming,Unknown,SEK,investpy,,,,,,,,,,,,,,,,,,,,,,,,,,,,
BOUY,2025-03-21T10:53:58.293421,France,Europe,Bouygues,Unknown,EUR,investpy,,,,,,,,,,,,,,,,,,,,,,,,,,,,
ITWB,2025-03-21T10:53:58.370990,Italy,Europe,Italian Wine Brands SpA,Unknown,EUR,investpy,,,,,,,,,,,,,,,,,,,,,,,,,,,,
LPKG,2025-03-21T10:53:58.808385,Germany,Europe,LPKF,Unknown,EUR,investpy,,,,,,,,,,,,,,,,,,,,,,,,,,,,
VNAn,2025-03-21T10:53:59.276714,Italy,Europe,Vonovia,Unknown,EUR,investpy,,,,,,,,,,,,,,,,,,,,,,,,,,,,
TRMDa,2025-03-21T10:53:59.308744,Denmark,Europe,Torm A,Unknown,DKK,investpy,,,,,,,,,,,,,,,,,,,,,,,,,,,,
PHAL,2025-03-21T10:53:59.230261,Sweden,Europe,PharmaLundensis,Unknown,SEK,investpy,,,,,,,,,,,,,,,,,,,,,,,,,,,,
BALCO,2025-03-21T10:53:59.292745,Sweden,Europe,Balco Group,Unknown,SEK,investpy,,,,,,,,,,,,,,,,,,,,,,,,,,,,
NTAS,2025-03-21T10:53:59.292745,United Kingdom,Europe,NASCIT,Unknown,GBP,investpy,,,,,,,,,,,,,,,,,,,,,,,,,,,,
HEIG,2025-03-21T10:53:59.308744,Switzerland,Europe,Heidelbergcement,Unknown,CHF,investpy,,,,,,,,,,,,,,,,,,,,,,,,,,,,
FIIU,2025-03-21T10:53:59.230261,Germany,Europe,Federated Investors B,Unknown,EUR,investpy,,,,,,,,,,,,,,,,,,,,,,,,,,,,
EONGn,2025-03-21T10:53:59.901862,Germany,Europe,E.ON SE,Unknown,EUR,investpy,,,,,,,,,,,,,,,,,,,,,,,,,,,,
KOJAMO,2025-03-21T10:54:00.354406,Finland,Europe,Kojamo,Unknown,EUR,investpy,,,,,,,,,,,,,,,,,,,,,,,,,,,,
MLDYH,2025-03-21T10:54:00.309146,France,Europe,Design Your Home Holding AB,Unknown,EUR,investpy,,,,,,,,,,,,,,,,,,,,,,,,,,,,
SYS1,2025-03-21T10:54:00.324407,United Kingdom,Europe,System1 Group,Unknown,GBP,investpy,,,,,,,,,,,,,,,,,,,,,,,,,,,,
SIGF,2025-03-21T10:54:00.387189,France,Europe,CS Communication,Unknown,EUR,investpy,,,,,,,,,,,,,,,,,,,,,,,,,,,,
TRBG,2025-03-21T10:54:00.387189,United Kingdom,Europe,Tribal,Unknown,GBP,investpy,,,,,,,,,,,,,,,,,,,,,,,,,,,,
OBDUb,2025-03-21T10:54:00.324407,Sweden,Europe,Obducat AB,Unknown,SEK,investpy,,,,,,,,,,,,,,,,,,,,,,,,,,,,
ONTEX,2025-03-21T10:54:00.324407,Belgium,Europe,Ontex Group,Unknown,EUR,investpy,,,,,,,,,,,,,,,,,,,,,,,,,,,,
BRGDNOK,2025-03-21T10:54:00.747498,Sweden,Europe,Borregaard,Unknown,NOK,investpy,,,,,,,,,,,,,,,,,,,,,,,,,,,,
RHMG,2025-03-21T10:54:01.218323,Switzerland,Europe,Rheinmetall AG,Unknown,CHF,investpy,,,,,,,,,,,,,,,,,,,,,,,,,,,,
ARC,2025-03-21T10:54:01.248596,United Kingdom,Europe,Arcontech,Unknown,GBP,investpy,,,,,,,,,,,,,,,,,,,,,,,,,,,,
BDRILL,2025-03-21T10:54:01.186987,Norway,Europe,Borr Drilling,Unknown,NOK,investpy,,,,,,,,,,,,,,,,,,,,,,,,,,,,
ICTA,2025-03-21T10:54:01.294896,Netherlands,Europe,ICT Group,Unknown,EUR,investpy,,,,,,,,,,,,,,,,,,,,,,,,,,,,
CEC1_p,2025-03-21T10:54:01.264663,Germany,Europe,Metro,Unknown,EUR,investpy,,,,,,,,,,,,,,,,,,,,,,,,,,,,
FASTAT,2025-03-21T10:54:01.218323,Sweden,Europe,Fastator,Unknown,SEK,investpy,,,,,,,,,,,,,,,,,,,,,,,,,,,,
ALU10,2025-03-21T10:54:01.264663,France,Europe,U10,Unknown,EUR,investpy,,,,,,,,,,,,,,,,,,,,,,,,,,,,
RIM,2025-03-21T10:54:01.735181,Germany,Europe,BlackBerry,YHD,EUR,"investpy, Yahoo Finance",Unknown,Unknown,,,,,,,,,,,,,,,,,,,,,,,,,,
MERL,2025-03-21T10:54:02.141972,United Kingdom,Europe,Merlin Entertainments PLC,Unknown,GBP,investpy,,,,,,,,,,,,,,,,,,,,,,,,,,,,
RQIH,2025-03-21T10:54:02.220865,United Kingdom,Europe,Randall&Quilter,Unknown,GBP,investpy,,,,,,,,,,,,,,,,,,,,,,,,,,,,
VPBN,2025-03-21T10:54:02.266524,Switzerland,Europe,VP Bank AG,Unknown,CHF,investpy,,,,,,,,,,,,,,,,,,,,,,,,,,,,
DFTKn,2025-03-21T10:54:02.220865,Germany,Europe,DF Deutsche Forfait AG,Unknown,EUR,investpy,,,,,,,,,,,,,,,,,,,,,,,,,,,,
MLGES,2025-03-21T10:54:02.220865,France,Europe,Green Energy 4 Seasons,Unknown,EUR,investpy,,,,,,,,,,,,,,,,,,,,,,,,,,,,
NICKE,2025-03-21T10:54:02.189484,Sweden,Europe,Nickel Mountain,Unknown,EUR,investpy,,,,,,,,,,,,,,,,,,,,,,,,,,,,
C21,2025-03-21T10:54:02.205485,United Kingdom,Europe,21St Century,Unknown,GBP,investpy,,,,,,,,,,,,,,,,,,,,,,,,,,,,
2U3,2025-03-21T10:54:02.567910,Germany,Europe,Alcon,Unknown,EUR,investpy,,,,,,,,,,,,,,,,,,,,,,,,,,,,
MLCIO,2025-03-21T10:54:03.259764,France,Europe,Cioa,Unknown,EUR,investpy,,,,,,,,,,,,,,,,,,,,,,,,,,,,
VILr,2025-03-21T10:54:03.717241,Greece,Europe,Unibios,Unknown,EUR,investpy,,,,,,,,,,,,,,,,,,,,,,,,,,,,
GRBT,2025-03-21T10:54:03.765243,France,Europe,Guerbet,Unknown,EUR,investpy,,,,,,,,,,,,,,,,,,,,,,,,,,,,
NASNOK,2025-03-21T10:54:03.701179,Sweden,Europe,Norwegian Air Shuttle,Unknown,NOK,investpy,,,,,,,,,,,,,,,,,,,,,,,,,,,,
BORDb,2025-03-21T10:54:03.653666,Denmark,Europe,F.E. Bording B,Unknown,DKK,investpy,,,,,,,,,,,,,,,,,,,,,,,,,,,,
G1V,2025-03-21T10:54:03.701179,Germany,Europe,MC Mining,Unknown,EUR,investpy,,,,,,,,,,,,,,,,,,,,,,,,,,,,
INHG,2025-03-21T10:54:03.637608,Austria,Europe,Indus AG,Unknown,EUR,investpy,,,,,,,,,,,,,,,,,,,,,,,,,,,,
ULVR,2025-03-21T10:54:03.701179,United Kingdom,Europe,Unilever,Unknown,GBP,investpy,,,,,,,,,,,,,,,,,,,,,,,,,,,,
RPS,2025-03-21T10:54:04.189194,United Kingdom,Europe,Purpose Canadian Preferred Share ETF,NMS,GBP,"investpy, Yahoo Finance",Unknown,Unknown,,,,,,,,,,,,,,,,,,,,,,,,,,
TERR,2025-03-21T10:54:04.530997,France,Europe,Terreis,Unknown,EUR,investpy,,,,,,,,,,,,,,,,,,,,,,,,,,,,
LAMMb,2025-03-21T10:54:04.702280,Sweden,Europe,Lammhults Design B,Unknown,SEK,investpy,,,,,,,,,,,,,,,,,,,,,,,,,,,,
BC8G,2025-03-21T10:54:04.593431,Germany,Europe,Bechtle AG,Unknown,EUR,investpy,,,,,,,,,,,,,,,,,,,,,,,,,,,,
TEONE,2025-03-21T10:54:04.624475,Sweden,Europe,TargetEveryOne,Unknown,SEK,investpy,,,,,,,,,,,,,,,,,,,,,,,,,,,,
HANB,2025-03-21T10:54:04.624475,Germany,Europe,Hanesbrands,Unknown,EUR,investpy,,,,,,,,,,,,,,,,,,,,,,,,,,,,
ALMDG,2025-03-21T10:54:04.763212,France,Europe,MGI Digital,Unknown,EUR,investpy,,,,,,,,,,,,,,,,,,,,,,,,,,,,
TAGMb,2025-03-21T10:54:04.921417,Sweden,Europe,TagMaster AB,Unknown,SEK,investpy,,,,,,,,,,,,,,,,,,,,,,,,,,,,
BGSC,2025-03-21T10:54:04.640475,United Kingdom,Europe,Bmo Global Smaller,NCM,GBP,"investpy, Yahoo Finance",Unknown,Unknown,,,,,,,,,,,,,,,,,,,,,,,,,,
TRV,2025-03-21T10:54:05.296914,Austria,Europe,"The Travelers Companies, Inc.",NYQ,USD,"investpy, Yahoo Finance",Insurance - Property & Casualty,Financial Services,58844729344.0,46422999040.0,0.10767999,0.22418,0.18941,0.0317,12.213648,12.09413,1.267577,2.1106648,61687615488.0,34000.0,https://www.travelers.com,46428000000.0,,4999000000.0,,,2024-12-31,133189000000.0,8033000000.0,,699000000.0,,,
AVV,2025-03-21T10:54:05.718203,United Kingdom,Europe,Aveva,Unknown,GBP,investpy,,,,,,,,,,,,,,,,,,,,,,,,,,,,
RATOa,2025-03-21T10:54:05.733257,Sweden,Europe,Ratos A,Unknown,SEK,investpy,,,,,,,,,,,,,,,,,,,,,,,,,,,,
NBLS,2025-03-21T10:54:05.749257,United Kingdom,Europe,NB Global Floating Rate,Unknown,GBP,investpy,,,,,,,,,,,,,,,,,,,,,,,,,,,,
BIOTEC,2025-03-21T10:54:05.765253,Norway,Europe,Biotec Pharmacon,Unknown,NOK,investpy,,,,,,,,,,,,,,,,,,,,,,,,,,,,
6762,2025-03-21T10:54:06.003050,Germany,Europe,TDK,Unknown,EUR,investpy,,,,,,,,,,,,,,,,,,,,,,,,,,,,
FOODr,2025-03-21T10:54:06.160816,Greece,Europe,Foodlink SA,Unknown,EUR,investpy,,,,,,,,,,,,,,,,,,,,,,,,,,,,
ESUN,2025-03-21T10:54:06.563313,Switzerland,Europe,Edisun Power Europe AG,Unknown,CHF,investpy,,,,,,,,,,,,,,,,,,,,,,,,,,,,
PSRA,2025-03-21T10:54:06.490218,Germany,Europe,CoreCivic,Unknown,EUR,investpy,,,,,,,,,,,,,,,,,,,,,,,,,,,,
INSPL,2025-03-21T10:54:06.444437,Sweden,Europe,Insplorion,Unknown,SEK,investpy,,,,,,,,,,,,,,,,,,,,,,,,,,,,
EMG,2025-03-21T10:54:05.749257,United Kingdom,Europe,"Emergent Capital, Inc.",YHD,USD,"investpy, Yahoo Finance",Unknown,Unknown,8481660.0,,,,,,-0.5,,,0.0427777,,,,,,,,,,,,,,,,
BON,2025-03-21T10:54:05.733257,Norway,Europe,Bon Natural Life Limited,NCM,USD,"investpy, Yahoo Finance",Specialty Chemicals,Basic Materials,1084345.0,23844556.0,0.0167,0.07857,0.00908,0.02162,0.44827586,1.5294117,0.04547558,0.02351239,8991821.0,97.0,https://www.bnlus.com,23844556.0,1936984.0,398172.0,2296726.0,7110009.0,2024-09-30,61765432.0,7300223.0,,80466.0,39793857.0,16445832.0,2.419692539726783
CIAZ,2025-03-21T10:54:06.975776,Italy,Europe,CIA,Unknown,EUR,investpy,,,,,,,,,,,,,,,,,,,,,,,,,,,,
FRAG,2025-03-21T10:54:06.913917,Austria,Europe,Fraport AG,Unknown,EUR,investpy,,,,,,,,,,,,,,,,,,,,,,,,,,,,
EASYb,2025-03-21T10:54:06.945319,Sweden,Europe,EasyFill,Unknown,SEK,investpy,,,,,,,,,,,,,,,,,,,,,,,,,,,,
AEL,2025-03-21T10:54:07.352498,Germany,Europe,American Equity Inv. Life,Unknown,EUR,investpy,,,,,,,,,,,,,,,,,,,,,,,,,,,,
BAIN,2025-03-21T10:54:07.400020,France,Europe,Bains Mer Monaco,Unknown,EUR,investpy,,,,,,,,,,,,,,,,,,,,,,,,,,,,
FEVG,2025-03-21T10:54:07.416020,Germany,Europe,Fortec,Unknown,EUR,investpy,,,,,,,,,,,,,,,,,,,,,,,,,,,,
SEZI,2025-03-21T10:54:07.352498,Sweden,Europe,Senzime,Unknown,SEK,investpy,,,,,,,,,,,,,,,,,,,,,,,,,,,,
PSMGn,2025-03-21T10:54:07.777325,Italy,Europe,Prosiebensat,Unknown,EUR,investpy,,,,,,,,,,,,,,,,,,,,,,,,,,,,
SUNU,2025-03-21T10:54:07.508532,United Kingdom,Europe,Surgical Innovations,Unknown,GBP,investpy,,,,,,,,,,,,,,,,,,,,,,,,,,,,
EDHN,2025-03-21T10:54:07.807378,Switzerland,Europe,Energiedienst Holding AG,Unknown,CHF,investpy,,,,,,,,,,,,,,,,,,,,,,,,,,,,
CLAB,2025-03-21T10:54:08.512841,Italy,Europe,Clabo SPA,Unknown,EUR,investpy,,,,,,,,,,,,,,,,,,,,,,,,,,,,
GETIb,2025-03-21T10:54:08.496810,Sweden,Europe,Getinge B,Unknown,SEK,investpy,,,,,,,,,,,,,,,,,,,,,,,,,,,,
BIOBV,2025-03-21T10:54:08.433357,Finland,Europe,Biohit Oyj B,Unknown,EUR,investpy,,,,,,,,,,,,,,,,,,,,,,,,,,,,
KRTr,2025-03-21T10:54:08.873192,Greece,Europe,Karatzi,Unknown,EUR,investpy,,,,,,,,,,,,,,,,,,,,,,,,,,,,
MLFIR,2025-03-21T10:54:08.841194,France,Europe,Firstcaution,Unknown,EUR,investpy,,,,,,,,,,,,,,,,,,,,,,,,,,,,
SBOO,2025-03-21T10:54:09.339028,Norway,Europe,Selvaag Bolig,Unknown,NOK,investpy,,,,,,,,,,,,,,,,,,,,,,,,,,,,
SCAM,2025-03-21T10:54:09.400972,United Kingdom,Europe,Scottish American,Unknown,GBP,investpy,,,,,,,,,,,,,,,,,,,,,,,,,,,,
NZX,2025-03-21T10:54:08.496810,United Kingdom,Europe,3237,YHD,GBP,"investpy, Yahoo Finance",Unknown,Unknown,,,,,,,,,,,,,,,,,,,,,,,,,,
SCHK,2025-03-21T10:54:07.853207,Belgium,Europe,Schwab 1000 Index ETF,PCX,USD,"investpy, Yahoo Finance",Unknown,Unknown,,,,,,,,24.524181,,,,,,,,,,,,,,,,,,
ECPG,2025-03-21T10:54:08.857191,Germany,Europe,Encore Capital Group Inc,NMS,USD,"investpy, Yahoo Finance",Credit Services,Financial Services,817586752.0,1316360960.0,-0.10578,-0.056649998,-0.16344,0.03669,4.626005,,0.6210962,1.0654851,4378591232.0,7350.0,https://www.encorecapital.com,1316361000.0,276474000.0,-139244000.0,188764000.0,603557000.0,2024-12-31,4789729000.0,3672762000.0,,199865000.0,245867000.0,233545000.0,1.052760709927423
GREAT,2025-03-21T10:54:09.795528,Sweden,Europe,Greater Than,Unknown,SEK,investpy,,,,,,,,,,,,,,,,,,,,,,,,,,,,
ALPCI,2025-03-21T10:54:10.410842,France,Europe,Primecity Investment,Unknown,EUR,investpy,,,,,,,,,,,,,,,,,,,,,,,,,,,,
POLME,2025-03-21T10:54:10.426894,Norway,Europe,Polaris Media,Unknown,NOK,investpy,,,,,,,,,,,,,,,,,,,,,,,,,,,,
54M,2025-03-21T10:54:10.396843,Germany,Europe,Motorcar Parts,Unknown,EUR,investpy,,,,,,,,,,,,,,,,,,,,,,,,,,,,
SPIS,2025-03-21T10:54:10.442894,France,Europe,Spir Communication,Unknown,EUR,investpy,,,,,,,,,,,,,,,,,,,,,,,,,,,,
ALVAL,2025-03-21T10:54:10.491000,France,Europe,Valbiotis,Unknown,EUR,investpy,,,,,,,,,,,,,,,,,,,,,,,,,,,,
BLKB,2025-03-21T10:54:09.261760,Switzerland,Europe,"Blackbaud, Inc.",NMS,USD,"investpy, Yahoo Finance",Software - Application,Technology,3147689472.0,1155495040.0,-0.24507,0.20823999,-0.59571,0.041690003,13.6895075,,2.7241046,21.80423,4141660672.0,2600.0,https://www.blackbaud.com,1155495000.0,134854000.0,-283172000.0,-134292000.0,639203000.0,2024-12-31,2495715000.0,1109171000.0,,67628000.0,976308000.0,1252097000.0,0.7797383110094506
APGNA,2025-03-21T10:54:11.435783,Ireland,Europe,Applegreen Plc,Unknown,EUR,investpy,,,,,,,,,,,,,,,,,,,,,,,,,,,,
ALGIL,2025-03-21T10:54:11.529627,France,Europe,Groupe Guillin,Unknown,EUR,investpy,,,,,,,,,,,,,,,,,,,,,,,,,,,,
ADKO,2025-03-21T10:54:11.498392,Austria,Europe,Addiko Bank,Unknown,EUR,investpy,,,,,,,,,,,,,,,,,,,,,,,,,,,,
EBAY,2025-03-21T10:54:09.811579,Austria,Europe,eBay Inc.,NMS,USD,"investpy, Yahoo Finance",Internet Retail,Consumer Cyclical,30914439168.0,10282999808.0,0.19206,0.18573,0.34291,0.06874,12.708812,16.794935,3.0063639,6.0578938,32880439296.0,11500.0,https://www.ebayinc.com,10283000000.0,2318000000.0,1975000000.0,2861000000.0,7403000000.0,2024-12-31,19365000000.0,7863000000.0,,2433000000.0,7567000000.0,6098000000.0,1.2408986552968186
SW,2025-03-21T10:54:10.759386,Ireland,Europe,Smurfit WestRock plc,NYQ,USD,"investpy, Yahoo Finance",Packaging & Containers,Consumer Cyclical,23859521536.0,21109000192.0,0.01511,0.029979998,0.02708,0.0298,12.66205,55.7439,1.1303009,1.3650073,37551845376.0,100000.0,https://www.smurfitwestrock.com,21109000000.0,1402000000.0,319000000.0,2549000000.0,4195000000.0,2024-12-31,43759000000.0,13595000000.0,,855000000.0,10055000000.0,7333000000.0,1.3711986908495841
AVA,2025-03-21T10:54:12.011997,Germany,Europe,Avista Corporation,NYQ,USD,"investpy, Yahoo Finance",Utilities - Diversified,Utilities,3205052160.0,1938000000.0,0.09288,0.18631001,0.07092,0.02461,15.503877,17.467249,1.6537937,1.2356356,6323050496.0,,https://investor.avistacorp.com,1938000000.0,306000000.0,180000000.0,602000000.0,1140000000.0,2024-12-31,7941000000.0,3117000000.0,,30000000.0,656000000.0,771000000.0,0.8508430609597925
GLDP,2025-03-21T10:54:12.461573,United Kingdom,Europe,Goldplat,Unknown,GBP,investpy,,,,,,,,,,,,,,,,,,,,,,,,,,,,
AALLON,2025-03-21T10:54:12.463571,Finland,Europe,Aallon,Unknown,EUR,investpy,,,,,,,,,,,,,,,,,,,,,,,,,,,,
GLA1V,2025-03-21T10:54:12.439573,Finland,Europe,Glaston,Unknown,EUR,investpy,,,,,,,,,,,,,,,,,,,,,,,,,,,,
SPT,2025-03-21T10:54:11.559886,United Kingdom,Europe,"Sprout Social, Inc",NCM,USD,"investpy, Yahoo Finance",Software - Application,Technology,1449165824.0,405908000.0,-0.15267,-0.09951,-0.39880002,-0.08688,35.338028,,3.570183,7.7533994,1402273408.0,1322.0,https://www.sproutsocial.com,405908000.0,-60356000.0,-61971000.0,-45908000.0,314433000.0,2024-12-31,428341000.0,43290000.0,,86437000.0,210215000.0,220752000.0,0.9522677031238675
ALVG,2025-03-21T10:54:12.954218,Switzerland,Europe,Allianz,Unknown,CHF,investpy,,,,,,,,,,,,,,,,,,,,,,,,,,,,
TNET,2025-03-21T10:54:12.104231,Belgium,Europe,"TriNet Group, Inc.",NYQ,USD,"investpy, Yahoo Finance",Staffing & Employment Services,Industrials,3905746688.0,4989000192.0,0.034679998,-0.010299999,2.35374,0.03968,14.6037035,22.991253,0.7828716,56.61163,4567742464.0,364300.0,https://www.trinet.com,5053000000.0,288000000.0,173000000.0,374000000.0,952000000.0,2024-12-31,4119000000.0,1022000000.0,,360000000.0,3180000000.0,2981000000.0,1.0667561221066757
CELGUSD,2025-03-21T10:54:13.476906,Switzerland,Europe,Celgene,Unknown,USD,investpy,,,,,,,,,,,,,,,,,,,,,,,,,,,,
MEDCL,2025-03-21T10:54:13.619277,France,Europe,Medincell,Unknown,EUR,investpy,,,,,,,,,,,,,,,,,,,,,,,,,,,,
BRGE,2025-03-21T10:54:12.478991,United Kingdom,Europe,Blackrock Europe,YHD,GBP,"investpy, Yahoo Finance",Unknown,Unknown,,,,,,,,,,,,,,,,,,,,,,,,,,
SBBd,2025-03-21T10:54:14.106581,Sweden,Europe,Samhallsbyggnadsbolaget I D,Unknown,SEK,investpy,,,,,,,,,,,,,,,,,,,,,,,,,,,,
AMDG,2025-03-21T10:54:12.780114,Austria,Europe,Leverage Shares 2X Long AMD Dai,NGM,USD,"investpy, Yahoo Finance",Unknown,Unknown,,,,,,,,,,,,,,,,,,,,,,,,,,
VBSN,2025-03-21T10:54:14.471433,Switzerland,Europe,IVF Hartmann Holding AG,Unknown,CHF,investpy,,,,,,,,,,,,,,,,,,,,,,,,,,,,
VONN,2025-03-21T10:54:14.455432,Switzerland,Europe,Vontobel Holding,Unknown,CHF,investpy,,,,,,,,,,,,,,,,,,,,,,,,,,,,
FBD,2025-03-21T10:54:13.556068,Ireland,Europe,Fbd Holdings,NMS,EUR,"investpy, Yahoo Finance",Unknown,Unknown,,,,,,,,,,,,,,,,,,,,,,,,,,
LNT,2025-03-21T10:54:13.476906,Germany,Europe,Alliant Energy Corporation,NMS,USD,"investpy, Yahoo Finance",Utilities - Regulated Electric,Utilities,16312776704.0,3980999936.0,0.17332001,-0.3125,0.10014,0.02645,19.674923,23.624535,4.097658,2.3290331,26848800768.0,2998.0,https://www.alliantenergy.com,3981000000.0,886000000.0,690000000.0,1797000000.0,1780000000.0,2024-12-31,22714000000.0,10406000000.0,,81000000.0,1184000000.0,2715000000.0,0.43609576427255986
DPWGnEUR,2025-03-21T10:54:14.992189,Switzerland,Europe,Deutsche Post,Unknown,EUR,investpy,,,,,,,,,,,,,,,,,,,,,,,,,,,,
N55,2025-03-21T10:54:15.007781,Sweden,Europe,News55,Unknown,SEK,investpy,,,,,,,,,,,,,,,,,,,,,,,,,,,,
SNT,2025-03-21T10:54:13.996858,United Kingdom,Europe,Senstar Technologies Corporatio,NGM,USD,"investpy, Yahoo Finance",Security & Protection Services,Industrials,80885704.0,34455000.0,0.042519998,0.18802,0.03957,0.03383,,69.4,2.3475752,2.138016,62023656.0,136.0,https://senstar.com,32792000.0,-1265000.0,-1289000.0,-255000.0,18848000.0,2023-12-31,50266000.0,877000.0,,14806000.0,34339000.0,10064000.0,3.41206279809221
ALPJT,2025-03-21T10:54:15.545824,France,Europe,Poujoulat,Unknown,EUR,investpy,,,,,,,,,,,,,,,,,,,,,,,,,,,,
MMO1V,2025-03-21T10:54:15.498771,Finland,Europe,Marimekko Oyj,Unknown,EUR,investpy,,,,,,,,,,,,,,,,,,,,,,,,,,,,
ABGV,2025-03-21T10:54:15.545824,Austria,Europe,Porr AG,Unknown,EUR,investpy,,,,,,,,,,,,,,,,,,,,,,,,,,,,
MWG,2025-03-21T10:54:14.566114,United Kingdom,Europe,Multi Ways Holdings Limited,ASE,USD,"investpy, Yahoo Finance",Rental & Leasing Services,Industrials,9639036.0,35736000.0,0.185,0.03832,0.34370998,0.020399999,,1.2573913,0.26972902,0.4113798,33005928.0,92.0,https://www.multiways.com.sg,36016000.0,-3056000.0,1789000.0,4564000.0,8650000.0,2023-12-31,58001000.0,12766000.0,,7073000.0,52381000.0,31478000.0,1.6640510832962705
VNVsdb,2025-03-21T10:54:16.020457,Sweden,Europe,Vostok New Ventures,Unknown,SEK,investpy,,,,,,,,,,,,,,,,,,,,,,,,,,,,
CLASb,2025-03-21T10:54:15.626834,Sweden,Europe,Clas Ohlson B,Unknown,SEK,investpy,,,,,,,,,,,,,,,,,,,,,,,,,,,,
ALKKO,2025-03-21T10:54:15.972887,France,Europe,Kko Intl,Unknown,EUR,investpy,,,,,,,,,,,,,,,,,,,,,,,,,,,,
VBGb,2025-03-21T10:54:16.381966,Sweden,Europe,VBG GROUP B,Unknown,SEK,investpy,,,,,,,,,,,,,,,,,,,,,,,,,,,,
CMOTECb,2025-03-21T10:54:16.365953,Sweden,Europe,Scandinavian ChemoTech,Unknown,SEK,investpy,,,,,,,,,,,,,,,,,,,,,,,,,,,,
DEDAL,2025-03-21T10:54:16.522908,France,Europe,Medasys,Unknown,EUR,investpy,,,,,,,,,,,,,,,,,,,,,,,,,,,,
QEC,2025-03-21T10:54:16.381966,Norway,Europe,Questerre Energy Corporation,Unknown,NOK,investpy,,,,,,,,,,,,,,,,,,,,,,,,,,,,
DBA,2025-03-21T10:54:15.925887,Italy,Europe,Invesco DB Agriculture Fund,PCX,USD,"investpy, Yahoo Finance",Unknown,Unknown,742440000.0,,,,,,,11.359797,,1.5908687,,,,,,,,,,,,,,,,
IBMu,2025-03-21T10:54:17.592930,Belgium,Europe,IBM,Unknown,USD,investpy,,,,,,,,,,,,,,,,,,,,,,,,,,,,
PCIB,2025-03-21T10:54:17.608292,Norway,Europe,PCI Biotech,Unknown,NOK,investpy,,,,,,,,,,,,,,,,,,,,,,,,,,,,
0K34,2025-03-21T10:54:17.576895,United Kingdom,Europe,Monster Beverage,Unknown,USD,investpy,,,,,,,,,,,,,,,,,,,,,,,,,,,,
CSCOUSD,2025-03-21T10:54:17.623816,Switzerland,Europe,Cisco,Unknown,USD,investpy,,,,,,,,,,,,,,,,,,,,,,,,,,,,
DBKGn,2025-03-21T10:54:17.639047,Switzerland,Europe,Deutsche Bank AG,Unknown,CHF,investpy,,,,,,,,,,,,,,,,,,,,,,,,,,,,
ROCKa,2025-03-21T10:54:18.295933,Denmark,Europe,Rockwool Int. A,Unknown,DKK,investpy,,,,,,,,,,,,,,,,,,,,,,,,,,,,
VLS,2025-03-21T10:54:17.608292,France,Europe,Valneva,NMS,EUR,"investpy, Yahoo Finance",Unknown,Unknown,,,,,,,,,,,,,,,,,,,,,,,,,,
GIS,2025-03-21T10:54:17.561242,Switzerland,Europe,"General Mills, Inc.",NYQ,USD,"investpy, Yahoo Finance",Packaged Foods,Consumer Defensive,31930615808.0,19644299264.0,0.13024999,0.16707,0.26834,0.07201,12.4063835,12.815384,1.6254393,3.4464211,45845987328.0,34000.0,https://www.generalmills.com,19857200000.0,3673100000.0,2496600000.0,4079000000.0,6932100000.0,2024-05-31,31469900000.0,13315100000.0,,418000000.0,4580900000.0,7033100000.0,0.6513344044589157
BBN,2025-03-21T10:54:17.576895,Switzerland,Europe,BlackRock Taxable Municipal Bon,NYQ,USD,"investpy, Yahoo Finance",Asset Management,Financial Services,1027609216.0,,0.0,0.0,,,,87.52631,,,,,https://www.blackrock.com/investing/products/240174/blackrock-build-america-bond-trust-fund,12774719.0,,12069221.0,,,2024-12-31,1565304322.0,504282960.0,,,,,
LINP,2025-03-21T10:54:18.751871,France,Europe,Finatis,Unknown,EUR,investpy,,,,,,,,,,,,,,,,,,,,,,,,,,,,
YGEN,2025-03-21T10:54:18.799117,United Kingdom,Europe,Yourgene Health,Unknown,GBP,investpy,,,,,,,,,,,,,,,,,,,,,,,,,,,,
MBTLy,2025-03-21T10:54:19.647638,Germany,Europe,Mobil’nye Telesistemy ADR,Unknown,EUR,investpy,,,,,,,,,,,,,,,,,,,,,,,,,,,,
31L,2025-03-21T10:54:19.679512,Germany,Europe,Sylvania,Unknown,EUR,investpy,,,,,,,,,,,,,,,,,,,,,,,,,,,,
HPBGn,2025-03-21T10:54:20.122952,Germany,Europe,Heliad,Unknown,EUR,investpy,,,,,,,,,,,,,,,,,,,,,,,,,,,,
YATO,2025-03-21T10:54:20.185524,Spain,Europe,Atom Hoteles,Unknown,EUR,investpy,,,,,,,,,,,,,,,,,,,,,,,,,,,,
VVL,2025-03-21T10:54:18.327497,Norway,Europe,Voss Veksel La,NMS,NOK,"investpy, Yahoo Finance",Unknown,Unknown,,,,,,,,,,,,,,,,,,,,,,,,,,
INTC,2025-03-21T10:54:18.343560,Belgium,Europe,Intel Corporation,NMS,USD,"investpy, Yahoo Finance",Semiconductors,Technology,103746789376.0,53100998656.0,-0.35321,-0.18548,-0.17891,-0.01233,24.701029,,1.9537635,1.0451015,138152804352.0,108900.0,https://www.intel.com,53101000000.0,-4708000000.0,-18756000000.0,1203000000.0,17345000000.0,2024-12-31,196485000000.0,50011000000.0,,8249000000.0,47324000000.0,35666000000.0,1.3268659227275277
AMSCA,2025-03-21T10:54:20.623310,Norway,Europe,American Shipping,Unknown,NOK,investpy,,,,,,,,,,,,,,,,,,,,,,,,,,,,
ZORDIXb,2025-03-21T10:54:20.608217,Sweden,Europe,Zordix,Unknown,SEK,investpy,,,,,,,,,,,,,,,,,,,,,,,,,,,,
TFG,2025-03-21T10:54:19.616582,Netherlands,Europe,Tetragon Financial Group Ltd,PNK,USD,"investpy, Yahoo Finance",Unknown,Unknown,,,,,,,,,,,,,,691061000.0,,23872000.0,,,2020-12-31,2452799000.0,189657000.0,,103983000.0,,,
ALBKK,2025-03-21T10:54:21.112995,France,Europe,Baikowski,Unknown,EUR,investpy,,,,,,,,,,,,,,,,,,,,,,,,,,,,
ALBDM,2025-03-21T10:54:21.002443,France,Europe,Bd Multimedia,Unknown,EUR,investpy,,,,,,,,,,,,,,,,,,,,,,,,,,,,
ZILGn,2025-03-21T10:54:21.043570,Austria,Europe,Elringklinger AG,Unknown,EUR,investpy,,,,,,,,,,,,,,,,,,,,,,,,,,,,
MED6,2025-03-21T10:54:21.034571,France,Europe,Media 6,Unknown,EUR,investpy,,,,,,,,,,,,,,,,,,,,,,,,,,,,
ITRN,2025-03-21T10:54:19.695514,Germany,Europe,Ituran Location and Control Ltd,NMS,USD,"investpy, Yahoo Finance",Scientific & Technical Instruments,Technology,734471680.0,336256992.0,0.15956001,0.2176,0.30442,0.1378,13.623615,13.674073,2.184257,3.9652023,668825472.0,2800.0,https://www.ituran.com,319978000.0,66322000.0,48137000.0,87369000.0,153161000.0,2023-12-31,318688000.0,8664000.0,,53434000.0,178539000.0,92464000.0,1.9309028378612216
STGN,2025-03-21T10:54:21.400206,Switzerland,Europe,57563,YHD,CHF,"investpy, Yahoo Finance",Unknown,Unknown,,,,,,,,,,,,,,,,,,,,,,,,,,
ALK,2025-03-21T10:54:21.559435,Germany,Europe,"Alaska Air Group, Inc.",NYQ,USD,"investpy, Yahoo Finance",Airlines,Industrials,6504672256.0,11735000064.0,0.03366,0.04527,0.093109995,0.03232,9.787037,17.15909,0.55429673,1.4883132,10422681600.0,30207.0,https://www.alaskaair.com,11735000000.0,915000000.0,395000000.0,1270000000.0,2118000000.0,2024-12-31,19768000000.0,6393000000.0,,1201000000.0,3760000000.0,6145000000.0,0.611879576891782
VNEsdb,2025-03-21T10:54:21.855121,Sweden,Europe,Veoneer SDR,Unknown,SEK,investpy,,,,,,,,,,,,,,,,,,,,,,,,,,,,
TOURN,2025-03-21T10:54:21.871146,Sweden,Europe,Tourn International,Unknown,SEK,investpy,,,,,,,,,,,,,,,,,,,,,,,,,,,,
HIW,2025-03-21T10:54:21.495824,Germany,Europe,"Highwoods Properties, Inc.",NYQ,USD,"investpy, Yahoo Finance",REIT - Office,Real Estate,3172497408.0,830019968.0,0.12319,0.25464,0.04239,0.02253,74.10257,30.74468,3.822194,1.3335794,6562260992.0,350.0,https://www.highwoods.com,825862000.0,212740000.0,102248000.0,550498000.0,553689000.0,2024-12-31,6029355000.0,3293559000.0,,22412000.0,512311000.0,304551000.0,1.6821845930566637
PRSNOK,2025-03-21T10:54:21.950725,Sweden,Europe,Prosafe,Unknown,NOK,investpy,,,,,,,,,,,,,,,,,,,,,,,,,,,,
BEKB,2025-03-21T10:54:22.284318,Belgium,Europe,Bekaert,Unknown,EUR,investpy,,,,,,,,,,,,,,,,,,,,,,,,,,,,
BCIB,2025-03-21T10:54:22.124693,United Kingdom,Europe,BMO Capital,Unknown,GBP,investpy,,,,,,,,,,,,,,,,,,,,,,,,,,,,
ALDEV,2025-03-21T10:54:22.698417,France,Europe,Devernois,Unknown,EUR,investpy,,,,,,,,,,,,,,,,,,,,,,,,,,,,
BDTG,2025-03-21T10:54:22.644411,Germany,Europe,Bertrandt AG,Unknown,EUR,investpy,,,,,,,,,,,,,,,,,,,,,,,,,,,,
RENA,2025-03-21T10:54:23.098310,France,Europe,Renault,Unknown,EUR,investpy,,,,,,,,,,,,,,,,,,,,,,,,,,,,
WARN,2025-03-21T10:54:23.052301,Switzerland,Europe,Warteck Invest Ltd,Unknown,CHF,investpy,,,,,,,,,,,,,,,,,,,,,,,,,,,,
ITALsdb,2025-03-21T10:54:23.145975,Sweden,Europe,Italeaf,Unknown,EUR,investpy,,,,,,,,,,,,,,,,,,,,,,,,,,,,
BIOSE,2025-03-21T10:54:23.504801,Sweden,Europe,Bioservo Tech,Unknown,SEK,investpy,,,,,,,,,,,,,,,,,,,,,,,,,,,,
DISCa,2025-03-21T10:54:22.329832,Germany,Europe,Discovery A,Unknown,EUR,"investpy, Yahoo Finance",Unknown,Unknown,,,,,,,,,,,,,,,,,,,,,,,,,,
BIOX,2025-03-21T10:54:21.918668,France,Europe,Bioceres Crop Solutions Corp.,NMS,USD,"investpy, Yahoo Finance",Agricultural Inputs,Basic Materials,260551568.0,407732096.0,0.00368,0.0708,0.00617,0.02471,6.734375,215.5,0.6390264,0.8731767,561510656.0,,https://investors.biocerescrops.com/home/default.aspx,464828548.0,41524516.0,3243361.0,55455336.0,182430752.0,2024-06-30,850628347.0,270945903.0,,44473270.0,408668037.0,329505846.0,1.24024517914016
ARJOb,2025-03-21T10:54:23.947207,Sweden,Europe,Arjo,Unknown,SEK,investpy,,,,,,,,,,,,,,,,,,,,,,,,,,,,
LYKOa,2025-03-21T10:54:23.915744,Sweden,Europe,Lyko,Unknown,SEK,investpy,,,,,,,,,,,,,,,,,,,,,,,,,,,,
BAG,2025-03-21T10:54:22.755976,United Kingdom,Europe,A.G Barr,NMS,GBP,"investpy, Yahoo Finance",Unknown,Unknown,,,,,,,,,,,,,,,,,,,,,,,,,,
ALTRI,2025-03-21T10:54:24.461914,France,Europe,Trilogiq,Unknown,EUR,investpy,,,,,,,,,,,,,,,,,,,,,,,,,,,,
PHGy,2025-03-21T10:54:24.368112,Germany,Europe,Koninklijke Philips ADR,Unknown,EUR,investpy,,,,,,,,,,,,,,,,,,,,,,,,,,,,
ALEVA,2025-03-21T10:54:24.966450,Belgium,Europe,Evadix SA,Unknown,EUR,investpy,,,,,,,,,,,,,,,,,,,,,,,,,,,,
HVPEa,2025-03-21T10:54:24.982450,United Kingdom,Europe,HarbourVest Global,Unknown,GBP,investpy,,,,,,,,,,,,,,,,,,,,,,,,,,,,
NIXU,2025-03-21T10:54:24.950400,Finland,Europe,Nixu Oyj,Unknown,EUR,investpy,,,,,,,,,,,,,,,,,,,,,,,,,,,,
DIAH,2025-03-21T10:54:23.504801,Sweden,Europe,DIAMOND HOLDINGS INC,OEM,USD,"investpy, Yahoo Finance",Other Industrial Metals & Mining,Basic Materials,280537.0,,0.0,0.0,0.08392,-0.07324,,Infinity,,0.0035714284,192420.0,,,0.0,-388504.0,-388504.0,-388504.0,0.0,2020-10-31,1030071.0,103331.0,,21.0,21.0,238996.0,8.786757937371337e-05
PH,2025-03-21T10:54:23.978239,Germany,Europe,Parker-Hannifin Corporation,NYQ,USD,"investpy, Yahoo Finance",Specialty Industrial Machinery,Industrials,80442064896.0,19907747840.0,0.15866,0.20608,0.25852,0.08776,21.220108,25.772276,4.0407414,6.13192,89096216576.0,61120.0,https://investors.parker.com,19929606000.0,3812613000.0,2844215000.0,5028229000.0,7127790000.0,2024-06-30,29297842000.0,10560099000.0,,422027000.0,6798624000.0,7313309000.0,0.9296235124209848
TFFP,2025-03-21T10:54:24.588964,France,Europe,TF1,Unknown,EUR,"investpy, Yahoo Finance",Unknown,Unknown,,,,,,,,,,,,,,,,,,,,,,,,,,
GHP,2025-03-21T10:54:25.359066,Sweden,Europe,GHP Special Care,NMS,SEK,"investpy, Yahoo Finance",Unknown,Unknown,,,,,,,,,,,,,,,,,,,,,,,,,,
SLN,2025-03-21T10:54:25.438581,United Kingdom,Europe,Silence Therapeutics Plc - Amer,NGM,USD,"investpy, Yahoo Finance",Biotechnology,Healthcare,208260800.0,43258000.0,-1.04741,0.26517,-0.58083,-0.19243,-2.7205882,,4.8143883,1.303735,376977056.0,116.0,https://www.silence-therapeutics.com,43258000.0,-49582000.0,-45309000.0,-48989000.0,31448000.0,2024-12-31,202635000.0,117000.0,,121330000.0,187366000.0,16822000.0,11.13815241945072
GGBR4,2025-03-21T10:54:26.026684,Spain,Europe,GERDAU PN N1,Unknown,EUR,investpy,,,,,,,,,,,,,,,,,,,,,,,,,,,,
WIPA,2025-03-21T10:54:26.420861,United Kingdom,Europe,Witan Pacific,Unknown,GBP,investpy,,,,,,,,,,,,,,,,,,,,,,,,,,,,
ATOS,2025-03-21T10:54:25.979015,France,Europe,"Atossa Therapeutics, Inc.",NCM,USD,"investpy, Yahoo Finance",Biotechnology,Healthcare,90010616.0,,0.0,0.0,-0.31304002,-0.20346001,-2.6499999,,,1.2209897,15244797.0,12.0,https://www.atossatherapeutics.com,,,,,,2023-12-31,,,,,,,
ENDO,2025-03-21T10:54:25.963018,Sweden,Europe,ENDOCAN CORP,OEM,USD,"investpy, Yahoo Finance",Specialty Chemicals,Basic Materials,176381.0,,0.0,0.0,,,,,,-0.00058823527,955071.0,,https://www.omnicanna.com,,,,,,,,,,,,,
TUB,2025-03-21T10:54:26.357343,Belgium,Europe,Tubize-Fin,NMS,EUR,"investpy, Yahoo Finance",Unknown,Unknown,,,,,,,,,,,,,,,,,,,,,,,,,,
PHD,2025-03-21T10:54:26.152965,United Kingdom,Europe,Pioneer Floating Rate Trust Pio,NYQ,USD,"investpy, Yahoo Finance",Asset Management,Financial Services,116509680.0,18291296.0,0.91012,0.90551,0.13174,0.05256,,7.026119,6.369679,0.9111584,176352752.0,,,17250908.0,,16647329.0,,,2024-11-30,198904755.0,60000000.0,,158979.0,,,
MAIL,2025-03-21T10:54:26.169016,Italy,Europe,MailUp,YHD,EUR,"investpy, Yahoo Finance",Unknown,Unknown,,,,,,,,,,,,,,,,,,,,,,,,,,
SOF,2025-03-21T10:54:26.169016,Belgium,Europe,Amplify ETF Trust Amplify Samsu,PCX,USD,"investpy, Yahoo Finance",Unknown,Unknown,,,,,,,,,,,,,,,,,,,,,,,,,,
AKVA,2025-03-21T10:54:26.802725,Norway,Europe,ARKANOVA ENERGY COMPANY,OEM,USD,"investpy, Yahoo Finance",Oil & Gas E&P,Energy,135456.0,351312.0,0.0,-8.54736,,-0.5873,,,0.3855718,-0.00028571428,14910367.0,7.0,https://www.arkanovaenergy.com,,,,,,,,,,,,,
BFPy,2025-03-21T10:54:27.245879,Germany,Europe,BBVA Banco Frances ADR,Unknown,EUR,investpy,,,,,,,,,,,,,,,,,,,,,,,,,,,,
QUART,2025-03-21T10:54:27.372574,Sweden,Europe,Quartiers Properties,Unknown,SEK,investpy,,,,,,,,,,,,,,,,,,,,,,,,,,,,
MGGT,2025-03-21T10:54:27.419173,United Kingdom,Europe,Meggitt,Unknown,GBP,investpy,,,,,,,,,,,,,,,,,,,,,,,,,,,,
MKEA,2025-03-21T10:54:27.656305,France,Europe,Mauna Kea Tech,Unknown,EUR,investpy,,,,,,,,,,,,,,,,,,,,,,,,,,,,
BNAB,2025-03-21T10:54:27.593796,Belgium,Europe,National Bank of Belgium,Unknown,EUR,investpy,,,,,,,,,,,,,,,,,,,,,,,,,,,,
YNGt,2025-03-21T10:54:27.529689,United Kingdom,Europe,Young & Co’s Brewery,Unknown,GBP,investpy,,,,,,,,,,,,,,,,,,,,,,,,,,,,
THHG,2025-03-21T10:54:28.132356,France,Europe,Thermador,Unknown,EUR,investpy,,,,,,,,,,,,,,,,,,,,,,,,,,,,
WSUG,2025-03-21T10:54:28.889595,Austria,Europe,WashTec AG,Unknown,EUR,investpy,,,,,,,,,,,,,,,,,,,,,,,,,,,,
OBOYAb,2025-03-21T10:54:28.982775,Sweden,Europe,Oboya Horticulture,Unknown,SEK,investpy,,,,,,,,,,,,,,,,,,,,,,,,,,,,
BOSJO,2025-03-21T10:54:28.905659,Sweden,Europe,Bosjo Fastigheter,Unknown,SEK,investpy,,,,,,,,,,,,,,,,,,,,,,,,,,,,
NVC,2025-03-21T10:54:27.387574,France,Europe,18134,YHD,EUR,"investpy, Yahoo Finance",Unknown,Unknown,,,,,,,,,,,,,,,,,,,,,,,,,,
FFPP,2025-03-21T10:54:27.513689,Germany,Europe,Fast Finance Pay Corp.,PNK,USD,"investpy, Yahoo Finance",Software - Infrastructure,Technology,220275200.0,10433549.0,0.05447,-0.00892,0.082100004,0.03113,,,21.112202,30.18868,220338272.0,,https://ff24pay-corp.com,,,,,,,,,,,,,
A2,2025-03-21T10:54:29.469651,Italy,Europe,A2A,Unknown,EUR,investpy,,,,,,,,,,,,,,,,,,,,,,,,,,,,
BIOS,2025-03-21T10:54:30.052935,Spain,Europe,Biosearch,Unknown,EUR,investpy,,,,,,,,,,,,,,,,,,,,,,,,,,,,
POOLb,2025-03-21T10:54:29.958282,Sweden,Europe,Poolia B,Unknown,SEK,investpy,,,,,,,,,,,,,,,,,,,,,,,,,,,,
AMXL,2025-03-21T10:54:29.927226,Spain,Europe,America Movil,Unknown,EUR,investpy,,,,,,,,,,,,,,,,,,,,,,,,,,,,
HOTG,2025-03-21T10:54:30.068934,Switzerland,Europe,Hochtief AG,Unknown,CHF,investpy,,,,,,,,,,,,,,,,,,,,,,,,,,,,
OET,2025-03-21T10:54:28.998155,Norway,Europe,Okeanis Eco Tankers,NMS,NOK,"investpy, Yahoo Finance",Unknown,Unknown,,,,,,,,,,,,,,,,,,,,,,,,,,
PSG,2025-03-21T10:54:28.889595,Spain,Europe,Prosegur,YHD,EUR,"investpy, Yahoo Finance",Unknown,Unknown,,,,,,,,,,,,,,,,,,,,,,,,,,
PLED,2025-03-21T10:54:30.464827,Sweden,Europe,PledPharma,Unknown,SEK,investpy,,,,,,,,,,,,,,,,,,,,,,,,,,,,
PEXAb,2025-03-21T10:54:30.937694,Sweden,Europe,PExA AB,Unknown,SEK,investpy,,,,,,,,,,,,,,,,,,,,,,,,,,,,
MTXGn,2025-03-21T10:54:30.827118,Austria,Europe,MTU Aero,Unknown,EUR,investpy,,,,,,,,,,,,,,,,,,,,,,,,,,,,
SOLONNOK,2025-03-21T10:54:30.953693,Sweden,Europe,Solon Eiendom,Unknown,NOK,investpy,,,,,,,,,,,,,,,,,,,,,,,,,,,,
POY1V,2025-03-21T10:54:31.015279,Finland,Europe,Poyry Oyj,Unknown,EUR,investpy,,,,,,,,,,,,,,,,,,,,,,,,,,,,
BE0944264663,2025-03-21T10:54:30.937694,Belgium,Europe,SCR Sibelco,Unknown,EUR,investpy,,,,,,,,,,,,,,,,,,,,,,,,,,,,
DNO,2025-03-21T10:54:29.974282,Norway,Europe,United States Short Oil Fund,PCX,USD,"investpy, Yahoo Finance",Unknown,Unknown,,,,,,,,,,,,,,,,,,,,,,,,,,
PZC,2025-03-21T10:54:30.906169,United Kingdom,Europe,PZ Cussons,Unknown,GBP,investpy,,,,,,,,,,,,,,,,,,,,,,,,,,,,
MDBr,2025-03-21T10:54:31.284009,Greece,Europe,N Varveris Moda Bagno SA,Unknown,EUR,investpy,,,,,,,,,,,,,,,,,,,,,,,,,,,,
IVS,2025-03-21T10:54:31.347587,Italy,Europe,IVS Group SA,Unknown,EUR,investpy,,,,,,,,,,,,,,,,,,,,,,,,,,,,
CTXS,2025-03-21T10:54:31.363588,Austria,Europe,Citrix Systems,Unknown,EUR,investpy,,,,,,,,,,,,,,,,,,,,,,,,,,,,
ANNX,2025-03-21T10:54:31.363588,Sweden,Europe,Annexin Pharma,Unknown,SEK,investpy,,,,,,,,,,,,,,,,,,,,,,,,,,,,
LEHTO,2025-03-21T10:54:31.394837,Finland,Europe,Lehto Group Oyj,Unknown,EUR,investpy,,,,,,,,,,,,,,,,,,,,,,,,,,,,
CPLE6,2025-03-21T10:54:31.395358,Spain,Europe,COPEL PNB,Unknown,EUR,investpy,,,,,,,,,,,,,,,,,,,,,,,,,,,,
2CUREX,2025-03-21T10:54:31.410166,Sweden,Europe,2cureX,Unknown,SEK,investpy,,,,,,,,,,,,,,,,,,,,,,,,,,,,
BRGIn,2025-03-21T10:54:31.472728,Italy,Europe,Borgosesia,Unknown,EUR,investpy,,,,,,,,,,,,,,,,,,,,,,,,,,,,
MCB,2025-03-21T10:54:31.631179,United Kingdom,Europe,McBride,Unknown,GBP,investpy,,,,,,,,,,,,,,,,,,,,,,,,,,,,
UBXN,2025-03-21T10:54:31.647223,Switzerland,Europe,U Blox Holding AG,Unknown,CHF,investpy,,,,,,,,,,,,,,,,,,,,,,,,,,,,
ATT,2025-03-21T10:54:31.663196,United Kingdom,Europe,Allianz Tech,Unknown,GBP,investpy,,,,,,,,,,,,,,,,,,,,,,,,,,,,
DUPD,2025-03-21T10:54:31.678726,United Kingdom,Europe,Dragon-Ukrainian,Unknown,GBP,investpy,,,,,,,,,,,,,,,,,,,,,,,,,,,,
IFFE,2025-03-21T10:54:31.693865,Spain,Europe,Iffe Futura,Unknown,EUR,investpy,,,,,,,,,,,,,,,,,,,,,,,,,,,,
SIX,2025-03-21T10:54:31.725409,Germany,Europe,Six Flags,Unknown,EUR,investpy,,,,,,,,,,,,,,,,,,,,,,,,,,,,
NORBIT,2025-03-21T10:54:31.773474,Norway,Europe,Norbit,Unknown,NOK,investpy,,,,,,,,,,,,,,,,,,,,,,,,,,,,
FFLY,2025-03-21T10:54:31.789437,Sweden,Europe,Firefly AB,Unknown,SEK,investpy,,,,,,,,,,,,,,,,,,,,,,,,,,,,
ALBI,2025-03-21T10:54:31.961688,France,Europe,Gascogne,Unknown,EUR,investpy,,,,,,,,,,,,,,,,,,,,,,,,,,,,
AEGR,2025-03-21T10:54:31.961688,United Kingdom,Europe,Active Energy,Unknown,GBP,investpy,,,,,,,,,,,,,,,,,,,,,,,,,,,,
DC,2025-03-21T10:54:31.976900,United Kingdom,Europe,Dixons Carphone,Unknown,GBP,investpy,,,,,,,,,,,,,,,,,,,,,,,,,,,,
GABR,2025-03-21T10:54:32.039308,Denmark,Europe,Gabriel Holding,Unknown,DKK,investpy,,,,,,,,,,,,,,,,,,,,,,,,,,,,
HOLX,2025-03-21T10:54:32.039308,Austria,Europe,Hologic,Unknown,EUR,investpy,,,,,,,,,,,,,,,,,,,,,,,,,,,,
PFE,2025-03-21T10:54:32.070551,Sweden,Europe,Pfizer,Unknown,SEK,investpy,,,,,,,,,,,,,,,,,,,,,,,,,,,,
GLINT,2025-03-21T10:54:32.116750,Portugal,Europe,Glintt,Unknown,EUR,investpy,,,,,,,,,,,,,,,,,,,,,,,,,,,,
AIR,2025-03-21T10:54:32.148815,Spain,Europe,Airbus Group,Unknown,EUR,investpy,,,,,,,,,,,,,,,,,,,,,,,,,,,,
ERMT,2025-03-21T10:54:32.243530,France,Europe,Eramet,Unknown,EUR,investpy,,,,,,,,,,,,,,,,,,,,,,,,,,,,
TIRO_p,2025-03-21T10:54:32.243530,Austria,Europe,Bank fuer Tirol und Vorarlberg,Unknown,EUR,investpy,,,,,,,,,,,,,,,,,,,,,,,,,,,,
SGSN,2025-03-21T10:54:32.321150,Switzerland,Europe,SGS,Unknown,CHF,investpy,,,,,,,,,,,,,,,,,,,,,,,,,,,,
TRIPA,2025-03-21T10:54:32.400301,Austria,Europe,TripAdvisor,Unknown,EUR,investpy,,,,,,,,,,,,,,,,,,,,,,,,,,,,
DAIGn,2025-03-21T10:54:32.416419,Germany,Europe,Daimler,Unknown,EUR,investpy,,,,,,,,,,,,,,,,,,,,,,,,,,,,
SLMJ,2025-03-21T10:54:32.416419,Germany,Europe,Sanlam Ltd,Unknown,EUR,investpy,,,,,,,,,,,,,,,,,,,,,,,,,,,,
RAKE,2025-03-21T10:54:32.479592,Sweden,Europe,Raketech,Unknown,SEK,investpy,,,,,,,,,,,,,,,,,,,,,,,,,,,,
OPG,2025-03-21T10:54:32.511195,United Kingdom,Europe,OPG Power,Unknown,GBP,investpy,,,,,,,,,,,,,,,,,,,,,,,,,,,,
MBPH,2025-03-21T10:54:32.542491,Sweden,Europe,Moberg Pharma,Unknown,SEK,investpy,,,,,,,,,,,,,,,,,,,,,,,,,,,,
SEBc,2025-03-21T10:54:32.573523,Sweden,Europe,SEB C,Unknown,SEK,investpy,,,,,,,,,,,,,,,,,,,,,,,,,,,,
BAH,2025-03-21T10:54:32.698307,Germany,Europe,Booz Allen Hamilton,Unknown,EUR,investpy,,,,,,,,,,,,,,,,,,,,,,,,,,,,
VGP1,2025-03-21T10:54:32.698307,Belgium,Europe,VGP,Unknown,EUR,investpy,,,,,,,,,,,,,,,,,,,,,,,,,,,,
OXB,2025-03-21T10:54:32.698307,United Kingdom,Europe,Oxford BioMedica,Unknown,GBP,investpy,,,,,,,,,,,,,,,,,,,,,,,,,,,,
MDF,2025-03-21T10:54:32.760117,Spain,Europe,Duro Felguera,Unknown,EUR,investpy,,,,,,,,,,,,,,,,,,,,,,,,,,,,
HRI,2025-03-21T10:54:32.791307,United Kingdom,Europe,Herald,Unknown,GBP,investpy,,,,,,,,,,,,,,,,,,,,,,,,,,,,
ALPRE,2025-03-21T10:54:32.853372,France,Europe,Predilife,Unknown,EUR,investpy,,,,,,,,,,,,,,,,,,,,,,,,,,,,
CRH,2025-03-21T10:44:12.882603,Ireland,Europe,CRH PLC,NYQ,USD,"investpy, Yahoo Finance",Building Materials,Basic Materials,66120249344.0,35571998720.0,0.098170005,0.13878,0.15835,0.06282,16.077429,19.440239,1.8587724,3.0591516,79105196032.0,79800.0,https://www.crh.com,35572000000.0,4849000000.0,3492000000.0,7124000000.0,12701000000.0,2024-12-31,50613000000.0,15307000000.0,,3720000000.0,14083000000.0,10296000000.0,1.367812742812743
UUAM,2025-03-21T10:54:32.868917,Austria,Europe,Under Armour A,Unknown,EUR,investpy,,,,,,,,,,,,,,,,,,,,,,,,,,,,
MLGML,2025-03-21T10:54:32.916182,France,Europe,Gour Medical,Unknown,EUR,investpy,,,,,,,,,,,,,,,,,,,,,,,,,,,,
CHRA,2025-03-21T10:54:33.041800,France,Europe,Imprimerie Chirat,Unknown,EUR,investpy,,,,,,,,,,,,,,,,,,,,,,,,,,,,
SIRI,2025-03-21T10:54:33.041800,Austria,Europe,Sirius XM,Unknown,EUR,investpy,,,,,,,,,,,,,,,,,,,,,,,,,,,,
FFPP,2025-03-21T10:54:27.513689,Germany,Europe,Fast Finance Pay Corp.,PNK,USD,"investpy, Yahoo Finance",Software - Infrastructure,Technology,220275200.0,10433549.0,0.05447,-0.00892,0.082100004,0.03113,,,21.112202,30.18868,220338272.0,,https://ff24pay-corp.com,,,,,,,,,,,,,
MOGP,2025-03-21T10:54:33.087815,United Kingdom,Europe,Mountfield,Unknown,GBP,investpy,,,,,,,,,,,,,,,,,,,,,,,,,,,,
BLS,2025-03-21T10:54:33.103819,Switzerland,Europe,Blackstone Resources,Unknown,CHF,investpy,,,,,,,,,,,,,,,,,,,,,,,,,,,,
8TRA,2025-03-21T10:54:33.119855,Germany,Europe,Traton,Unknown,EUR,investpy,,,,,,,,,,,,,,,,,,,,,,,,,,,,
RSER,2025-03-21T10:54:33.119855,United Kingdom,Europe,REL,Unknown,GBP,investpy,,,,,,,,,,,,,,,,,,,,,,,,,,,,
FSV,2025-03-21T10:54:33.165334,United Kingdom,Europe,Fidelity Special,Unknown,GBP,investpy,,,,,,,,,,,,,,,,,,,,,,,,,,,,
RUSHF,2025-03-21T10:54:33.228664,Finland,Europe,Rush Factory,Unknown,EUR,investpy,,,,,,,,,,,,,,,,,,,,,,,,,,,,
CRBHO,2025-03-21T10:54:33.339537,Spain,Europe,Cerbium,Unknown,EUR,investpy,,,,,,,,,,,,,,,,,,,,,,,,,,,,
ALEZV,2025-03-21T10:54:33.384698,France,Europe,Easyvista,Unknown,EUR,investpy,,,,,,,,,,,,,,,,,,,,,,,,,,,,
VOGr,2025-03-21T10:54:33.399929,Greece,Europe,Vogiatzoglou Systems R,Unknown,EUR,investpy,,,,,,,,,,,,,,,,,,,,,,,,,,,,
UTX,2025-03-21T10:54:33.399929,Switzerland,Europe,United Technologies,Unknown,CHF,investpy,,,,,,,,,,,,,,,,,,,,,,,,,,,,
ISRGE,2025-03-21T10:54:33.415460,Austria,Europe,Intuitive Surgical,Unknown,EUR,investpy,,,,,,,,,,,,,,,,,,,,,,,,,,,,
XTR,2025-03-21T10:54:33.447173,United Kingdom,Europe,Xtract Resources,Unknown,GBP,investpy,,,,,,,,,,,,,,,,,,,,,,,,,,,,
OSSR,2025-03-21T10:54:33.463172,Denmark,Europe,Ossur,Unknown,DKK,investpy,,,,,,,,,,,,,,,,,,,,,,,,,,,,
SENZA,2025-03-21T10:54:33.510519,Sweden,Europe,SenzaGen,Unknown,SEK,investpy,,,,,,,,,,,,,,,,,,,,,,,,,,,,
YMRE,2025-03-21T10:54:33.713421,Spain,Europe,Meridia RE III,Unknown,EUR,investpy,,,,,,,,,,,,,,,,,,,,,,,,,,,,
SOWGn,2025-03-21T10:54:33.728604,Germany,Europe,Software AG,Unknown,EUR,investpy,,,,,,,,,,,,,,,,,,,,,,,,,,,,
ENS,2025-03-21T10:54:33.728604,Germany,Europe,Enersys,Unknown,EUR,investpy,,,,,,,,,,,,,,,,,,,,,,,,,,,,
TOM,2025-03-21T10:54:33.728604,Norway,Europe,Tomra Systems,Unknown,NOK,investpy,,,,,,,,,,,,,,,,,,,,,,,,,,,,
ACX,2025-03-21T10:54:33.728604,Spain,Europe,Acerinox,Unknown,EUR,investpy,,,,,,,,,,,,,,,,,,,,,,,,,,,,
MAERSKb,2025-03-21T10:54:33.759438,Denmark,Europe,Moller Maersk B,Unknown,DKK,investpy,,,,,,,,,,,,,,,,,,,,,,,,,,,,
BMWG,2025-03-21T10:54:33.838591,Germany,Europe,BMW ST,Unknown,EUR,investpy,,,,,,,,,,,,,,,,,,,,,,,,,,,,
DGV,2025-03-21T10:54:33.838591,Italy,Europe,Digital Value,Unknown,EUR,investpy,,,,,,,,,,,,,,,,,,,,,,,,,,,,
TL5,2025-03-21T10:54:33.995529,Spain,Europe,Mediaset,Unknown,EUR,investpy,,,,,,,,,,,,,,,,,,,,,,,,,,,,
NEWT,2025-03-21T10:54:34.010866,Belgium,Europe,Newtree,Unknown,EUR,investpy,,,,,,,,,,,,,,,,,,,,,,,,,,,,
PEG,2025-03-21T10:54:34.026894,Germany,Europe,Public Service Enterprise,Unknown,EUR,investpy,,,,,,,,,,,,,,,,,,,,,,,,,,,,
LIVIH,2025-03-21T10:54:34.089092,Sweden,Europe,Liv ihop,Unknown,SEK,investpy,,,,,,,,,,,,,,,,,,,,,,,,,,,,
CTNGk,2025-03-21T10:54:34.089092,Germany,Europe,Centrotherm,Unknown,EUR,investpy,,,,,,,,,,,,,,,,,,,,,,,,,,,,
QTCOM,2025-03-21T10:54:34.105086,Finland,Europe,Qt,Unknown,EUR,investpy,,,,,,,,,,,,,,,,,,,,,,,,,,,,
PDG,2025-03-21T10:54:34.105086,United Kingdom,Europe,Pendragon,Unknown,GBP,investpy,,,,,,,,,,,,,,,,,,,,,,,,,,,,
UTDI,2025-03-21T10:54:34.168215,Switzerland,Europe,United Internet AG,Unknown,CHF,investpy,,,,,,,,,,,,,,,,,,,,,,,,,,,,
ALWIT,2025-03-21T10:54:34.325824,France,Europe,Witbe Net,Unknown,EUR,investpy,,,,,,,,,,,,,,,,,,,,,,,,,,,,
WPL,2025-03-21T10:54:34.340849,Germany,Europe,Woodside Petroleum,Unknown,EUR,investpy,,,,,,,,,,,,,,,,,,,,,,,,,,,,
PFD,2025-03-21T10:54:34.340849,United Kingdom,Europe,Premier Foods,Unknown,GBP,investpy,,,,,,,,,,,,,,,,,,,,,,,,,,,,
GAV,2025-03-21T10:54:34.356411,Switzerland,Europe,Carlo Gavazzi Holding AG,Unknown,CHF,investpy,,,,,,,,,,,,,,,,,,,,,,,,,,,,
MKS,2025-03-21T10:54:34.388411,United Kingdom,Europe,Marks & Spencer,Unknown,GBP,investpy,,,,,,,,,,,,,,,,,,,,,,,,,,,,
PST,2025-03-21T10:54:34.404475,Italy,Europe,Poste Italiane,Unknown,EUR,investpy,,,,,,,,,,,,,,,,,,,,,,,,,,,,
SFAr,2025-03-21T10:54:34.435984,Greece,Europe,Sfakianakis R,Unknown,EUR,investpy,,,,,,,,,,,,,,,,,,,,,,,,,,,,
ORNAV,2025-03-21T10:54:34.468041,Finland,Europe,Orion Oyj A,Unknown,EUR,investpy,,,,,,,,,,,,,,,,,,,,,,,,,,,,
LAM,2025-03-21T10:54:34.625398,United Kingdom,Europe,Lamprell,Unknown,GBP,investpy,,,,,,,,,,,,,,,,,,,,,,,,,,,,
LLOY,2025-03-21T10:54:34.641399,Switzerland,Europe,Lloyds Banking,Unknown,CHF,investpy,,,,,,,,,,,,,,,,,,,,,,,,,,,,
BBN1,2025-03-21T10:54:34.641399,Germany,Europe,The Blackstone,Unknown,EUR,investpy,,,,,,,,,,,,,,,,,,,,,,,,,,,,
DBPHAb,2025-03-21T10:54:34.673399,Sweden,Europe,Double Bond Pharma,Unknown,SEK,investpy,,,,,,,,,,,,,,,,,,,,,,,,,,,,
EURA,2025-03-21T10:54:34.720695,Germany,Europe,Eurazeo,Unknown,EUR,investpy,,,,,,,,,,,,,,,,,,,,,,,,,,,,
AM3D,2025-03-21T10:54:34.752696,Austria,Europe,SLM Solutions,Unknown,EUR,investpy,,,,,,,,,,,,,,,,,,,,,,,,,,,,
WXFB,2025-03-21T10:54:34.768696,Austria,Europe,Warimpex Ag,Unknown,EUR,investpy,,,,,,,,,,,,,,,,,,,,,,,,,,,,
CADNi,2025-03-21T10:54:34.816194,France,Europe,CRCAM Nord,Unknown,EUR,investpy,,,,,,,,,,,,,,,,,,,,,,,,,,,,
WOLS,2025-03-21T10:54:34.911702,Belgium,Europe,Association des Commercants,Unknown,EUR,investpy,,,,,,,,,,,,,,,,,,,,,,,,,,,,
BOR,2025-03-21T10:54:34.927707,Norway,Europe,Borgestad A,Unknown,NOK,investpy,,,,,,,,,,,,,,,,,,,,,,,,,,,,
BIOG,2025-03-21T10:54:34.974707,Germany,Europe,Biotest AG ST,Unknown,EUR,investpy,,,,,,,,,,,,,,,,,,,,,,,,,,,,
ELUXa,2025-03-21T10:54:35.006710,Sweden,Europe,Electrolux A,Unknown,SEK,investpy,,,,,,,,,,,,,,,,,,,,,,,,,,,,
EUWT,2025-03-21T10:54:35.070224,Spain,Europe,Eurona Wireless Telecom S.A.,Unknown,EUR,investpy,,,,,,,,,,,,,,,,,,,,,,,,,,,,
PARG,2025-03-21T10:54:35.070224,Switzerland,Europe,Pargesa I,Unknown,CHF,investpy,,,,,,,,,,,,,,,,,,,,,,,,,,,,
DMSP,2025-03-21T10:54:35.117789,France,Europe,Diagnostic Medical,Unknown,EUR,investpy,,,,,,,,,,,,,,,,,,,,,,,,,,,,
IMPA,2025-03-21T10:54:35.181787,Portugal,Europe,Impresa,Unknown,EUR,investpy,,,,,,,,,,,,,,,,,,,,,,,,,,,,
CRAYON,2025-03-21T10:54:35.245303,Norway,Europe,Crayon,Unknown,NOK,investpy,,,,,,,,,,,,,,,,,,,,,,,,,,,,
IRONI,2025-03-21T10:54:35.277302,United Kingdom,Europe,Ironveld,Unknown,GBP,investpy,,,,,,,,,,,,,,,,,,,,,,,,,,,,
ITS,2025-03-21T10:54:35.309308,France,Europe,ITS Group,Unknown,EUR,investpy,,,,,,,,,,,,,,,,,,,,,,,,,,,,
ASCr,2025-03-21T10:54:35.324820,Greece,Europe,AS Company,Unknown,EUR,investpy,,,,,,,,,,,,,,,,,,,,,,,,,,,,
COLOb,2025-03-21T10:54:35.340822,Switzerland,Europe,Coloplast,Unknown,CHF,investpy,,,,,,,,,,,,,,,,,,,,,,,,,,,,
EVRY,2025-03-21T10:54:35.355821,Norway,Europe,EVRY,Unknown,NOK,investpy,,,,,,,,,,,,,,,,,,,,,,,,,,,,
BSTA,2025-03-21T10:54:35.451338,Italy,Europe,Banca Sistema Spa,Unknown,EUR,investpy,,,,,,,,,,,,,,,,,,,,,,,,,,,,
GWMO,2025-03-21T10:54:35.451338,Ireland,Europe,Great Western Mining,Unknown,EUR,investpy,,,,,,,,,,,,,,,,,,,,,,,,,,,,
CWCG,2025-03-21T10:54:35.529851,Austria,Europe,Cewe Color,Unknown,EUR,investpy,,,,,,,,,,,,,,,,,,,,,,,,,,,,
AMD,2025-03-21T10:54:35.545955,Germany,Europe,AMD,Unknown,EUR,investpy,,,,,,,,,,,,,,,,,,,,,,,,,,,,
PQ,2025-03-21T10:54:35.609610,Italy,Europe,Piquadro,Unknown,EUR,investpy,,,,,,,,,,,,,,,,,,,,,,,,,,,,
IC2,2025-03-21T10:54:35.625158,Germany,Europe,ICE,Unknown,EUR,investpy,,,,,,,,,,,,,,,,,,,,,,,,,,,,
AIRN,2025-03-21T10:54:35.655790,Switzerland,Europe,Airopack Tech Group AG,Unknown,CHF,investpy,,,,,,,,,,,,,,,,,,,,,,,,,,,,
ALPER,2025-03-21T10:54:35.671822,France,Europe,La Perla,Unknown,EUR,investpy,,,,,,,,,,,,,,,,,,,,,,,,,,,,
BBA,2025-03-21T10:54:35.719318,United Kingdom,Europe,BBA Aviation,Unknown,GBP,investpy,,,,,,,,,,,,,,,,,,,,,,,,,,,,
MUUSD,2025-03-21T10:54:35.799549,Switzerland,Europe,Micron,Unknown,USD,investpy,,,,,,,,,,,,,,,,,,,,,,,,,,,,
TVDGk,2025-03-21T10:54:35.863062,Germany,Europe,Travel24.Com AG,Unknown,EUR,investpy,,,,,,,,,,,,,,,,,,,,,,,,,,,,
AEDAy,2025-03-21T10:54:35.894326,Germany,Europe,Grupo Aeroportuario Sureste ADR,Unknown,EUR,investpy,,,,,,,,,,,,,,,,,,,,,,,,,,,,
NYFO,2025-03-21T10:54:35.940959,Sweden,Europe,Nyfosa,Unknown,SEK,investpy,,,,,,,,,,,,,,,,,,,,,,,,,,,,
MLIML,2025-03-21T10:54:35.940959,France,Europe,Imalliance,Unknown,EUR,investpy,,,,,,,,,,,,,,,,,,,,,,,,,,,,
PHAR,2025-03-21T10:54:36.004741,Netherlands,Europe,Pharming Group,Unknown,EUR,investpy,,,,,,,,,,,,,,,,,,,,,,,,,,,,
KOFy,2025-03-21T10:54:36.020878,Germany,Europe,Coca Cola Femsa ADR,Unknown,EUR,investpy,,,,,,,,,,,,,,,,,,,,,,,,,,,,
WEN,2025-03-21T10:54:36.036388,United Kingdom,Europe,Wentworth,Unknown,GBP,investpy,,,,,,,,,,,,,,,,,,,,,,,,,,,,
RACE,2025-03-21T10:54:36.132532,Italy,Europe,Ferrari NV,Unknown,EUR,investpy,,,,,,,,,,,,,,,,,,,,,,,,,,,,
HOLMb,2025-03-21T10:54:36.163394,Sweden,Europe,Holmen,Unknown,SEK,investpy,,,,,,,,,,,,,,,,,,,,,,,,,,,,
DALI,2025-03-21T10:54:36.240823,Switzerland,Europe,Delta Air Lines,Unknown,CHF,investpy,,,,,,,,,,,,,,,,,,,,,,,,,,,,
ZILGn,2025-03-21T10:54:36.271473,Germany,Europe,Elringklinger AG,Unknown,EUR,investpy,,,,,,,,,,,,,,,,,,,,,,,,,,,,
ENER,2025-03-21T10:54:36.287472,Italy,Europe,Enertronica,Unknown,EUR,investpy,,,,,,,,,,,,,,,,,,,,,,,,,,,,
KAKEL,2025-03-21T10:54:36.287472,Sweden,Europe,Kakel Max,Unknown,SEK,investpy,,,,,,,,,,,,,,,,,,,,,,,,,,,,
OMNIC,2025-03-21T10:54:36.382697,Sweden,Europe,OmniCar,Unknown,SEK,investpy,,,,,,,,,,,,,,,,,,,,,,,,,,,,
PSN,2025-03-21T10:54:36.382697,United Kingdom,Europe,Persimmon,Unknown,GBP,investpy,,,,,,,,,,,,,,,,,,,,,,,,,,,,
AF,2025-03-21T10:54:36.398722,Italy,Europe,Air France KLM,Unknown,EUR,investpy,,,,,,,,,,,,,,,,,,,,,,,,,,,,
HEIGEUR,2025-03-21T10:54:36.430232,Switzerland,Europe,Heidelbergcement,Unknown,EUR,investpy,,,,,,,,,,,,,,,,,,,,,,,,,,,,
GAPWb,2025-03-21T10:54:36.510236,Sweden,Europe,Gapwaves AB,Unknown,SEK,investpy,,,,,,,,,,,,,,,,,,,,,,,,,,,,
JM,2025-03-21T10:54:36.557795,Sweden,Europe,JM AB,Unknown,SEK,investpy,,,,,,,,,,,,,,,,,,,,,,,,,,,,
PROVIT,2025-03-21T10:54:36.605916,Sweden,Europe,Provide IT Sweden,Unknown,SEK,investpy,,,,,,,,,,,,,,,,,,,,,,,,,,,,
CBUY,2025-03-21T10:54:36.605916,United Kingdom,Europe,Cloudbuy PLC,Unknown,GBP,investpy,,,,,,,,,,,,,,,,,,,,,,,,,,,,
CSHG,2025-03-21T10:54:36.653487,Germany,Europe,Cenit AG,Unknown,EUR,investpy,,,,,,,,,,,,,,,,,,,,,,,,,,,,
ORP,2025-03-21T10:54:36.685484,France,Europe,Orpea,Unknown,EUR,investpy,,,,,,,,,,,,,,,,,,,,,,,,,,,,
CTSH,2025-03-21T10:54:36.764105,Germany,Europe,Cognizant A,Unknown,EUR,investpy,,,,,,,,,,,,,,,,,,,,,,,,,,,,
EPGT,2025-03-21T10:54:36.779105,United Kingdom,Europe,EP Global,Unknown,GBP,investpy,,,,,,,,,,,,,,,,,,,,,,,,,,,,
TSEC,2025-03-21T10:54:36.857623,Sweden,Europe,Tempest Security,Unknown,SEK,investpy,,,,,,,,,,,,,,,,,,,,,,,,,,,,
AST,2025-03-21T10:54:36.873622,Italy,Europe,Astaldi,Unknown,EUR,investpy,,,,,,,,,,,,,,,,,,,,,,,,,,,,
TOHN,2025-03-21T10:54:36.889622,Switzerland,Europe,Tornos,Unknown,CHF,investpy,,,,,,,,,,,,,,,,,,,,,,,,,,,,
LNRE,2025-03-21T10:54:36.969251,Belgium,Europe,Leasinvest,Unknown,EUR,investpy,,,,,,,,,,,,,,,,,,,,,,,,,,,,
SBOE,2025-03-21T10:54:37.001298,Switzerland,Europe,Schoeller-Bleckmann AG,Unknown,CHF,investpy,,,,,,,,,,,,,,,,,,,,,,,,,,,,
NIO,2025-03-21T10:54:37.017390,Sweden,Europe,Nordic Iron Ore,Unknown,SEK,investpy,,,,,,,,,,,,,,,,,,,,,,,,,,,,
HPOLb,2025-03-21T10:54:37.081501,Sweden,Europe,HEXPOL B,Unknown,SEK,investpy,,,,,,,,,,,,,,,,,,,,,,,,,,,,
STL,2025-03-21T10:54:37.096720,Switzerland,Europe,Equinor,Unknown,CHF,investpy,,,,,,,,,,,,,,,,,,,,,,,,,,,,
PITE,2025-03-21T10:54:37.190159,Italy,Europe,PiteCo SpA,Unknown,EUR,investpy,,,,,,,,,,,,,,,,,,,,,,,,,,,,
RCP,2025-03-21T10:54:37.190159,United Kingdom,Europe,RIT Capital,Unknown,GBP,investpy,,,,,,,,,,,,,,,,,,,,,,,,,,,,
ZALG,2025-03-21T10:54:37.205698,Switzerland,Europe,Zalando SE,Unknown,CHF,investpy,,,,,,,,,,,,,,,,,,,,,,,,,,,,
SIG,2025-03-21T10:54:37.285000,Germany,Europe,Signet Jewelers,Unknown,EUR,investpy,,,,,,,,,,,,,,,,,,,,,,,,,,,,
HITy,2025-03-21T10:54:37.301076,Germany,Europe,Hitachi ADR,Unknown,EUR,investpy,,,,,,,,,,,,,,,,,,,,,,,,,,,,
TEAM,2025-03-21T10:54:37.331742,Norway,Europe,Team Tankers International Ltd,Unknown,NOK,investpy,,,,,,,,,,,,,,,,,,,,,,,,,,,,
AFGNOK,2025-03-21T10:54:37.363786,Sweden,Europe,Af Gruppen,Unknown,NOK,investpy,,,,,,,,,,,,,,,,,,,,,,,,,,,,
CPHN,2025-03-21T10:54:37.379819,Switzerland,Europe,CPH Chemie und Papier Holding,Unknown,CHF,investpy,,,,,,,,,,,,,,,,,,,,,,,,,,,,
SECS,2025-03-21T10:54:37.457920,Sweden,Europe,Sensec,Unknown,SEK,investpy,,,,,,,,,,,,,,,,,,,,,,,,,,,,
ELO1,2025-03-21T10:54:37.552015,Germany,Europe,Eldorado Gold,Unknown,EUR,investpy,,,,,,,,,,,,,,,,,,,,,,,,,,,,
TIRU,2025-03-21T10:54:37.568050,United Kingdom,Europe,Tiger,Unknown,GBP,investpy,,,,,,,,,,,,,,,,,,,,,,,,,,,,
STRONG,2025-03-21T10:54:37.583428,Norway,Europe,Strongpoint,Unknown,NOK,investpy,,,,,,,,,,,,,,,,,,,,,,,,,,,,
ABSLC,2025-03-21T10:54:37.583428,Sweden,Europe,Absolicon Solar Collector,Unknown,SEK,investpy,,,,,,,,,,,,,,,,,,,,,,,,,,,,
FFARM,2025-03-21T10:54:37.646674,Netherlands,Europe,ForFarmers,Unknown,EUR,investpy,,,,,,,,,,,,,,,,,,,,,,,,,,,,
SEMC,2025-03-21T10:54:37.724520,Sweden,Europe,Semcon AB,Unknown,SEK,investpy,,,,,,,,,,,,,,,,,,,,,,,,,,,,
JINNOK,2025-03-21T10:54:37.740554,Sweden,Europe,Jinhui Shipping,Unknown,NOK,investpy,,,,,,,,,,,,,,,,,,,,,,,,,,,,
ALGBE,2025-03-21T10:54:37.772221,France,Europe,Glob Bioenergi,Unknown,EUR,investpy,,,,,,,,,,,,,,,,,,,,,,,,,,,,
JNPR,2025-03-21T10:54:37.819292,Germany,Europe,Juniper,Unknown,EUR,investpy,,,,,,,,,,,,,,,,,,,,,,,,,,,,
CEXAy,2025-03-21T10:54:37.898291,Germany,Europe,Cemex ADR,Unknown,EUR,investpy,,,,,,,,,,,,,,,,,,,,,,,,,,,,
SACP,2025-03-21T10:54:37.898291,France,Europe,Fiducial Office,Unknown,EUR,investpy,,,,,,,,,,,,,,,,,,,,,,,,,,,,
LECO,2025-03-21T10:54:37.929433,Germany,Europe,Lincoln Electrics,Unknown,EUR,investpy,,,,,,,,,,,,,,,,,,,,,,,,,,,,
JCQ,2025-03-21T10:54:38.007752,France,Europe,Jacquet Metal,Unknown,EUR,investpy,,,,,,,,,,,,,,,,,,,,,,,,,,,,
CWCG,2025-03-21T10:54:38.023770,Germany,Europe,Cewe Color,Unknown,EUR,investpy,,,,,,,,,,,,,,,,,,,,,,,,,,,,
KAMUX,2025-03-21T10:54:38.038767,Finland,Europe,Kamux Suomi,Unknown,EUR,investpy,,,,,,,,,,,,,,,,,,,,,,,,,,,,
ERM,2025-03-21T10:54:38.102848,United Kingdom,Europe,Euromoney,Unknown,GBP,investpy,,,,,,,,,,,,,,,,,,,,,,,,,,,,
BURF,2025-03-21T10:54:38.165136,United Kingdom,Europe,Burford,Unknown,GBP,investpy,,,,,,,,,,,,,,,,,,,,,,,,,,,,
THINNOK,2025-03-21T10:54:38.180424,Sweden,Europe,Thin Film Electronics ASA,Unknown,NOK,investpy,,,,,,,,,,,,,,,,,,,,,,,,,,,,
CLBIO,2025-03-21T10:54:38.243251,Sweden,Europe,Corline Biomedical AB,Unknown,SEK,investpy,,,,,,,,,,,,,,,,,,,,,,,,,,,,
MIDWa,2025-03-21T10:54:38.275233,Sweden,Europe,Midway Holding A,Unknown,SEK,investpy,,,,,,,,,,,,,,,,,,,,,,,,,,,,
MOWI,2025-03-21T10:54:38.290784,Norway,Europe,Marine Harvest,Unknown,NOK,investpy,,,,,,,,,,,,,,,,,,,,,,,,,,,,
CSGG,2025-03-21T10:54:38.369481,Germany,Europe,China Specialty Glass AG,Unknown,EUR,investpy,,,,,,,,,,,,,,,,,,,,,,,,,,,,
MLFDV,2025-03-21T10:54:38.369481,France,Europe,Franck Deville SA,Unknown,EUR,investpy,,,,,,,,,,,,,,,,,,,,,,,,,,,,
DPWGn,2025-03-21T10:54:38.447655,Switzerland,Europe,Deutsche Post,Unknown,CHF,investpy,,,,,,,,,,,,,,,,,,,,,,,,,,,,
CLINEb,2025-03-21T10:54:38.447655,Sweden,Europe,Cline Scientific AB,Unknown,SEK,investpy,,,,,,,,,,,,,,,,,,,,,,,,,,,,
HEIN,2025-03-21T10:54:38.479515,Netherlands,Europe,Heineken,Unknown,EUR,investpy,,,,,,,,,,,,,,,,,,,,,,,,,,,,
BYWG,2025-03-21T10:54:38.542849,Germany,Europe,Baywa AG,Unknown,EUR,investpy,,,,,,,,,,,,,,,,,,,,,,,,,,,,
CBSM,2025-03-21T10:54:38.558712,France,Europe,SCBSM,Unknown,EUR,investpy,,,,,,,,,,,,,,,,,,,,,,,,,,,,
MA,2025-03-21T10:54:38.621028,Austria,Europe,Mastercard,Unknown,EUR,investpy,,,,,,,,,,,,,,,,,,,,,,,,,,,,
LM,2025-03-21T10:54:38.652264,Germany,Europe,Legg Mason,Unknown,EUR,investpy,,,,,,,,,,,,,,,,,,,,,,,,,,,,
EDP,2025-03-21T10:54:38.667376,Portugal,Europe,EDP,Unknown,EUR,investpy,,,,,,,,,,,,,,,,,,,,,,,,,,,,
IKGn,2025-03-21T10:54:38.794339,Italy,Europe,Intek RSP,Unknown,EUR,investpy,,,,,,,,,,,,,,,,,,,,,,,,,,,,
SFCC,2025-03-21T10:54:38.810413,Switzerland,Europe,SF Commercial Properties Fund,Unknown,CHF,investpy,,,,,,,,,,,,,,,,,,,,,,,,,,,,
DRLCO,2025-03-21T10:54:38.826272,Denmark,Europe,Maersk Drilling,Unknown,DKK,investpy,,,,,,,,,,,,,,,,,,,,,,,,,,,,
ADMr,2025-03-21T10:54:38.842306,Greece,Europe,Holding Company ADMIE,Unknown,EUR,investpy,,,,,,,,,,,,,,,,,,,,,,,,,,,,
RUBF,2025-03-21T10:54:38.935834,France,Europe,Rubis,Unknown,EUR,investpy,,,,,,,,,,,,,,,,,,,,,,,,,,,,
ATSV,2025-03-21T10:54:38.935834,Austria,Europe,At&S Austria,Unknown,EUR,investpy,,,,,,,,,,,,,,,,,,,,,,,,,,,,
KEKr,2025-03-21T10:54:38.997786,Greece,Europe,Kekrops,Unknown,EUR,investpy,,,,,,,,,,,,,,,,,,,,,,,,,,,,
COSG,2025-03-21T10:54:39.028159,United Kingdom,Europe,Costain,Unknown,GBP,investpy,,,,,,,,,,,,,,,,,,,,,,,,,,,,
INME,2025-03-21T10:54:39.106055,Ireland,Europe,Independent News,Unknown,EUR,investpy,,,,,,,,,,,,,,,,,,,,,,,,,,,,
KU2G,2025-03-21T10:54:39.137625,Germany,Europe,Kuka AG,Unknown,EUR,investpy,,,,,,,,,,,,,,,,,,,,,,,,,,,,
LNA,2025-03-21T10:54:39.137625,France,Europe,Le Noble Age,Unknown,EUR,investpy,,,,,,,,,,,,,,,,,,,,,,,,,,,,
MNKS,2025-03-21T10:54:39.200864,United Kingdom,Europe,Monks,Unknown,GBP,investpy,,,,,,,,,,,,,,,,,,,,,,,,,,,,
ABT,2025-03-21T10:54:39.247523,Germany,Europe,Abbott Labs,Unknown,EUR,investpy,,,,,,,,,,,,,,,,,,,,,,,,,,,,
TLW,2025-03-21T10:54:39.263608,United Kingdom,Europe,Tullow Oil,Unknown,GBP,investpy,,,,,,,,,,,,,,,,,,,,,,,,,,,,
NOV,2025-03-21T10:54:39.310659,Germany,Europe,National Oilwell Varco,Unknown,EUR,investpy,,,,,,,,,,,,,,,,,,,,,,,,,,,,
ARCT,2025-03-21T10:54:39.357097,Sweden,Europe,Arctic Gold Publ AB,Unknown,SEK,investpy,,,,,,,,,,,,,,,,,,,,,,,,,,,,
BR,2025-03-21T10:54:39.419363,Germany,Europe,Broadridge,Unknown,EUR,investpy,,,,,,,,,,,,,,,,,,,,,,,,,,,,
TR1,2025-03-21T10:54:39.467103,Spain,Europe,Tier1,Unknown,EUR,investpy,,,,,,,,,,,,,,,,,,,,,,,,,,,,
HAVb,2025-03-21T10:54:39.467103,Sweden,Europe,Havsfrun Investment,Unknown,SEK,investpy,,,,,,,,,,,,,,,,,,,,,,,,,,,,
AZN,2025-03-21T10:44:28.996004,United Kingdom,Europe,Astrazeneca PLC,NMS,USD,"investpy, Yahoo Finance",Drug Manufacturers - General,Healthcare,237457620992.0,54072999936.0,0.1301,0.22718,0.17593999,0.078779995,13.938069,34.00889,4.3914266,2.909063,143667806208.0,94300.0,https://www.astrazeneca.com,54073000000.0,10003000000.0,7035000000.0,17121000000.0,43866000000.0,2024-12-31,104035000000.0,30114000000.0,,5488000000.0,25827000000.0,27866000000.0,0.9268283930237565
NOVN,2025-03-21T10:54:39.562016,Switzerland,Europe,Novartis,Unknown,CHF,investpy,,,,,,,,,,,,,,,,,,,,,,,,,,,,
ARYN,2025-03-21T10:54:39.577205,Switzerland,Europe,Aryzta,Unknown,CHF,investpy,,,,,,,,,,,,,,,,,,,,,,,,,,,,
COCA,2025-03-21T10:54:39.577205,Germany,Europe,Coca-Cola Amatil,Unknown,EUR,investpy,,,,,,,,,,,,,,,,,,,,,,,,,,,,
TGTG,2025-03-21T10:54:39.607451,Germany,Europe,11 88 0 Solutions,Unknown,EUR,investpy,,,,,,,,,,,,,,,,,,,,,,,,,,,,
LFDE,2025-03-21T10:54:39.714353,France,Europe,La Francaise de l'Energie,Unknown,EUR,investpy,,,,,,,,,,,,,,,,,,,,,,,,,,,,
BKWB,2025-03-21T10:54:39.746405,Switzerland,Europe,BKW AG,Unknown,CHF,investpy,,,,,,,,,,,,,,,,,,,,,,,,,,,,
ZG,2025-03-21T10:54:39.794452,Switzerland,Europe,Zuger Kantonalbank,Unknown,CHF,investpy,,,,,,,,,,,,,,,,,,,,,,,,,,,,
CELL,2025-03-21T10:54:39.856624,Italy,Europe,Cellularline,Unknown,EUR,investpy,,,,,,,,,,,,,,,,,,,,,,,,,,,,
AAHG,2025-03-21T10:54:39.856624,Germany,Europe,Ahlers,Unknown,EUR,investpy,,,,,,,,,,,,,,,,,,,,,,,,,,,,
MALAR,2025-03-21T10:54:39.903790,Sweden,Europe,Malarasen,Unknown,SEK,investpy,,,,,,,,,,,,,,,,,,,,,,,,,,,,
SHLF,2025-03-21T10:54:39.934108,Norway,Europe,Shelf Drilling,Unknown,NOK,investpy,,,,,,,,,,,,,,,,,,,,,,,,,,,,
1COV,2025-03-21T10:54:39.934108,Switzerland,Europe,Covestro,Unknown,CHF,investpy,,,,,,,,,,,,,,,,,,,,,,,,,,,,
V,2025-03-21T10:54:40.061707,Switzerland,Europe,Visa A,Unknown,CHF,investpy,,,,,,,,,,,,,,,,,,,,,,,,,,,,
KEYW,2025-03-21T10:54:40.061707,Belgium,Europe,Keyware Tech,Unknown,EUR,investpy,,,,,,,,,,,,,,,,,,,,,,,,,,,,
KOMPBK,2025-03-21T10:54:40.076938,Norway,Europe,Komplett Bank,Unknown,NOK,investpy,,,,,,,,,,,,,,,,,,,,,,,,,,,,
ADAPT,2025-03-21T10:54:40.123155,Sweden,Europe,Adapteo,Unknown,SEK,investpy,,,,,,,,,,,,,,,,,,,,,,,,,,,,
LOOK,2025-03-21T10:54:40.138155,United Kingdom,Europe,Lookers,Unknown,GBP,investpy,,,,,,,,,,,,,,,,,,,,,,,,,,,,
PL6,2025-03-21T10:54:40.232610,Germany,Europe,Polaris Industries,Unknown,EUR,investpy,,,,,,,,,,,,,,,,,,,,,,,,,,,,
SOI,2025-03-21T10:54:40.264170,United Kingdom,Europe,Schroder Oriental,Unknown,GBP,investpy,,,,,,,,,,,,,,,,,,,,,,,,,,,,
NAVYA,2025-03-21T10:54:40.280190,France,Europe,Navya,Unknown,EUR,investpy,,,,,,,,,,,,,,,,,,,,,,,,,,,,
SRSP,2025-03-21T10:54:40.327764,United Kingdom,Europe,Sirius Petroleum,Unknown,GBP,investpy,,,,,,,,,,,,,,,,,,,,,,,,,,,,
ICAG,2025-03-21T10:54:40.390537,United Kingdom,Europe,IAG,Unknown,GBP,investpy,,,,,,,,,,,,,,,,,,,,,,,,,,,,
VACN,2025-03-21T10:54:40.406205,Switzerland,Europe,VAT Group,Unknown,CHF,investpy,,,,,,,,,,,,,,,,,,,,,,,,,,,,
DOTD,2025-03-21T10:54:40.422255,United Kingdom,Europe,Dotdigital,Unknown,GBP,investpy,,,,,,,,,,,,,,,,,,,,,,,,,,,,
ASMI,2025-03-21T10:54:40.437561,Netherlands,Europe,ASM,Unknown,EUR,investpy,,,,,,,,,,,,,,,,,,,,,,,,,,,,
UPSALE,2025-03-21T10:54:40.515388,Sweden,Europe,Upsales Tech,Unknown,SEK,investpy,,,,,,,,,,,,,,,,,,,,,,,,,,,,
G1AG,2025-03-21T10:54:40.546778,Switzerland,Europe,GEA Group AG,Unknown,CHF,investpy,,,,,,,,,,,,,,,,,,,,,,,,,,,,
EDIN,2025-03-21T10:54:40.593527,United Kingdom,Europe,Edinburgh Investment,Unknown,GBP,investpy,,,,,,,,,,,,,,,,,,,,,,,,,,,,
SHB,2025-03-21T10:54:40.625069,United Kingdom,Europe,Shaftesbury,Unknown,GBP,investpy,,,,,,,,,,,,,,,,,,,,,,,,,,,,
NNVDA,2025-03-21T10:54:40.767216,Italy,Europe,NVIDIA,Unknown,EUR,investpy,,,,,,,,,,,,,,,,,,,,,,,,,,,,
COREa,2025-03-21T10:54:40.767216,Sweden,Europe,Corem Property,Unknown,SEK,investpy,,,,,,,,,,,,,,,,,,,,,,,,,,,,
CXEN,2025-03-21T10:54:40.783231,Norway,Europe,Cxense,Unknown,NOK,investpy,,,,,,,,,,,,,,,,,,,,,,,,,,,,
GPROUSD,2025-03-21T10:54:40.798410,Switzerland,Europe,GoPro Inc,Unknown,USD,investpy,,,,,,,,,,,,,,,,,,,,,,,,,,,,
EOLUb,2025-03-21T10:54:40.798410,Sweden,Europe,Eolus Vind publ AB,Unknown,SEK,investpy,,,,,,,,,,,,,,,,,,,,,,,,,,,,
LSC,2025-03-21T10:54:40.908483,United Kingdom,Europe,London Security,Unknown,GBP,investpy,,,,,,,,,,,,,,,,,,,,,,,,,,,,
BINERO,2025-03-21T10:54:40.924284,Sweden,Europe,Oniva Online,Unknown,SEK,investpy,,,,,,,,,,,,,,,,,,,,,,,,,,,,
DANO,2025-03-21T10:54:41.003070,France,Europe,Danone,Unknown,EUR,investpy,,,,,,,,,,,,,,,,,,,,,,,,,,,,
TAST,2025-03-21T10:54:41.050315,United Kingdom,Europe,Tasty,Unknown,GBP,investpy,,,,,,,,,,,,,,,,,,,,,,,,,,,,
CTAS,2025-03-21T10:54:41.066319,Austria,Europe,Cintas,Unknown,EUR,investpy,,,,,,,,,,,,,,,,,,,,,,,,,,,,
AIXGn,2025-03-21T10:54:41.081789,Germany,Europe,Aixtron,Unknown,EUR,investpy,,,,,,,,,,,,,,,,,,,,,,,,,,,,
BALYO,2025-03-21T10:54:41.113558,France,Europe,Balyo,Unknown,EUR,investpy,,,,,,,,,,,,,,,,,,,,,,,,,,,,
FIPPG,2025-03-21T10:54:41.129599,United Kingdom,Europe,Frontier IP,Unknown,GBP,investpy,,,,,,,,,,,,,,,,,,,,,,,,,,,,
YSPS,2025-03-21T10:54:41.177090,Spain,Europe,Student Properties,Unknown,EUR,investpy,,,,,,,,,,,,,,,,,,,,,,,,,,,,
SALM,2025-03-21T10:54:41.255973,Norway,Europe,SalMar,Unknown,NOK,investpy,,,,,,,,,,,,,,,,,,,,,,,,,,,,
BNRGn,2025-03-21T10:54:41.287186,Germany,Europe,Brenntag AG,Unknown,EUR,investpy,,,,,,,,,,,,,,,,,,,,,,,,,,,,
ENERS,2025-03-21T10:54:41.350242,Sweden,Europe,Enersize,Unknown,SEK,investpy,,,,,,,,,,,,,,,,,,,,,,,,,,,,
DAL,2025-03-21T10:54:41.397289,Italy,Europe,Datalogic,Unknown,EUR,investpy,,,,,,,,,,,,,,,,,,,,,,,,,,,,
VIFN,2025-03-21T10:54:41.413293,Switzerland,Europe,Vifor Pharma,Unknown,CHF,investpy,,,,,,,,,,,,,,,,,,,,,,,,,,,,
MLMON,2025-03-21T10:54:41.428801,France,Europe,MonFinancier,Unknown,EUR,investpy,,,,,,,,,,,,,,,,,,,,,,,,,,,,
INSTAL,2025-03-21T10:54:41.428801,Sweden,Europe,Instalco Intressenter,Unknown,SEK,investpy,,,,,,,,,,,,,,,,,,,,,,,,,,,,
STAB,2025-03-21T10:54:41.475801,Austria,Europe,Stabilus,Unknown,EUR,investpy,,,,,,,,,,,,,,,,,,,,,,,,,,,,
KLR,2025-03-21T10:54:41.554018,United Kingdom,Europe,Keller,Unknown,GBP,investpy,,,,,,,,,,,,,,,,,,,,,,,,,,,,
FIS,2025-03-21T10:54:41.602023,Germany,Europe,Fidelity National Info,Unknown,EUR,investpy,,,,,,,,,,,,,,,,,,,,,,,,,,,,
OTELLO,2025-03-21T10:54:41.679980,Norway,Europe,Opera Software,Unknown,NOK,investpy,,,,,,,,,,,,,,,,,,,,,,,,,,,,
ELYA,2025-03-21T10:54:41.679980,Germany,Europe,G8 Education,Unknown,EUR,investpy,,,,,,,,,,,,,,,,,,,,,,,,,,,,
SOGNS,2025-03-21T10:54:41.695221,Norway,Europe,Sogn Sparebank,Unknown,NOK,investpy,,,,,,,,,,,,,,,,,,,,,,,,,,,,
AGATE,2025-03-21T10:54:41.710845,Denmark,Europe,Agat Ejendomme,Unknown,DKK,investpy,,,,,,,,,,,,,,,,,,,,,,,,,,,,
WEBO,2025-03-21T10:54:41.725976,Italy,Europe,Websolute,Unknown,EUR,investpy,,,,,,,,,,,,,,,,,,,,,,,,,,,,
SNH,2025-03-21T10:54:41.819731,Germany,Europe,Senior Housing Properties,Unknown,EUR,investpy,,,,,,,,,,,,,,,,,,,,,,,,,,,,
GSS,2025-03-21T10:54:41.835276,United Kingdom,Europe,Genesis Emerg Mkts,Unknown,GBP,investpy,,,,,,,,,,,,,,,,,,,,,,,,,,,,
HD,2025-03-21T10:54:41.962132,Austria,Europe,Home Depot,Unknown,EUR,investpy,,,,,,,,,,,,,,,,,,,,,,,,,,,,
PXD,2025-03-21T10:54:41.962132,Germany,Europe,Pioneer Natural,Unknown,EUR,investpy,,,,,,,,,,,,,,,,,,,,,,,,,,,,
HASE,2025-03-21T10:54:42.009047,United Kingdom,Europe,Hargreaves Services,Unknown,GBP,investpy,,,,,,,,,,,,,,,,,,,,,,,,,,,,
MMSFT,2025-03-21T10:54:42.057136,Italy,Europe,Microsoft,Unknown,EUR,investpy,,,,,,,,,,,,,,,,,,,,,,,,,,,,
LASP,2025-03-21T10:54:42.057136,Denmark,Europe,Lan og Spar Bank,Unknown,DKK,investpy,,,,,,,,,,,,,,,,,,,,,,,,,,,,
CMA,2025-03-21T10:54:42.073166,Germany,Europe,Comerica,Unknown,EUR,investpy,,,,,,,,,,,,,,,,,,,,,,,,,,,,
UNG,2025-03-21T10:54:42.120758,United Kingdom,Europe,Universe,Unknown,GBP,investpy,,,,,,,,,,,,,,,,,,,,,,,,,,,,
CFVT,2025-03-21T10:54:42.168106,Italy,Europe,Confinvest,Unknown,EUR,investpy,,,,,,,,,,,,,,,,,,,,,,,,,,,,
HYARD,2025-03-21T10:54:42.262088,Norway,Europe,Havyard Group ASA,Unknown,NOK,investpy,,,,,,,,,,,,,,,,,,,,,,,,,,,,
PAGR,2025-03-21T10:54:42.340080,Italy,Europe,Panariagroup,Unknown,EUR,investpy,,,,,,,,,,,,,,,,,,,,,,,,,,,,
UTG,2025-03-21T10:54:42.371018,United Kingdom,Europe,Unite,Unknown,GBP,investpy,,,,,,,,,,,,,,,,,,,,,,,,,,,,
EVTG,2025-03-21T10:54:42.386503,Austria,Europe,Evotec AG,Unknown,EUR,investpy,,,,,,,,,,,,,,,,,,,,,,,,,,,,
SWUT,2025-03-21T10:54:42.386503,Austria,Europe,SW Umwelttechnik Stoiser Wolschner,Unknown,EUR,investpy,,,,,,,,,,,,,,,,,,,,,,,,,,,,
S2ME,2025-03-21T10:54:42.386503,Sweden,Europe,S2Medical,Unknown,SEK,investpy,,,,,,,,,,,,,,,,,,,,,,,,,,,,
XBRANE,2025-03-21T10:54:42.433874,Sweden,Europe,Xbrane Biopharma,Unknown,SEK,investpy,,,,,,,,,,,,,,,,,,,,,,,,,,,,
TEVAy,2025-03-21T10:54:42.448856,Germany,Europe,Teva ADR,Unknown,EUR,investpy,,,,,,,,,,,,,,,,,,,,,,,,,,,,
PSF,2025-03-21T10:54:42.636586,Italy,Europe,Poligrafica S Faustino,Unknown,EUR,investpy,,,,,,,,,,,,,,,,,,,,,,,,,,,,
KIDNOK,2025-03-21T10:54:42.715358,Sweden,Europe,Kid ASA,Unknown,NOK,investpy,,,,,,,,,,,,,,,,,,,,,,,,,,,,
ENALYZ,2025-03-21T10:54:42.715876,Denmark,Europe,Enalyzer A/S,Unknown,DKK,investpy,,,,,,,,,,,,,,,,,,,,,,,,,,,,
SOU,2025-03-21T10:54:42.731182,United Kingdom,Europe,Sound Energy,Unknown,GBP,investpy,,,,,,,,,,,,,,,,,,,,,,,,,,,,
SKBG,2025-03-21T10:54:42.731182,Germany,Europe,Koenig&Bauer AG,Unknown,EUR,investpy,,,,,,,,,,,,,,,,,,,,,,,,,,,,
ABT,2025-03-21T10:54:42.731182,Switzerland,Europe,Abbott Labs,Unknown,CHF,investpy,,,,,,,,,,,,,,,,,,,,,,,,,,,,
PRSO,2025-03-21T10:54:42.762976,Norway,Europe,Prosafe,Unknown,NOK,investpy,,,,,,,,,,,,,,,,,,,,,,,,,,,,
LRE,2025-03-21T10:54:42.763158,United Kingdom,Europe,Lancashire,Unknown,GBP,investpy,,,,,,,,,,,,,,,,,,,,,,,,,,,,
PSHG_p,2025-03-21T10:54:42.951443,Germany,Europe,Porsche,Unknown,EUR,investpy,,,,,,,,,,,,,,,,,,,,,,,,,,,,
UBIP,2025-03-21T10:54:42.998080,France,Europe,Ubisoft,Unknown,EUR,investpy,,,,,,,,,,,,,,,,,,,,,,,,,,,,
ODLNOK,2025-03-21T10:54:42.998080,Sweden,Europe,Odfjell Drilli,Unknown,NOK,investpy,,,,,,,,,,,,,,,,,,,,,,,,,,,,
PRY,2025-03-21T10:54:43.030096,Italy,Europe,Prysmian,Unknown,EUR,investpy,,,,,,,,,,,,,,,,,,,,,,,,,,,,
FOU,2025-03-21T10:54:43.030096,Belgium,Europe,Fountain,Unknown,EUR,investpy,,,,,,,,,,,,,,,,,,,,,,,,,,,,
ARTE,2025-03-21T10:54:43.077097,France,Europe,Artea SA,Unknown,EUR,investpy,,,,,,,,,,,,,,,,,,,,,,,,,,,,
LEV_p,2025-03-21T10:54:43.077097,Greece,Europe,N Leventeris,Unknown,EUR,investpy,,,,,,,,,,,,,,,,,,,,,,,,,,,,
FDPF,2025-03-21T10:54:43.139517,United Kingdom,Europe,First Derivatives,Unknown,GBP,investpy,,,,,,,,,,,,,,,,,,,,,,,,,,,,
SSABAH,2025-03-21T10:54:43.249298,Finland,Europe,SSAB A,Unknown,EUR,investpy,,,,,,,,,,,,,,,,,,,,,,,,,,,,
YGMP,2025-03-21T10:54:43.313459,Spain,Europe,GMP Property,Unknown,EUR,investpy,,,,,,,,,,,,,,,,,,,,,,,,,,,,
ON,2025-03-21T10:54:43.329489,Italy,Europe,BIO ON,Unknown,EUR,investpy,,,,,,,,,,,,,,,,,,,,,,,,,,,,
VBKG,2025-03-21T10:54:43.360429,Germany,Europe,Verbio Vereinigte,Unknown,EUR,investpy,,,,,,,,,,,,,,,,,,,,,,,,,,,,
VOF,2025-03-21T10:54:43.376517,United Kingdom,Europe,Vinacapital Vietnam,Unknown,GBP,investpy,,,,,,,,,,,,,,,,,,,,,,,,,,,,
SATG,2025-03-21T10:54:43.376517,Germany,Europe,Sartorius AG,Unknown,EUR,investpy,,,,,,,,,,,,,,,,,,,,,,,,,,,,
STOB,2025-03-21T10:54:43.392539,United Kingdom,Europe,Stobart,Unknown,GBP,investpy,,,,,,,,,,,,,,,,,,,,,,,,,,,,
JDAN,2025-03-21T10:54:43.454262,Denmark,Europe,Jeudan,Unknown,DKK,investpy,,,,,,,,,,,,,,,,,,,,,,,,,,,,
RLT,2025-03-21T10:54:43.608628,Italy,Europe,Relatech,Unknown,EUR,investpy,,,,,,,,,,,,,,,,,,,,,,,,,,,,
FEWG,2025-03-21T10:54:43.608628,Germany,Europe,Funkwerk AG,Unknown,EUR,investpy,,,,,,,,,,,,,,,,,,,,,,,,,,,,
LOCAL,2025-03-21T10:54:43.624327,France,Europe,Solocal,Unknown,EUR,investpy,,,,,,,,,,,,,,,,,,,,,,,,,,,,
GENX,2025-03-21T10:54:43.639827,France,Europe,Generix,Unknown,EUR,investpy,,,,,,,,,,,,,,,,,,,,,,,,,,,,
CAL,2025-03-21T10:54:43.703904,United Kingdom,Europe,Capital Regional,Unknown,GBP,investpy,,,,,,,,,,,,,,,,,,,,,,,,,,,,
PRSW,2025-03-21T10:54:43.703904,France,Europe,Prologue,Unknown,EUR,investpy,,,,,,,,,,,,,,,,,,,,,,,,,,,,
IDXX,2025-03-21T10:54:43.751481,Austria,Europe,IDEXX Labs,Unknown,EUR,investpy,,,,,,,,,,,,,,,,,,,,,,,,,,,,
SAGAa,2025-03-21T10:54:43.796860,Sweden,Europe,Sagax AB,Unknown,SEK,investpy,,,,,,,,,,,,,,,,,,,,,,,,,,,,
PRT,2025-03-21T10:54:43.875544,Italy,Europe,Esprinet,Unknown,EUR,investpy,,,,,,,,,,,,,,,,,,,,,,,,,,,,
ALSIM,2025-03-21T10:54:43.907004,France,Europe,Assima PLC,Unknown,EUR,investpy,,,,,,,,,,,,,,,,,,,,,,,,,,,,
GLV,2025-03-21T10:54:43.938255,Ireland,Europe,Glenveagh Properties,Unknown,EUR,investpy,,,,,,,,,,,,,,,,,,,,,,,,,,,,
AGL,2025-03-21T10:54:43.985311,Italy,Europe,Autogrill,Unknown,EUR,investpy,,,,,,,,,,,,,,,,,,,,,,,,,,,,
COME,2025-03-21T10:54:43.985311,Italy,Europe,Comer Industries,Unknown,EUR,investpy,,,,,,,,,,,,,,,,,,,,,,,,,,,,
BICP,2025-03-21T10:54:44.016928,France,Europe,BIC,Unknown,EUR,investpy,,,,,,,,,,,,,,,,,,,,,,,,,,,,
CFTS,2025-03-21T10:54:44.032939,Italy,Europe,CFT,Unknown,EUR,investpy,,,,,,,,,,,,,,,,,,,,,,,,,,,,
JMF,2025-03-21T10:54:44.174705,United Kingdom,Europe,JPMorgan Mid Cap,Unknown,GBP,investpy,,,,,,,,,,,,,,,,,,,,,,,,,,,,
PUBP,2025-03-21T10:54:44.206213,France,Europe,Publicis Groupe,Unknown,EUR,investpy,,,,,,,,,,,,,,,,,,,,,,,,,,,,
INVP,2025-03-21T10:54:44.237765,United Kingdom,Europe,Investec,Unknown,GBP,investpy,,,,,,,,,,,,,,,,,,,,,,,,,,,,
A6W,2025-03-21T10:54:44.269145,Germany,Europe,Alexandria RE,Unknown,EUR,investpy,,,,,,,,,,,,,,,,,,,,,,,,,,,,
IBG,2025-03-21T10:54:44.285161,Spain,Europe,Iberpapel Gestion,Unknown,EUR,investpy,,,,,,,,,,,,,,,,,,,,,,,,,,,,
AMBEA,2025-03-21T10:54:44.300363,Sweden,Europe,Ambea,Unknown,SEK,investpy,,,,,,,,,,,,,,,,,,,,,,,,,,,,
RUSE,2025-03-21T10:54:44.331594,Switzerland,Europe,ENR Russia Invest,Unknown,CHF,investpy,,,,,,,,,,,,,,,,,,,,,,,,,,,,
ALFIL,2025-03-21T10:54:44.331594,France,Europe,Filae,Unknown,EUR,investpy,,,,,,,,,,,,,,,,,,,,,,,,,,,,
ACUC,2025-03-21T10:54:44.457383,Sweden,Europe,AcuCort,Unknown,SEK,investpy,,,,,,,,,,,,,,,,,,,,,,,,,,,,
VRX,2025-03-21T10:54:44.519994,Switzerland,Europe,Bausch Health,Unknown,CHF,investpy,,,,,,,,,,,,,,,,,,,,,,,,,,,,
ENC,2025-03-21T10:54:44.582233,Spain,Europe,ENCE,Unknown,EUR,investpy,,,,,,,,,,,,,,,,,,,,,,,,,,,,
VLLP,2025-03-21T10:54:44.612540,Switzerland,Europe,Vallourec,Unknown,CHF,investpy,,,,,,,,,,,,,,,,,,,,,,,,,,,,
RDM,2025-03-21T10:54:44.612540,Spain,Europe,Reno De Medici,Unknown,EUR,investpy,,,,,,,,,,,,,,,,,,,,,,,,,,,,
HTGR,2025-03-21T10:54:44.627777,United Kingdom,Europe,H&T Group,Unknown,GBP,investpy,,,,,,,,,,,,,,,,,,,,,,,,,,,,
PHIG,2025-03-21T10:54:44.643729,Sweden,Europe,Phase Holographic,Unknown,SEK,investpy,,,,,,,,,,,,,,,,,,,,,,,,,,,,
LUVE,2025-03-21T10:54:44.675018,Italy,Europe,LU-VE,Unknown,EUR,investpy,,,,,,,,,,,,,,,,,,,,,,,,,,,,
WAFGn,2025-03-21T10:54:44.753232,Austria,Europe,Siltronic AG,Unknown,EUR,investpy,,,,,,,,,,,,,,,,,,,,,,,,,,,,
CAPMAN,2025-03-21T10:54:44.848297,Finland,Europe,CapMan B,Unknown,EUR,investpy,,,,,,,,,,,,,,,,,,,,,,,,,,,,
DWNG,2025-03-21T10:54:44.864297,Germany,Europe,Deutsche Wohnen,Unknown,EUR,investpy,,,,,,,,,,,,,,,,,,,,,,,,,,,,
ZENZIPb,2025-03-21T10:54:44.879673,Sweden,Europe,Zenergy,Unknown,SEK,investpy,,,,,,,,,,,,,,,,,,,,,,,,,,,,
SALMON,2025-03-21T10:54:44.911165,Norway,Europe,Salmones Camanchaca,Unknown,NOK,investpy,,,,,,,,,,,,,,,,,,,,,,,,,,,,
YGGC,2025-03-21T10:54:44.942808,Spain,Europe,GGC,Unknown,EUR,investpy,,,,,,,,,,,,,,,,,,,,,,,,,,,,
GIGAH,2025-03-21T10:54:44.973378,Spain,Europe,Gigas Hosting SA,Unknown,EUR,investpy,,,,,,,,,,,,,,,,,,,,,,,,,,,,
CTH,2025-03-21T10:54:44.973378,United Kingdom,Europe,Caretech,Unknown,GBP,investpy,,,,,,,,,,,,,,,,,,,,,,,,,,,,
CSSG,2025-03-21T10:54:45.085622,United Kingdom,Europe,Croma,Unknown,GBP,investpy,,,,,,,,,,,,,,,,,,,,,,,,,,,,
DNBNOK,2025-03-21T10:54:45.179227,Sweden,Europe,DnB,Unknown,NOK,investpy,,,,,,,,,,,,,,,,,,,,,,,,,,,,
SSM,2025-03-21T10:54:45.210848,Sweden,Europe,SSM Holding,Unknown,SEK,investpy,,,,,,,,,,,,,,,,,,,,,,,,,,,,
DRW3,2025-03-21T10:54:45.226381,Austria,Europe,Draegerwerk VZO,Unknown,EUR,investpy,,,,,,,,,,,,,,,,,,,,,,,,,,,,
FPIP,2025-03-21T10:54:45.226381,Sweden,Europe,FormPipe Software,Unknown,SEK,investpy,,,,,,,,,,,,,,,,,,,,,,,,,,,,
AGTA,2025-03-21T10:54:45.241822,France,Europe,Agta Record,Unknown,EUR,investpy,,,,,,,,,,,,,,,,,,,,,,,,,,,,
NXTMH,2025-03-21T10:54:45.319751,Finland,Europe,Nexstim,Unknown,EUR,investpy,,,,,,,,,,,,,,,,,,,,,,,,,,,,
ASSAb,2025-03-21T10:54:45.335782,Sweden,Europe,ASSA ABLOY B,Unknown,SEK,investpy,,,,,,,,,,,,,,,,,,,,,,,,,,,,
OGN,2025-03-21T10:54:45.446596,United Kingdom,Europe,Origin,Unknown,EUR,investpy,,,,,,,,,,,,,,,,,,,,,,,,,,,,
RING,2025-03-21T10:54:45.478224,Norway,Europe,Sparebank 1 Ringerike Hadeland,Unknown,NOK,investpy,,,,,,,,,,,,,,,,,,,,,,,,,,,,
PMG,2025-03-21T10:54:45.494250,United Kingdom,Europe,Parkmead Group PLC,Unknown,GBP,investpy,,,,,,,,,,,,,,,,,,,,,,,,,,,,
PSHP,2025-03-21T10:54:45.494250,United Kingdom,Europe,Pershing Square,Unknown,GBP,investpy,,,,,,,,,,,,,,,,,,,,,,,,,,,,
CALq,2025-03-21T10:54:45.540303,United Kingdom,Europe,Caledonia Mining,Unknown,GBP,investpy,,,,,,,,,,,,,,,,,,,,,,,,,,,,
SECUb,2025-03-21T10:54:45.571568,Sweden,Europe,Securitas B,Unknown,SEK,investpy,,,,,,,,,,,,,,,,,,,,,,,,,,,,
DCC,2025-03-21T10:54:45.649931,United Kingdom,Europe,DCC,Unknown,GBP,investpy,,,,,,,,,,,,,,,,,,,,,,,,,,,,
HIK,2025-03-21T10:54:45.649931,United Kingdom,Europe,Hikma Pharma,Unknown,GBP,investpy,,,,,,,,,,,,,,,,,,,,,,,,,,,,
INCU,2025-03-21T10:54:45.745016,Norway,Europe,Incus Investor,Unknown,NOK,investpy,,,,,,,,,,,,,,,,,,,,,,,,,,,,
ORSO,2025-03-21T10:54:45.792321,Italy,Europe,Orsero,Unknown,EUR,investpy,,,,,,,,,,,,,,,,,,,,,,,,,,,,
TRACb,2025-03-21T10:54:45.839952,Sweden,Europe,Traction B,Unknown,SEK,investpy,,,,,,,,,,,,,,,,,,,,,,,,,,,,
CELG,2025-03-21T10:54:45.870360,Austria,Europe,Celgene,Unknown,EUR,investpy,,,,,,,,,,,,,,,,,,,,,,,,,,,,
2S7,2025-03-21T10:54:45.901426,Germany,Europe,Sprint,Unknown,EUR,investpy,,,,,,,,,,,,,,,,,,,,,,,,,,,,
CFISH,2025-03-21T10:54:45.947879,Sweden,Europe,Crunchfish,Unknown,SEK,investpy,,,,,,,,,,,,,,,,,,,,,,,,,,,,
ABNd,2025-03-21T10:54:45.979184,Netherlands,Europe,ABN AMRO,Unknown,EUR,investpy,,,,,,,,,,,,,,,,,,,,,,,,,,,,
NBEN,2025-03-21T10:54:46.011234,Switzerland,Europe,Nebag ag,Unknown,CHF,investpy,,,,,,,,,,,,,,,,,,,,,,,,,,,,
AMA1,2025-03-21T10:54:46.058562,Germany,Europe,Youbisheng Green,Unknown,EUR,investpy,,,,,,,,,,,,,,,,,,,,,,,,,,,,
DB1Gn,2025-03-21T10:54:46.089770,Germany,Europe,Deutsche Boerse,Unknown,EUR,investpy,,,,,,,,,,,,,,,,,,,,,,,,,,,,
MGNS,2025-03-21T10:54:46.153272,United Kingdom,Europe,Morgan Sindall,Unknown,GBP,investpy,,,,,,,,,,,,,,,,,,,,,,,,,,,,
H9B1,2025-03-21T10:54:46.200417,Germany,Europe,Herc Holdings,Unknown,EUR,investpy,,,,,,,,,,,,,,,,,,,,,,,,,,,,
KANC,2025-03-21T10:54:46.247795,Sweden,Europe,Kancera AB,Unknown,SEK,investpy,,,,,,,,,,,,,,,,,,,,,,,,,,,,
MRCGEUR,2025-03-21T10:54:46.279392,Switzerland,Europe,Merck,Unknown,EUR,investpy,,,,,,,,,,,,,,,,,,,,,,,,,,,,
IMSI,2025-03-21T10:54:46.279392,Italy,Europe,IMMSI,Unknown,EUR,investpy,,,,,,,,,,,,,,,,,,,,,,,,,,,,
SCYR,2025-03-21T10:54:46.357621,Spain,Europe,Sacyr,Unknown,EUR,investpy,,,,,,,,,,,,,,,,,,,,,,,,,,,,
ODX,2025-03-21T10:54:46.373726,United Kingdom,Europe,Omega,Unknown,GBP,investpy,,,,,,,,,,,,,,,,,,,,,,,,,,,,
GLJn,2025-03-21T10:54:46.373726,Germany,Europe,Grenke,Unknown,EUR,investpy,,,,,,,,,,,,,,,,,,,,,,,,,,,,
HIG,2025-03-21T10:54:46.421496,Germany,Europe,Hartford,Unknown,EUR,investpy,,,,,,,,,,,,,,,,,,,,,,,,,,,,
DAMG,2025-03-21T10:54:46.515626,Germany,Europe,Data Modul AG,Unknown,EUR,investpy,,,,,,,,,,,,,,,,,,,,,,,,,,,,
GOOGL,2025-03-21T10:54:46.546856,Austria,Europe,Alphabet A,Unknown,EUR,investpy,,,,,,,,,,,,,,,,,,,,,,,,,,,,
SCTS,2025-03-21T10:54:46.640770,United Kingdom,Europe,Softcat PLC,Unknown,GBP,investpy,,,,,,,,,,,,,,,,,,,,,,,,,,,,
ASOS,2025-03-21T10:54:46.655961,United Kingdom,Europe,Asos,Unknown,GBP,investpy,,,,,,,,,,,,,,,,,,,,,,,,,,,,
GSP,2025-03-21T10:54:46.655961,Italy,Europe,Gas Plus,Unknown,EUR,investpy,,,,,,,,,,,,,,,,,,,,,,,,,,,,
MSLH,2025-03-21T10:54:46.719336,United Kingdom,Europe,Marshalls,Unknown,GBP,investpy,,,,,,,,,,,,,,,,,,,,,,,,,,,,
STAB,2025-03-21T10:54:46.735349,Germany,Europe,Stabilus,Unknown,EUR,investpy,,,,,,,,,,,,,,,,,,,,,,,,,,,,
MNST,2025-03-21T10:54:46.750797,Austria,Europe,Monster Beverage,Unknown,EUR,investpy,,,,,,,,,,,,,,,,,,,,,,,,,,,,
ASRNL,2025-03-21T10:54:46.844550,Netherlands,Europe,ASR Nederland,Unknown,EUR,investpy,,,,,,,,,,,,,,,,,,,,,,,,,,,,
K1RG,2025-03-21T10:54:46.892475,Germany,Europe,Kromi,Unknown,EUR,investpy,,,,,,,,,,,,,,,,,,,,,,,,,,,,
HSTG,2025-03-21T10:54:46.923537,United Kingdom,Europe,Hastings Group Holdings PLC,Unknown,GBP,investpy,,,,,,,,,,,,,,,,,,,,,,,,,,,,
SNI,2025-03-21T10:54:46.955564,Norway,Europe,Stolt-Nielsen,Unknown,NOK,investpy,,,,,,,,,,,,,,,,,,,,,,,,,,,,
BNZL,2025-03-21T10:54:46.971108,United Kingdom,Europe,Bunzl,Unknown,GBP,investpy,,,,,,,,,,,,,,,,,,,,,,,,,,,,
WHC,2025-03-21T10:54:47.034827,Germany,Europe,Whitehaven Coal,Unknown,EUR,investpy,,,,,,,,,,,,,,,,,,,,,,,,,,,,
IG,2025-03-21T10:54:47.114391,Italy,Europe,Italgas,Unknown,EUR,investpy,,,,,,,,,,,,,,,,,,,,,,,,,,,,
MFBP,2025-03-21T10:54:47.114940,France,Europe,Malteries FCO-Belges,Unknown,EUR,investpy,,,,,,,,,,,,,,,,,,,,,,,,,,,,
2F5,2025-03-21T10:54:47.160107,Germany,Europe,Biondvax Pharma ADR,Unknown,EUR,investpy,,,,,,,,,,,,,,,,,,,,,,,,,,,,
MVVGn,2025-03-21T10:54:47.223347,Germany,Europe,MVV Energie AG,Unknown,EUR,investpy,,,,,,,,,,,,,,,,,,,,,,,,,,,,
CAIV,2025-03-21T10:54:47.286887,Austria,Europe,CA Immobilien Anlagen AG,Unknown,EUR,investpy,,,,,,,,,,,,,,,,,,,,,,,,,,,,
LUC,2025-03-21T10:54:47.286887,Sweden,Europe,Lucara Diamond Corp,Unknown,SEK,investpy,,,,,,,,,,,,,,,,,,,,,,,,,,,,
BULTEN,2025-03-21T10:54:47.569011,Sweden,Europe,Bulten AB,Unknown,SEK,investpy,,,,,,,,,,,,,,,,,,,,,,,,,,,,
AJAX,2025-03-21T10:54:47.585010,Netherlands,Europe,Ajax,Unknown,EUR,investpy,,,,,,,,,,,,,,,,,,,,,,,,,,,,
GRIE,2025-03-21T10:54:47.600221,Spain,Europe,Grino Ecologic S.A.,Unknown,EUR,investpy,,,,,,,,,,,,,,,,,,,,,,,,,,,,
MTFTy,2025-03-21T10:54:47.616228,Germany,Europe,Mitsubishi UFJ Financial ADR,Unknown,EUR,investpy,,,,,,,,,,,,,,,,,,,,,,,,,,,,
SVT,2025-03-21T10:54:47.631912,United Kingdom,Europe,Severn Trent,Unknown,GBP,investpy,,,,,,,,,,,,,,,,,,,,,,,,,,,,
UPS,2025-03-21T10:54:47.631912,Germany,Europe,United Parcel Service,Unknown,EUR,investpy,,,,,,,,,,,,,,,,,,,,,,,,,,,,
SUH,2025-03-21T10:54:47.647929,United Kingdom,Europe,Sutton Harbour,Unknown,GBP,investpy,,,,,,,,,,,,,,,,,,,,,,,,,,,,
PNOR,2025-03-21T10:54:47.679237,Norway,Europe,Petronor E&P,Unknown,NOK,investpy,,,,,,,,,,,,,,,,,,,,,,,,,,,,
EWI1,2025-03-21T10:54:47.913109,Germany,Europe,Electrawinds SE A,Unknown,EUR,investpy,,,,,,,,,,,,,,,,,,,,,,,,,,,,
DAIGn,2025-03-21T10:54:47.913109,Switzerland,Europe,Daimler,Unknown,CHF,investpy,,,,,,,,,,,,,,,,,,,,,,,,,,,,
BALN,2025-03-21T10:54:47.928394,Switzerland,Europe,Baloise Holding,Unknown,CHF,investpy,,,,,,,,,,,,,,,,,,,,,,,,,,,,
SHLG,2025-03-21T10:54:47.928394,Germany,Europe,Siemens Healthineers,Unknown,EUR,investpy,,,,,,,,,,,,,,,,,,,,,,,,,,,,
EACI,2025-03-21T10:54:47.944473,Denmark,Europe,Santa Fe Group,Unknown,DKK,investpy,,,,,,,,,,,,,,,,,,,,,,,,,,,,
SSI,2025-03-21T10:54:47.960469,France,Europe,Supersonic Imagine,Unknown,EUR,investpy,,,,,,,,,,,,,,,,,,,,,,,,,,,,
CLAVI,2025-03-21T10:54:47.960469,Sweden,Europe,Clavister Holding AB,Unknown,SEK,investpy,,,,,,,,,,,,,,,,,,,,,,,,,,,,
MIPS,2025-03-21T10:54:48.055053,Sweden,Europe,MIPS,Unknown,SEK,investpy,,,,,,,,,,,,,,,,,,,,,,,,,,,,
DEMG,2025-03-21T10:54:48.181589,United Kingdom,Europe,Deltex,Unknown,GBP,investpy,,,,,,,,,,,,,,,,,,,,,,,,,,,,
ZOT,2025-03-21T10:54:48.197614,Spain,Europe,Zardoya Otis,Unknown,EUR,investpy,,,,,,,,,,,,,,,,,,,,,,,,,,,,
ATORX,2025-03-21T10:54:48.213652,Sweden,Europe,Alligator Bioscience,Unknown,SEK,investpy,,,,,,,,,,,,,,,,,,,,,,,,,,,,
MRM,2025-03-21T10:54:48.245170,France,Europe,M.R.M,Unknown,EUR,investpy,,,,,,,,,,,,,,,,,,,,,,,,,,,,
EDGEW,2025-03-21T10:54:48.261170,Sweden,Europe,Edgeware,Unknown,SEK,investpy,,,,,,,,,,,,,,,,,,,,,,,,,,,,
ENRAD,2025-03-21T10:54:48.276608,Sweden,Europe,Enrad,Unknown,SEK,investpy,,,,,,,,,,,,,,,,,,,,,,,,,,,,
AAAA,2025-03-21T10:54:48.276608,United Kingdom,Europe,AA Plc,Unknown,GBP,investpy,,,,,,,,,,,,,,,,,,,,,,,,,,,,
CVS,2025-03-21T10:54:48.401827,Germany,Europe,CVS Health Corp,Unknown,EUR,investpy,,,,,,,,,,,,,,,,,,,,,,,,,,,,
V6CG,2025-03-21T10:54:48.513397,Germany,Europe,Viscom AG,Unknown,EUR,investpy,,,,,,,,,,,,,,,,,,,,,,,,,,,,
DBOX,2025-03-21T10:54:48.528907,United Kingdom,Europe,Digitalbox,Unknown,GBP,investpy,,,,,,,,,,,,,,,,,,,,,,,,,,,,
ROTH,2025-03-21T10:54:48.528907,France,Europe,Rothschild & Co,Unknown,EUR,investpy,,,,,,,,,,,,,,,,,,,,,,,,,,,,
BETR,2025-03-21T10:54:48.544907,Netherlands,Europe,Beter Bed,Unknown,EUR,investpy,,,,,,,,,,,,,,,,,,,,,,,,,,,,
HIA,2025-03-21T10:54:48.544907,Italy,Europe,Health Italia,Unknown,EUR,investpy,,,,,,,,,,,,,,,,,,,,,,,,,,,,
ELCO,2025-03-21T10:54:48.576907,United Kingdom,Europe,Elecosoft,Unknown,GBP,investpy,,,,,,,,,,,,,,,,,,,,,,,,,,,,
AA4,2025-03-21T10:54:48.655584,Italy,Europe,Falck,Unknown,EUR,investpy,,,,,,,,,,,,,,,,,,,,,,,,,,,,
HHI,2025-03-21T10:54:48.766686,United Kingdom,Europe,Henderson High Income,Unknown,GBP,investpy,,,,,,,,,,,,,,,,,,,,,,,,,,,,
UAI,2025-03-21T10:54:48.798688,United Kingdom,Europe,U and I Group,Unknown,GBP,investpy,,,,,,,,,,,,,,,,,,,,,,,,,,,,
MLLED,2025-03-21T10:54:48.814690,France,Europe,Novaday,Unknown,EUR,investpy,,,,,,,,,,,,,,,,,,,,,,,,,,,,
REAT,2025-03-21T10:54:48.814690,United Kingdom,Europe,React Group,Unknown,GBP,investpy,,,,,,,,,,,,,,,,,,,,,,,,,,,,
VOWG_p,2025-03-21T10:54:48.846203,Germany,Europe,Volkswagen VZO,Unknown,EUR,investpy,,,,,,,,,,,,,,,,,,,,,,,,,,,,
BUP,2025-03-21T10:54:48.909421,France,Europe,BIOM UP,Unknown,EUR,investpy,,,,,,,,,,,,,,,,,,,,,,,,,,,,
NORDID,2025-03-21T10:54:48.941008,Finland,Europe,Nordic Iron Ore,Unknown,EUR,investpy,,,,,,,,,,,,,,,,,,,,,,,,,,,,
CADOn,2025-03-21T10:54:48.956007,Switzerland,Europe,Comercial del Plata N,Unknown,CHF,investpy,,,,,,,,,,,,,,,,,,,,,,,,,,,,
IEM,2025-03-21T10:54:49.066567,United Kingdom,Europe,Impax Environmental,Unknown,GBP,investpy,,,,,,,,,,,,,,,,,,,,,,,,,,,,
WRT1V,2025-03-21T10:54:49.113625,Finland,Europe,Wartsila,Unknown,EUR,investpy,,,,,,,,,,,,,,,,,,,,,,,,,,,,
GLEN,2025-03-21T10:54:49.129137,United Kingdom,Europe,Glencore,Unknown,GBP,investpy,,,,,,,,,,,,,,,,,,,,,,,,,,,,
GUGEO,2025-03-21T10:54:49.144359,Sweden,Europe,Guideline Geo,Unknown,SEK,investpy,,,,,,,,,,,,,,,,,,,,,,,,,,,,
SFQN,2025-03-21T10:54:49.176455,Austria,Europe,SAF Holland,Unknown,EUR,investpy,,,,,,,,,,,,,,,,,,,,,,,,,,,,
SIOO,2025-03-21T10:54:49.256624,Italy,Europe,Sirio,Unknown,EUR,investpy,,,,,,,,,,,,,,,,,,,,,,,,,,,,
4BW,2025-03-21T10:54:49.256624,Germany,Europe,BWX Tech,Unknown,EUR,investpy,,,,,,,,,,,,,,,,,,,,,,,,,,,,
FHZN,2025-03-21T10:54:49.288638,Switzerland,Europe,Flughafen Zurich,Unknown,CHF,investpy,,,,,,,,,,,,,,,,,,,,,,,,,,,,
ASH,2025-03-21T10:54:49.383134,United Kingdom,Europe,Ashley House,Unknown,GBP,investpy,,,,,,,,,,,,,,,,,,,,,,,,,,,,
DMG,2025-03-21T10:54:49.383638,Italy,Europe,Digital Magics,Unknown,EUR,investpy,,,,,,,,,,,,,,,,,,,,,,,,,,,,
PLANZ,2025-03-21T10:54:49.398272,Switzerland,Europe,Plazza Immobilien AG,Unknown,CHF,investpy,,,,,,,,,,,,,,,,,,,,,,,,,,,,
FIVEPG,2025-03-21T10:54:49.428916,Norway,Europe,5Th Planet Games,Unknown,NOK,investpy,,,,,,,,,,,,,,,,,,,,,,,,,,,,
CBAX,2025-03-21T10:54:49.492915,Germany,Europe,Commonwealth Bank Australia,Unknown,EUR,investpy,,,,,,,,,,,,,,,,,,,,,,,,,,,,
NILS,2025-03-21T10:54:49.588124,Sweden,Europe,Nilsson Special Vehicles publ AB,Unknown,SEK,investpy,,,,,,,,,,,,,,,,,,,,,,,,,,,,
MPEN,2025-03-21T10:54:49.588124,Sweden,Europe,MedicPen,Unknown,SEK,investpy,,,,,,,,,,,,,,,,,,,,,,,,,,,,
BSGR,2025-03-21T10:54:49.619926,Netherlands,Europe,B&S Group,Unknown,EUR,investpy,,,,,,,,,,,,,,,,,,,,,,,,,,,,
GATEG,2025-03-21T10:54:49.699288,Denmark,Europe,Gate Ventures,Unknown,EUR,investpy,,,,,,,,,,,,,,,,,,,,,,,,,,,,
COPMa,2025-03-21T10:54:49.715311,Germany,Europe,CompuGroup AG,Unknown,EUR,investpy,,,,,,,,,,,,,,,,,,,,,,,,,,,,
TEP,2025-03-21T10:54:49.730868,United Kingdom,Europe,Telecom Plus,Unknown,GBP,investpy,,,,,,,,,,,,,,,,,,,,,,,,,,,,
DEMANT,2025-03-21T10:54:49.762901,Denmark,Europe,William Demant,Unknown,DKK,investpy,,,,,,,,,,,,,,,,,,,,,,,,,,,,
ALTTI,2025-03-21T10:54:49.762901,France,Europe,Travel Technology Interactive,Unknown,EUR,investpy,,,,,,,,,,,,,,,,,,,,,,,,,,,,
OLLI,2025-03-21T10:54:49.904176,France,Europe,Installux,Unknown,EUR,investpy,,,,,,,,,,,,,,,,,,,,,,,,,,,,
DIEGK,2025-03-21T10:54:49.919891,Belgium,Europe,Diegem Kennedy,Unknown,EUR,investpy,,,,,,,,,,,,,,,,,,,,,,,,,,,,
VITb,2025-03-21T10:54:49.919891,Sweden,Europe,Vitec Software B,Unknown,SEK,investpy,,,,,,,,,,,,,,,,,,,,,,,,,,,,
ADLG,2025-03-21T10:54:49.997204,Austria,Europe,Adler Real Estate,Unknown,EUR,investpy,,,,,,,,,,,,,,,,,,,,,,,,,,,,
COREpref,2025-03-21T10:54:50.045103,Sweden,Europe,Corem Property,Unknown,SEK,investpy,,,,,,,,,,,,,,,,,,,,,,,,,,,,
D8Sy,2025-03-21T10:54:50.076487,Germany,Europe,Itau CorpBanca ADR,Unknown,EUR,investpy,,,,,,,,,,,,,,,,,,,,,,,,,,,,
INISSb,2025-03-21T10:54:50.076487,Sweden,Europe,Inission,Unknown,SEK,investpy,,,,,,,,,,,,,,,,,,,,,,,,,,,,
XMR,2025-03-21T10:54:50.107137,Sweden,Europe,XMReality,Unknown,SEK,investpy,,,,,,,,,,,,,,,,,,,,,,,,,,,,
SGI,2025-03-21T10:54:50.186132,United Kingdom,Europe,Stanley Gibbons,Unknown,GBP,investpy,,,,,,,,,,,,,,,,,,,,,,,,,,,,
UBIP,2025-03-21T10:54:50.186132,Switzerland,Europe,Ubisoft,Unknown,CHF,investpy,,,,,,,,,,,,,,,,,,,,,,,,,,,,
PFG,2025-03-21T10:54:50.231422,United Kingdom,Europe,Provident Financial,Unknown,GBP,investpy,,,,,,,,,,,,,,,,,,,,,,,,,,,,
FABG,2025-03-21T10:54:50.324625,Sweden,Europe,Fabege,Unknown,SEK,investpy,,,,,,,,,,,,,,,,,,,,,,,,,,,,
JUNG_p,2025-03-21T10:54:50.324625,Germany,Europe,Jungheinrich AG,Unknown,EUR,investpy,,,,,,,,,,,,,,,,,,,,,,,,,,,,
YARNOK,2025-03-21T10:54:50.355780,Sweden,Europe,Yara International,Unknown,NOK,investpy,,,,,,,,,,,,,,,,,,,,,,,,,,,,
YEINT,2025-03-21T10:54:50.371815,Finland,Europe,Yleiselektroniikka,Unknown,EUR,investpy,,,,,,,,,,,,,,,,,,,,,,,,,,,,
MEDA,2025-03-21T10:54:50.481614,Switzerland,Europe,Medartis,Unknown,CHF,investpy,,,,,,,,,,,,,,,,,,,,,,,,,,,,
KUBCq,2025-03-21T10:54:50.497630,United Kingdom,Europe,Kubera,Unknown,USD,investpy,,,,,,,,,,,,,,,,,,,,,,,,,,,,
FTC,2025-03-21T10:54:50.512947,United Kingdom,Europe,Filtronic,Unknown,GBP,investpy,,,,,,,,,,,,,,,,,,,,,,,,,,,,
LITIU,2025-03-21T10:54:50.544575,Sweden,Europe,Litium,Unknown,SEK,investpy,,,,,,,,,,,,,,,,,,,,,,,,,,,,
NUEVOL,2025-03-21T10:54:50.608718,Sweden,Europe,Nuevolution AB,Unknown,SEK,investpy,,,,,,,,,,,,,,,,,,,,,,,,,,,,
ORM,2025-03-21T10:54:50.688008,Ireland,Europe,Ormonde Mining,Unknown,EUR,investpy,,,,,,,,,,,,,,,,,,,,,,,,,,,,
CHRH,2025-03-21T10:54:50.704083,Denmark,Europe,Chr. Hansen,Unknown,DKK,investpy,,,,,,,,,,,,,,,,,,,,,,,,,,,,
ALIDS,2025-03-21T10:54:50.719616,France,Europe,Idsud,Unknown,EUR,investpy,,,,,,,,,,,,,,,,,,,,,,,,,,,,
SUSW,2025-03-21T10:54:50.767633,Sweden,Europe,Surgical Science Sweden,Unknown,SEK,investpy,,,,,,,,,,,,,,,,,,,,,,,,,,,,
NOR,2025-03-21T10:54:50.783651,Norway,Europe,Norwegian Ener,Unknown,NOK,investpy,,,,,,,,,,,,,,,,,,,,,,,,,,,,
STF,2025-03-21T10:54:50.877430,France,Europe,Stef,Unknown,EUR,investpy,,,,,,,,,,,,,,,,,,,,,,,,,,,,
LIDDS,2025-03-21T10:54:50.908328,Sweden,Europe,Lidds AB,Unknown,SEK,investpy,,,,,,,,,,,,,,,,,,,,,,,,,,,,
SKAb,2025-03-21T10:54:50.970035,Sweden,Europe,Skanska B,Unknown,SEK,investpy,,,,,,,,,,,,,,,,,,,,,,,,,,,,
NOHOP,2025-03-21T10:54:50.970035,Finland,Europe,NoHo Partners,Unknown,EUR,investpy,,,,,,,,,,,,,,,,,,,,,,,,,,,,
BAYNE,2025-03-21T10:54:50.970035,Sweden,Europe,Bayn Europe AB,Unknown,SEK,investpy,,,,,,,,,,,,,,,,,,,,,,,,,,,,
PTEC,2025-03-21T10:54:51.048036,United Kingdom,Europe,Playtech,Unknown,GBP,investpy,,,,,,,,,,,,,,,,,,,,,,,,,,,,
NWJ,2025-03-21T10:54:51.079523,Germany,Europe,Eversource Energy,Unknown,EUR,investpy,,,,,,,,,,,,,,,,,,,,,,,,,,,,
ALKb,2025-03-21T10:54:51.079523,Denmark,Europe,ALK-Abello B,Unknown,DKK,investpy,,,,,,,,,,,,,,,,,,,,,,,,,,,,
BPDG,2025-03-21T10:54:51.220679,Switzerland,Europe,Banque Profil Gestion,Unknown,CHF,investpy,,,,,,,,,,,,,,,,,,,,,,,,,,,,
MKO1,2025-03-21T10:54:51.252742,Germany,Europe,Capri Holdings,Unknown,EUR,investpy,,,,,,,,,,,,,,,,,,,,,,,,,,,,
VWS,2025-03-21T10:54:51.252742,Denmark,Europe,Vestas Wind,Unknown,DKK,investpy,,,,,,,,,,,,,,,,,,,,,,,,,,,,
YSRR,2025-03-21T10:54:51.315355,Spain,Europe,Serrano 61 Desarrollo,Unknown,EUR,investpy,,,,,,,,,,,,,,,,,,,,,,,,,,,,
LEBO,2025-03-21T10:54:51.315355,France,Europe,Lebon,Unknown,EUR,investpy,,,,,,,,,,,,,,,,,,,,,,,,,,,,
GOFORE,2025-03-21T10:54:51.409391,Finland,Europe,Gofore,Unknown,EUR,investpy,,,,,,,,,,,,,,,,,,,,,,,,,,,,
HEFT,2025-03-21T10:54:51.440984,United Kingdom,Europe,Henderson European,Unknown,GBP,investpy,,,,,,,,,,,,,,,,,,,,,,,,,,,,
PSON,2025-03-21T10:54:51.440984,United Kingdom,Europe,Pearson,Unknown,GBP,investpy,,,,,,,,,,,,,,,,,,,,,,,,,,,,
VOWG,2025-03-21T10:54:51.487677,Belgium,Europe,Volkswagen ST,Unknown,EUR,investpy,,,,,,,,,,,,,,,,,,,,,,,,,,,,
DIOR,2025-03-21T10:54:51.535756,France,Europe,Christian Dior,Unknown,EUR,investpy,,,,,,,,,,,,,,,,,,,,,,,,,,,,
GATC,2025-03-21T10:54:51.567757,United Kingdom,Europe,GATTACA,Unknown,GBP,investpy,,,,,,,,,,,,,,,,,,,,,,,,,,,,
RBIV,2025-03-21T10:54:51.583754,Switzerland,Europe,Raiffeisen Bank,Unknown,CHF,investpy,,,,,,,,,,,,,,,,,,,,,,,,,,,,
PSAGn,2025-03-21T10:54:51.677460,Germany,Europe,PSI AG,Unknown,EUR,investpy,,,,,,,,,,,,,,,,,,,,,,,,,,,,
NANONOK,2025-03-21T10:54:51.692513,Sweden,Europe,Nordic Nanovector ASA,Unknown,NOK,investpy,,,,,,,,,,,,,,,,,,,,,,,,,,,,
HHFGn,2025-03-21T10:54:51.708034,Germany,Europe,Hamburger Hafen A-SP,Unknown,EUR,investpy,,,,,,,,,,,,,,,,,,,,,,,,,,,,
RBA,2025-03-21T10:54:51.738699,Germany,Europe,Ritchie Bros Auctioneers,Unknown,EUR,investpy,,,,,,,,,,,,,,,,,,,,,,,,,,,,
MANV,2025-03-21T10:54:51.833777,Austria,Europe,Josef Manner Comp AG,Unknown,EUR,investpy,,,,,,,,,,,,,,,,,,,,,,,,,,,,
ALNG,2025-03-21T10:54:51.849677,Norway,Europe,Awilco LNG,Unknown,NOK,investpy,,,,,,,,,,,,,,,,,,,,,,,,,,,,
DRWG,2025-03-21T10:54:51.865677,Germany,Europe,Draegerwerk ST,Unknown,EUR,investpy,,,,,,,,,,,,,,,,,,,,,,,,,,,,
B8JN,2025-03-21T10:54:51.912925,Germany,Europe,Basic Energy Services,Unknown,EUR,investpy,,,,,,,,,,,,,,,,,,,,,,,,,,,,
JARB,2025-03-21T10:54:51.991399,United Kingdom,Europe,Jardine Matheson,Unknown,USD,investpy,,,,,,,,,,,,,,,,,,,,,,,,,,,,
FORN,2025-03-21T10:54:51.991399,Switzerland,Europe,Forbo Holding AG,Unknown,CHF,investpy,,,,,,,,,,,,,,,,,,,,,,,,,,,,
ALPAT,2025-03-21T10:54:52.006578,France,Europe,Plant Advanced Technologies SA,Unknown,EUR,investpy,,,,,,,,,,,,,,,,,,,,,,,,,,,,
OPUS,2025-03-21T10:54:52.084991,Sweden,Europe,Opus Group publ AB,Unknown,SEK,investpy,,,,,,,,,,,,,,,,,,,,,,,,,,,,
R4ER,2025-03-21T10:54:52.179152,United Kingdom,Europe,Reach4Entertainment,Unknown,GBP,investpy,,,,,,,,,,,,,,,,,,,,,,,,,,,,
DOVA,2025-03-21T10:54:52.179152,Italy,Europe,DoValue,Unknown,EUR,investpy,,,,,,,,,,,,,,,,,,,,,,,,,,,,
SOON,2025-03-21T10:54:52.242451,Switzerland,Europe,Sonova H Ag,Unknown,CHF,investpy,,,,,,,,,,,,,,,,,,,,,,,,,,,,
BSXU,2025-03-21T10:54:52.258475,Germany,Europe,Boston Scientific,Unknown,EUR,investpy,,,,,,,,,,,,,,,,,,,,,,,,,,,,
NEWTON,2025-03-21T10:54:52.289939,Sweden,Europe,Newton Nordic,Unknown,SEK,investpy,,,,,,,,,,,,,,,,,,,,,,,,,,,,
EYDr,2025-03-21T10:54:52.320730,Greece,Europe,Athens Water,Unknown,EUR,investpy,,,,,,,,,,,,,,,,,,,,,,,,,,,,
IDVP,2025-03-21T10:54:52.351790,France,Europe,IDI,Unknown,EUR,investpy,,,,,,,,,,,,,,,,,,,,,,,,,,,,
WEB,2025-03-21T10:54:52.429812,Germany,Europe,Webjet,Unknown,EUR,investpy,,,,,,,,,,,,,,,,,,,,,,,,,,,,
BKS,2025-03-21T10:54:52.445824,Germany,Europe,Barnes&Noble,Unknown,EUR,investpy,,,,,,,,,,,,,,,,,,,,,,,,,,,,
SFPF,2025-03-21T10:54:52.524032,Switzerland,Europe,SF Sustainable Property Fund,Unknown,CHF,investpy,,,,,,,,,,,,,,,,,,,,,,,,,,,,
NWOn,2025-03-21T10:54:52.540057,Germany,Europe,New Work,Unknown,EUR,investpy,,,,,,,,,,,,,,,,,,,,,,,,,,,,
PHARP,2025-03-21T10:54:52.556085,United Kingdom,Europe,Pharos Energy PLC,Unknown,GBP,investpy,,,,,,,,,,,,,,,,,,,,,,,,,,,,
AGAT,2025-03-21T10:54:52.587781,Italy,Europe,Agatos,Unknown,EUR,investpy,,,,,,,,,,,,,,,,,,,,,,,,,,,,
CBOE,2025-03-21T10:54:52.603314,Germany,Europe,Cboe Global,Unknown,EUR,investpy,,,,,,,,,,,,,,,,,,,,,,,,,,,,
PXSL,2025-03-21T10:54:52.729153,Germany,Europe,Provexis,Unknown,EUR,investpy,,,,,,,,,,,,,,,,,,,,,,,,,,,,
KINVa,2025-03-21T10:54:52.729153,Sweden,Europe,Kinnevik A,Unknown,SEK,investpy,,,,,,,,,,,,,,,,,,,,,,,,,,,,
ARGR,2025-03-21T10:54:52.729153,United Kingdom,Europe,Argos,Unknown,GBP,investpy,,,,,,,,,,,,,,,,,,,,,,,,,,,,
ALGEV,2025-03-21T10:54:52.838487,France,Europe,Gevelot,Unknown,EUR,investpy,,,,,,,,,,,,,,,,,,,,,,,,,,,,
PCAT,2025-03-21T10:54:52.884885,Sweden,Europe,Photocat AS,Unknown,SEK,investpy,,,,,,,,,,,,,,,,,,,,,,,,,,,,
SAN,2025-03-21T10:54:52.884885,Germany,Europe,Santander,Unknown,EUR,investpy,,,,,,,,,,,,,,,,,,,,,,,,,,,,
BIAN,2025-03-21T10:54:52.900916,Italy,Europe,Biancamano,Unknown,EUR,investpy,,,,,,,,,,,,,,,,,,,,,,,,,,,,
GBGP,2025-03-21T10:54:52.979637,United Kingdom,Europe,GB Group,Unknown,GBP,investpy,,,,,,,,,,,,,,,,,,,,,,,,,,,,
HZM,2025-03-21T10:54:52.995668,United Kingdom,Europe,Horizonte Minerals,Unknown,GBP,investpy,,,,,,,,,,,,,,,,,,,,,,,,,,,,
UNIBAP,2025-03-21T10:54:53.011167,Sweden,Europe,Unibap,Unknown,SEK,investpy,,,,,,,,,,,,,,,,,,,,,,,,,,,,
STEL,2025-03-21T10:54:53.041848,Germany,Europe,SingTel,Unknown,EUR,investpy,,,,,,,,,,,,,,,,,,,,,,,,,,,,
FGG,2025-03-21T10:54:53.135516,Sweden,Europe,Future Gaming Group,Unknown,SEK,investpy,,,,,,,,,,,,,,,,,,,,,,,,,,,,
COVI,2025-03-21T10:54:53.198068,Norway,Europe,Contextvision,Unknown,NOK,investpy,,,,,,,,,,,,,,,,,,,,,,,,,,,,
ZALG,2025-03-21T10:54:53.214122,Germany,Europe,Zalando SE,Unknown,EUR,investpy,,,,,,,,,,,,,,,,,,,,,,,,,,,,
MTGb,2025-03-21T10:54:53.230037,Sweden,Europe,MTG B,Unknown,SEK,investpy,,,,,,,,,,,,,,,,,,,,,,,,,,,,
AVG,2025-03-21T10:54:53.277513,United Kingdom,Europe,Avingtrans,Unknown,GBP,investpy,,,,,,,,,,,,,,,,,,,,,,,,,,,,
INDUCT-ME,2025-03-21T10:54:53.277513,Norway,Europe,Induct,Unknown,NOK,investpy,,,,,,,,,,,,,,,,,,,,,,,,,,,,
FNL,2025-03-21T10:54:53.308532,Italy,Europe,Finlogic,Unknown,EUR,investpy,,,,,,,,,,,,,,,,,,,,,,,,,,,,
DESI,2025-03-21T10:54:53.340045,Italy,Europe,Banco Di Desio E Brianza,Unknown,EUR,investpy,,,,,,,,,,,,,,,,,,,,,,,,,,,,
ALTAN,2025-03-21T10:54:53.499156,France,Europe,Le Tanneur,Unknown,EUR,investpy,,,,,,,,,,,,,,,,,,,,,,,,,,,,
YAST,2025-03-21T10:54:53.514162,Spain,Europe,Asturias Retail,Unknown,EUR,investpy,,,,,,,,,,,,,,,,,,,,,,,,,,,,
SLITE,2025-03-21T10:54:53.545309,Sweden,Europe,Slitevind,Unknown,SEK,investpy,,,,,,,,,,,,,,,,,,,,,,,,,,,,
VALO,2025-03-21T10:54:53.561321,Spain,Europe,VALE ON,Unknown,EUR,investpy,,,,,,,,,,,,,,,,,,,,,,,,,,,,
WYWYN,2025-03-21T10:54:53.561321,United Kingdom,Europe,Wynnstay,Unknown,GBP,investpy,,,,,,,,,,,,,,,,,,,,,,,,,,,,
XIOR,2025-03-21T10:54:53.609421,Belgium,Europe,Xior Student Housing BVBA,Unknown,EUR,investpy,,,,,,,,,,,,,,,,,,,,,,,,,,,,
GILG,2025-03-21T10:54:53.625457,Austria,Europe,DMG Mori Seiki,Unknown,EUR,investpy,,,,,,,,,,,,,,,,,,,,,,,,,,,,
SIKA,2025-03-21T10:54:53.625457,Switzerland,Europe,Sika,Unknown,CHF,investpy,,,,,,,,,,,,,,,,,,,,,,,,,,,,
BCPT,2025-03-21T10:54:53.847412,United Kingdom,Europe,BMO Commercial,Unknown,GBP,investpy,,,,,,,,,,,,,,,,,,,,,,,,,,,,
SIILI,2025-03-21T10:54:53.847412,Finland,Europe,Siili Solutions Oyj,Unknown,EUR,investpy,,,,,,,,,,,,,,,,,,,,,,,,,,,,
VOD,2025-03-21T10:54:53.862856,United Kingdom,Europe,Vodafone Group PLC,Unknown,GBP,investpy,,,,,,,,,,,,,,,,,,,,,,,,,,,,
DRIL,2025-03-21T10:54:53.862856,Sweden,Europe,Drillcon AB,Unknown,SEK,investpy,,,,,,,,,,,,,,,,,,,,,,,,,,,,
SRSr,2025-03-21T10:54:53.894018,Greece,Europe,Gr Sarantis,Unknown,EUR,investpy,,,,,,,,,,,,,,,,,,,,,,,,,,,,
STBNOK,2025-03-21T10:54:53.926063,Sweden,Europe,Storebrand,Unknown,NOK,investpy,,,,,,,,,,,,,,,,,,,,,,,,,,,,
SY1G,2025-03-21T10:54:53.942081,Austria,Europe,Symrise AG,Unknown,EUR,investpy,,,,,,,,,,,,,,,,,,,,,,,,,,,,
TQK,2025-03-21T10:54:53.973675,Germany,Europe,The Wendy’s Co,Unknown,EUR,investpy,,,,,,,,,,,,,,,,,,,,,,,,,,,,
TWTR,2025-03-21T10:54:54.159304,Austria,Europe,Twitter Inc,Unknown,EUR,investpy,,,,,,,,,,,,,,,,,,,,,,,,,,,,
ABEO,2025-03-21T10:54:54.206151,France,Europe,Abeo SAS,Unknown,EUR,investpy,,,,,,,,,,,,,,,,,,,,,,,,,,,,
IPG,2025-03-21T10:54:54.206151,Germany,Europe,IPG,Unknown,EUR,investpy,,,,,,,,,,,,,,,,,,,,,,,,,,,,
ODF,2025-03-21T10:54:54.206151,Norway,Europe,Odfjell,Unknown,NOK,investpy,,,,,,,,,,,,,,,,,,,,,,,,,,,,
C0Q,2025-03-21T10:54:54.206151,Germany,Europe,Coca Cola HBC AG,Unknown,EUR,investpy,,,,,,,,,,,,,,,,,,,,,,,,,,,,
HANDI,2025-03-21T10:54:54.221705,Sweden,Europe,Handicare,Unknown,SEK,investpy,,,,,,,,,,,,,,,,,,,,,,,,,,,,
COMPIT,2025-03-21T10:54:54.285730,Sweden,Europe,Compare-IT Nordic,Unknown,SEK,investpy,,,,,,,,,,,,,,,,,,,,,,,,,,,,
ELEKTRA,2025-03-21T10:54:54.333425,Spain,Europe,Grupo Elektra,Unknown,EUR,investpy,,,,,,,,,,,,,,,,,,,,,,,,,,,,
ZETA,2025-03-21T10:54:54.443877,Sweden,Europe,ZetaDisplay AB,Unknown,SEK,investpy,,,,,,,,,,,,,,,,,,,,,,,,,,,,
CROS,2025-03-21T10:54:54.522682,France,Europe,Crosswood,Unknown,EUR,investpy,,,,,,,,,,,,,,,,,,,,,,,,,,,,
ANV,2025-03-21T10:54:54.537854,Italy,Europe,Antares Vision,Unknown,EUR,investpy,,,,,,,,,,,,,,,,,,,,,,,,,,,,
GSFNOK,2025-03-21T10:54:54.569891,Sweden,Europe,Grieg Seafood,Unknown,NOK,investpy,,,,,,,,,,,,,,,,,,,,,,,,,,,,
MAERSKa,2025-03-21T10:54:54.569891,Denmark,Europe,Moller Maersk A,Unknown,DKK,investpy,,,,,,,,,,,,,,,,,,,,,,,,,,,,
PNVA,2025-03-21T10:54:54.585168,Sweden,Europe,Paynova,Unknown,SEK,investpy,,,,,,,,,,,,,,,,,,,,,,,,,,,,
HBAN,2025-03-21T10:54:54.631677,Germany,Europe,Huntington Bancshares,Unknown,EUR,investpy,,,,,,,,,,,,,,,,,,,,,,,,,,,,
GFII,2025-03-21T10:54:54.662994,France,Europe,Lisi,Unknown,EUR,investpy,,,,,,,,,,,,,,,,,,,,,,,,,,,,
PAFR,2025-03-21T10:54:54.756653,Germany,Europe,Pan African Resources,Unknown,EUR,investpy,,,,,,,,,,,,,,,,,,,,,,,,,,,,
HOMEb,2025-03-21T10:54:54.787966,Sweden,Europe,HomeMaid,Unknown,SEK,investpy,,,,,,,,,,,,,,,,,,,,,,,,,,,,
OSBO,2025-03-21T10:54:54.803966,United Kingdom,Europe,OSB,Unknown,GBP,investpy,,,,,,,,,,,,,,,,,,,,,,,,,,,,
SAA1V,2025-03-21T10:54:54.835713,Finland,Europe,Sanoma Oyj,Unknown,EUR,investpy,,,,,,,,,,,,,,,,,,,,,,,,,,,,
TWTR,2025-03-21T10:54:54.929997,Switzerland,Europe,Twitter Inc,Unknown,CHF,investpy,,,,,,,,,,,,,,,,,,,,,,,,,,,,
CAPLI,2025-03-21T10:54:54.960968,France,Europe,Capelli,Unknown,EUR,investpy,,,,,,,,,,,,,,,,,,,,,,,,,,,,
NTSAS,2025-03-21T10:54:54.960968,Norway,Europe,NTS ASA,Unknown,NOK,investpy,,,,,,,,,,,,,,,,,,,,,,,,,,,,
AOXG,2025-03-21T10:54:54.977050,Austria,Europe,Alstria,Unknown,EUR,investpy,,,,,,,,,,,,,,,,,,,,,,,,,,,,
SYNCS,2025-03-21T10:54:55.055781,United Kingdom,Europe,Syncona,Unknown,GBP,investpy,,,,,,,,,,,,,,,,,,,,,,,,,,,,
ALCC,2025-03-21T10:54:55.071796,Switzerland,Europe,Alcon,Unknown,CHF,investpy,,,,,,,,,,,,,,,,,,,,,,,,,,,,
NJOB,2025-03-21T10:54:55.103584,Sweden,Europe,NetJobs Group AB,Unknown,SEK,investpy,,,,,,,,,,,,,,,,,,,,,,,,,,,,
HNE,2025-03-21T10:54:55.119234,United Kingdom,Europe,Henderson Eurotrust,Unknown,GBP,investpy,,,,,,,,,,,,,,,,,,,,,,,,,,,,
CRTO,2025-03-21T10:54:55.244564,France,Europe,Crcam Touraine,Unknown,EUR,investpy,,,,,,,,,,,,,,,,,,,,,,,,,,,,
IGC,2025-03-21T10:54:55.244564,United Kingdom,Europe,India Capital,Unknown,GBP,investpy,,,,,,,,,,,,,,,,,,,,,,,,,,,,
NETC,2025-03-21T10:54:55.260613,United Kingdom,Europe,Netcall,Unknown,GBP,investpy,,,,,,,,,,,,,,,,,,,,,,,,,,,,
HON,2025-03-21T10:54:55.323753,Germany,Europe,Honeywell,Unknown,EUR,investpy,,,,,,,,,,,,,,,,,,,,,,,,,,,,
III,2025-03-21T10:54:55.339323,United Kingdom,Europe,3I Group,Unknown,GBP,investpy,,,,,,,,,,,,,,,,,,,,,,,,,,,,
TBIRD,2025-03-21T10:54:55.402042,Netherlands,Europe,Thunderbird Resorts,Unknown,USD,investpy,,,,,,,,,,,,,,,,,,,,,,,,,,,,
CSP,2025-03-21T10:54:55.432588,Italy,Europe,CSP International,Unknown,EUR,investpy,,,,,,,,,,,,,,,,,,,,,,,,,,,,
FCIT,2025-03-21T10:54:55.448613,United Kingdom,Europe,F&C Invest,Unknown,GBP,investpy,,,,,,,,,,,,,,,,,,,,,,,,,,,,
BRGD,2025-03-21T10:54:55.543187,Norway,Europe,Borregaard,Unknown,NOK,investpy,,,,,,,,,,,,,,,,,,,,,,,,,,,,
BYOT,2025-03-21T10:54:55.559236,United Kingdom,Europe,Byotrol,Unknown,GBP,investpy,,,,,,,,,,,,,,,,,,,,,,,,,,,,
ZUMV,2025-03-21T10:54:55.621663,Austria,Europe,Zumtobel AG,Unknown,EUR,investpy,,,,,,,,,,,,,,,,,,,,,,,,,,,,
CMCOM,2025-03-21T10:54:55.668821,Netherlands,Europe,Cm,Unknown,EUR,investpy,,,,,,,,,,,,,,,,,,,,,,,,,,,,
HELN,2025-03-21T10:54:55.699862,Switzerland,Europe,Helvetia,Unknown,CHF,investpy,,,,,,,,,,,,,,,,,,,,,,,,,,,,
ALLN,2025-03-21T10:54:55.699862,Switzerland,Europe,Allreal Holding,Unknown,CHF,investpy,,,,,,,,,,,,,,,,,,,,,,,,,,,,
BIOWKS,2025-03-21T10:54:55.699862,Sweden,Europe,Bio-Works,Unknown,SEK,investpy,,,,,,,,,,,,,,,,,,,,,,,,,,,,
1BF,2025-03-21T10:54:55.715530,Germany,Europe,Phoenix,Unknown,EUR,investpy,,,,,,,,,,,,,,,,,,,,,,,,,,,,
REGN,2025-03-21T10:54:55.871120,Germany,Europe,Regeneron Pharma,Unknown,EUR,investpy,,,,,,,,,,,,,,,,,,,,,,,,,,,,
AALD,2025-03-21T10:54:55.902898,Austria,Europe,American Airlines,Unknown,EUR,investpy,,,,,,,,,,,,,,,,,,,,,,,,,,,,
BYGGP,2025-03-21T10:54:55.918843,Sweden,Europe,Bygg Partner i Dalarna,Unknown,SEK,investpy,,,,,,,,,,,,,,,,,,,,,,,,,,,,
DTEGnEUR,2025-03-21T10:54:55.998210,Switzerland,Europe,Deutsche Telekom AG,Unknown,EUR,investpy,,,,,,,,,,,,,,,,,,,,,,,,,,,,
ABI,2025-03-21T10:54:56.014218,Italy,Europe,Anheuser Busch Inbev,Unknown,EUR,investpy,,,,,,,,,,,,,,,,,,,,,,,,,,,,
LGEN,2025-03-21T10:54:56.062266,United Kingdom,Europe,Legal & General,Unknown,GBP,investpy,,,,,,,,,,,,,,,,,,,,,,,,,,,,
ABF,2025-03-21T10:54:56.077268,United Kingdom,Europe,Associated British Foods,Unknown,GBP,investpy,,,,,,,,,,,,,,,,,,,,,,,,,,,,
SOPH,2025-03-21T10:54:56.093269,United Kingdom,Europe,Sophos Group PLC,Unknown,GBP,investpy,,,,,,,,,,,,,,,,,,,,,,,,,,,,
TOTF,2025-03-21T10:54:56.155409,Switzerland,Europe,Total,Unknown,CHF,investpy,,,,,,,,,,,,,,,,,,,,,,,,,,,,
BEZG,2025-03-21T10:54:56.216450,United Kingdom,Europe,Beazley,Unknown,GBP,investpy,,,,,,,,,,,,,,,,,,,,,,,,,,,,
ZCCM,2025-03-21T10:54:56.264074,France,Europe,ZCCM Investments,Unknown,EUR,investpy,,,,,,,,,,,,,,,,,,,,,,,,,,,,
BGHL,2025-03-21T10:54:56.343690,Netherlands,Europe,Boussard Gavaudan,Unknown,EUR,investpy,,,,,,,,,,,,,,,,,,,,,,,,,,,,
SAPGEUR,2025-03-21T10:54:56.359704,Switzerland,Europe,SAP,Unknown,EUR,investpy,,,,,,,,,,,,,,,,,,,,,,,,,,,,
MLDTB,2025-03-21T10:54:56.375738,France,Europe,Datbim SA,Unknown,EUR,investpy,,,,,,,,,,,,,,,,,,,,,,,,,,,,
UW,2025-03-21T10:54:56.407791,Germany,Europe,Waste Management,Unknown,EUR,investpy,,,,,,,,,,,,,,,,,,,,,,,,,,,,
SIAT,2025-03-21T10:54:56.423886,Switzerland,Europe,CS RE Siat,Unknown,CHF,investpy,,,,,,,,,,,,,,,,,,,,,,,,,,,,
GDWN,2025-03-21T10:54:56.455288,United Kingdom,Europe,Goodwin,Unknown,GBP,investpy,,,,,,,,,,,,,,,,,,,,,,,,,,,,
YPARK,2025-03-21T10:54:56.532726,Spain,Europe,Inmobiliaria Park Rose,Unknown,EUR,investpy,,,,,,,,,,,,,,,,,,,,,,,,,,,,
AFPD,2025-03-21T10:54:56.532726,Switzerland,Europe,Aluflexpack,Unknown,CHF,investpy,,,,,,,,,,,,,,,,,,,,,,,,,,,,
MOLDC,2025-03-21T10:54:56.657196,Italy,Europe,Costamp,Unknown,EUR,investpy,,,,,,,,,,,,,,,,,,,,,,,,,,,,
SOSI1,2025-03-21T10:54:56.688469,Finland,Europe,Sotkamo Silver AB,Unknown,EUR,investpy,,,,,,,,,,,,,,,,,,,,,,,,,,,,
AMDG,2025-03-21T10:54:12.780114,Austria,Europe,Leverage Shares 2X Long AMD Dai,NGM,USD,"investpy, Yahoo Finance",Unknown,Unknown,,,,,,,,,,,,,,,,,,,,,,,,,,
MULQ,2025-03-21T10:54:56.720468,Sweden,Europe,MultiQ International,Unknown,SEK,investpy,,,,,,,,,,,,,,,,,,,,,,,,,,,,
RAAG,2025-03-21T10:54:56.784065,Germany,Europe,Rational AG,Unknown,EUR,investpy,,,,,,,,,,,,,,,,,,,,,,,,,,,,
CVN,2025-03-21T10:54:56.784065,Germany,Europe,Carnarvon Petroleum,Unknown,EUR,investpy,,,,,,,,,,,,,,,,,,,,,,,,,,,,
NY7,2025-03-21T10:54:56.800085,Germany,Europe,Molson Coors Brewing B,Unknown,EUR,investpy,,,,,,,,,,,,,,,,,,,,,,,,,,,,
LHN,2025-03-21T10:54:56.863782,France,Europe,LafargeHolcim,Unknown,EUR,investpy,,,,,,,,,,,,,,,,,,,,,,,,,,,,
NKR,2025-03-21T10:54:56.911907,Norway,Europe,Nekkar Asa,Unknown,NOK,investpy,,,,,,,,,,,,,,,,,,,,,,,,,,,,
ALVER,2025-03-21T10:54:56.957700,France,Europe,Vergnet,Unknown,EUR,investpy,,,,,,,,,,,,,,,,,,,,,,,,,,,,
JHD,2025-03-21T10:54:56.988210,United Kingdom,Europe,James Halstead,Unknown,GBP,investpy,,,,,,,,,,,,,,,,,,,,,,,,,,,,
ALSS,2025-03-21T10:54:57.050979,Portugal,Europe,Altri,Unknown,EUR,investpy,,,,,,,,,,,,,,,,,,,,,,,,,,,,
ABVX,2025-03-21T10:54:57.050979,France,Europe,Abivax SA,Unknown,EUR,investpy,,,,,,,,,,,,,,,,,,,,,,,,,,,,
BKNGUSD,2025-03-21T10:54:57.128829,Switzerland,Europe,Booking,Unknown,EUR,investpy,,,,,,,,,,,,,,,,,,,,,,,,,,,,
SCOR,2025-03-21T10:54:57.159726,France,Europe,SCOR,Unknown,EUR,investpy,,,,,,,,,,,,,,,,,,,,,,,,,,,,
GRLA,2025-03-21T10:54:57.207651,Denmark,Europe,Gronlandsbanken,Unknown,DKK,investpy,,,,,,,,,,,,,,,,,,,,,,,,,,,,
SIC,2025-03-21T10:54:57.238452,Switzerland,Europe,Swisscanto CH RE Ifca,Unknown,CHF,investpy,,,,,,,,,,,,,,,,,,,,,,,,,,,,
PSCF,2025-03-21T10:54:57.315986,Switzerland,Europe,Procimmo Swiss Commercial,Unknown,CHF,investpy,,,,,,,,,,,,,,,,,,,,,,,,,,,,
CMO,2025-03-21T10:54:57.315986,France,Europe,Crcam Morbihan,Unknown,EUR,investpy,,,,,,,,,,,,,,,,,,,,,,,,,,,,
MLVAP,2025-03-21T10:54:57.331497,France,Europe,Kumulus Vape,Unknown,EUR,investpy,,,,,,,,,,,,,,,,,,,,,,,,,,,,
AIBG,2025-03-21T10:54:57.378813,Ireland,Europe,AIB,Unknown,EUR,investpy,,,,,,,,,,,,,,,,,,,,,,,,,,,,
AIKb,2025-03-21T10:54:57.394883,Sweden,Europe,AIK Fotboll,Unknown,SEK,investpy,,,,,,,,,,,,,,,,,,,,,,,,,,,,
PQR,2025-03-21T10:54:57.472133,Spain,Europe,Parques Reunidos,Unknown,EUR,investpy,,,,,,,,,,,,,,,,,,,,,,,,,,,,
TOWNT,2025-03-21T10:54:57.502934,United Kingdom,Europe,Town Centre,Unknown,GBP,investpy,,,,,,,,,,,,,,,,,,,,,,,,,,,,
ALBOU,2025-03-21T10:54:57.549168,France,Europe,Bourrelier,Unknown,EUR,investpy,,,,,,,,,,,,,,,,,,,,,,,,,,,,
BRWM,2025-03-21T10:54:57.642786,United Kingdom,Europe,Blackrock World Mining,Unknown,GBP,investpy,,,,,,,,,,,,,,,,,,,,,,,,,,,,
CTH1V,2025-03-21T10:54:57.642786,Finland,Europe,Componenta Oyj,Unknown,EUR,investpy,,,,,,,,,,,,,,,,,,,,,,,,,,,,
LEADD,2025-03-21T10:54:57.689966,Finland,Europe,Leaddesk,Unknown,EUR,investpy,,,,,,,,,,,,,,,,,,,,,,,,,,,,
BEG,2025-03-21T10:54:57.720834,United Kingdom,Europe,Begbies Traynor,Unknown,GBP,investpy,,,,,,,,,,,,,,,,,,,,,,,,,,,,
FTON,2025-03-21T10:54:57.766644,Switzerland,Europe,Feintool International Holding,Unknown,CHF,investpy,,,,,,,,,,,,,,,,,,,,,,,,,,,,
VJBA,2025-03-21T10:54:57.766644,Denmark,Europe,Vestjysk Bank,Unknown,DKK,investpy,,,,,,,,,,,,,,,,,,,,,,,,,,,,
SIE,2025-03-21T10:54:57.829674,Italy,Europe,Siemens AG,Unknown,EUR,investpy,,,,,,,,,,,,,,,,,,,,,,,,,,,,
MAREL,2025-03-21T10:54:57.877174,Netherlands,Europe,Marel hf,Unknown,EUR,investpy,,,,,,,,,,,,,,,,,,,,,,,,,,,,
INGI,2025-03-21T10:54:57.987514,United Kingdom,Europe,Ingenta,Unknown,GBP,investpy,,,,,,,,,,,,,,,,,,,,,,,,,,,,
FPO,2025-03-21T10:54:58.019055,Germany,Europe,Petra Diamonds,Unknown,EUR,investpy,,,,,,,,,,,,,,,,,,,,,,,,,,,,
NEXTNOK,2025-03-21T10:54:58.019055,Sweden,Europe,Next Biometrics,Unknown,NOK,investpy,,,,,,,,,,,,,,,,,,,,,,,,,,,,
ABBN,2025-03-21T10:54:58.065548,Switzerland,Europe,ABB,Unknown,CHF,investpy,,,,,,,,,,,,,,,,,,,,,,,,,,,,
DEDIC,2025-03-21T10:54:58.097137,Sweden,Europe,Dedicare B,Unknown,SEK,investpy,,,,,,,,,,,,,,,,,,,,,,,,,,,,
STAF,2025-03-21T10:54:58.127577,United Kingdom,Europe,Staffline,Unknown,GBP,investpy,,,,,,,,,,,,,,,,,,,,,,,,,,,,
WINEW,2025-03-21T10:54:58.143603,United Kingdom,Europe,Majestic Wine,Unknown,GBP,investpy,,,,,,,,,,,,,,,,,,,,,,,,,,,,
ETO,2025-03-21T10:54:58.159602,United Kingdom,Europe,Entertainment One,Unknown,GBP,investpy,,,,,,,,,,,,,,,,,,,,,,,,,,,,
H2Fn,2025-03-21T10:54:58.284559,Germany,Europe,Heliocentris Energy Solutions,Unknown,EUR,investpy,,,,,,,,,,,,,,,,,,,,,,,,,,,,
ANP,2025-03-21T10:54:58.316565,United Kingdom,Europe,Anpario,Unknown,GBP,investpy,,,,,,,,,,,,,,,,,,,,,,,,,,,,
CAH,2025-03-21T10:54:58.331698,Germany,Europe,Cardinal Health,Unknown,EUR,investpy,,,,,,,,,,,,,,,,,,,,,,,,,,,,
ARYN,2025-03-21T10:54:58.362361,Ireland,Europe,Aryzta,Unknown,EUR,investpy,,,,,,,,,,,,,,,,,,,,,,,,,,,,
EVE,2025-03-21T10:54:58.362865,Switzerland,Europe,Evolva Holding,Unknown,CHF,investpy,,,,,,,,,,,,,,,,,,,,,,,,,,,,
RIB,2025-03-21T10:54:58.425609,Germany,Europe,RIB Software AG,Unknown,EUR,investpy,,,,,,,,,,,,,,,,,,,,,,,,,,,,
REDD,2025-03-21T10:54:58.503565,United Kingdom,Europe,Redde,Unknown,GBP,investpy,,,,,,,,,,,,,,,,,,,,,,,,,,,,
MBO,2025-03-21T10:54:58.503565,United Kingdom,Europe,Mobilityone,Unknown,GBP,investpy,,,,,,,,,,,,,,,,,,,,,,,,,,,,
SLB,2025-03-21T10:54:58.614835,Switzerland,Europe,Schlumberger,Unknown,CHF,investpy,,,,,,,,,,,,,,,,,,,,,,,,,,,,
SGOB,2025-03-21T10:54:58.630672,Italy,Europe,Saint Gobain,Unknown,EUR,investpy,,,,,,,,,,,,,,,,,,,,,,,,,,,,
IRLABa,2025-03-21T10:54:58.662402,Sweden,Europe,IRLAB Therapeutics,Unknown,SEK,investpy,,,,,,,,,,,,,,,,,,,,,,,,,,,,
TENr,2025-03-21T10:54:58.724349,Greece,Europe,Terna Energy,Unknown,EUR,investpy,,,,,,,,,,,,,,,,,,,,,,,,,,,,
INTEGb,2025-03-21T10:54:58.739532,Sweden,Europe,Integrum,Unknown,SEK,investpy,,,,,,,,,,,,,,,,,,,,,,,,,,,,
IVXG,2025-03-21T10:54:58.739532,Germany,Europe,Invision AG,Unknown,EUR,investpy,,,,,,,,,,,,,,,,,,,,,,,,,,,,
RAIKV,2025-03-21T10:54:58.802783,Finland,Europe,Raisio,Unknown,EUR,investpy,,,,,,,,,,,,,,,,,,,,,,,,,,,,
NEPA,2025-03-21T10:54:58.881530,Sweden,Europe,Nepa,Unknown,SEK,investpy,,,,,,,,,,,,,,,,,,,,,,,,,,,,
CRGIn,2025-03-21T10:54:58.881530,Italy,Europe,Banca Carige RSP,Unknown,EUR,investpy,,,,,,,,,,,,,,,,,,,,,,,,,,,,
MBBG,2025-03-21T10:54:58.960924,Germany,Europe,MBB Industries AG,Unknown,EUR,investpy,,,,,,,,,,,,,,,,,,,,,,,,,,,,
BET,2025-03-21T10:54:58.992821,Italy,Europe,BE,Unknown,EUR,investpy,,,,,,,,,,,,,,,,,,,,,,,,,,,,
HOC,2025-03-21T10:54:59.008838,Germany,Europe,HolidayCheck,Unknown,EUR,investpy,,,,,,,,,,,,,,,,,,,,,,,,,,,,
SIEGnEUR,2025-03-21T10:54:59.008838,Switzerland,Europe,Siemens AG,Unknown,EUR,investpy,,,,,,,,,,,,,,,,,,,,,,,,,,,,
PVAC,2025-03-21T10:54:59.056461,France,Europe,Pierre Vacances,Unknown,EUR,investpy,,,,,,,,,,,,,,,,,,,,,,,,,,,,
REE,2025-03-21T10:54:59.119337,Spain,Europe,Red Electrica,Unknown,EUR,investpy,,,,,,,,,,,,,,,,,,,,,,,,,,,,
HOFI,2025-03-21T10:54:59.165141,Sweden,Europe,Hoist Finance AB,Unknown,SEK,investpy,,,,,,,,,,,,,,,,,,,,,,,,,,,,
ELEC,2025-03-21T10:54:59.258980,Sweden,Europe,Electra Gruppen,Unknown,SEK,investpy,,,,,,,,,,,,,,,,,,,,,,,,,,,,
ELY,2025-03-21T10:54:59.258980,Germany,Europe,Callaway Golf,Unknown,EUR,investpy,,,,,,,,,,,,,,,,,,,,,,,,,,,,
UIAV,2025-03-21T10:54:59.274260,Austria,Europe,Unternehmens Invest AG,Unknown,EUR,investpy,,,,,,,,,,,,,,,,,,,,,,,,,,,,
ATVI,2025-03-21T10:54:59.321043,Austria,Europe,Activision Blizzard,Unknown,EUR,investpy,,,,,,,,,,,,,,,,,,,,,,,,,,,,
JBOG,2025-03-21T10:54:59.384353,France,Europe,Jacques Bogart,Unknown,EUR,investpy,,,,,,,,,,,,,,,,,,,,,,,,,,,,
VEMFsdb,2025-03-21T10:54:59.384353,Sweden,Europe,Vostok Emerging Finance Ltd,Unknown,SEK,investpy,,,,,,,,,,,,,,,,,,,,,,,,,,,,
V3VGn,2025-03-21T10:54:59.430865,Germany,Europe,Vita 34 AG,Unknown,EUR,investpy,,,,,,,,,,,,,,,,,,,,,,,,,,,,
FUGRc,2025-03-21T10:54:59.446881,Netherlands,Europe,Fugro,Unknown,EUR,investpy,,,,,,,,,,,,,,,,,,,,,,,,,,,,
ALNGNOK,2025-03-21T10:54:59.586936,Sweden,Europe,Awilco LNG,Unknown,NOK,investpy,,,,,,,,,,,,,,,,,,,,,,,,,,,,
LXSG,2025-03-21T10:54:59.586936,Germany,Europe,Lanxess AG,Unknown,EUR,investpy,,,,,,,,,,,,,,,,,,,,,,,,,,,,
CRDA,2025-03-21T10:54:59.618779,United Kingdom,Europe,Croda Intl,Unknown,GBP,investpy,,,,,,,,,,,,,,,,,,,,,,,,,,,,
CONFRZ,2025-03-21T10:54:59.681672,Denmark,Europe,Conferize,Unknown,DKK,investpy,,,,,,,,,,,,,,,,,,,,,,,,,,,,
2DBn,2025-03-21T10:54:59.712932,Germany,Europe,Dunkin Brands,Unknown,EUR,investpy,,,,,,,,,,,,,,,,,,,,,,,,,,,,
VLTZ,2025-03-21T10:54:59.712932,France,Europe,Graines Voltz,Unknown,EUR,investpy,,,,,,,,,,,,,,,,,,,,,,,,,,,,
AAL,2025-03-21T10:54:59.728063,Switzerland,Europe,Anglo American,Unknown,CHF,investpy,,,,,,,,,,,,,,,,,,,,,,,,,,,,
DB1GnEUR,2025-03-21T10:54:59.743345,Switzerland,Europe,Deutsche Boerse,Unknown,EUR,investpy,,,,,,,,,,,,,,,,,,,,,,,,,,,,
GIRO,2025-03-21T10:54:59.852045,France,Europe,Signaux Girod,Unknown,EUR,investpy,,,,,,,,,,,,,,,,,,,,,,,,,,,,
AEDAS,2025-03-21T10:54:59.882598,Spain,Europe,Aedas Homes,Unknown,EUR,investpy,,,,,,,,,,,,,,,,,,,,,,,,,,,,
ALNN6,2025-03-21T10:54:59.928830,France,Europe,Enensys Technologies,Unknown,EUR,investpy,,,,,,,,,,,,,,,,,,,,,,,,,,,,
CPRC,2025-03-21T10:55:00.005782,United Kingdom,Europe,Carpetright,Unknown,GBP,investpy,,,,,,,,,,,,,,,,,,,,,,,,,,,,
MNL,2025-03-21T10:55:00.021806,United Kingdom,Europe,Manchester and London,Unknown,GBP,investpy,,,,,,,,,,,,,,,,,,,,,,,,,,,,
GSK,2025-03-21T10:55:00.021806,Switzerland,Europe,GlaxoSmithKline,Unknown,CHF,investpy,,,,,,,,,,,,,,,,,,,,,,,,,,,,
MLTR,2025-03-21T10:55:00.021806,Sweden,Europe,Uni Light LED,Unknown,SEK,investpy,,,,,,,,,,,,,,,,,,,,,,,,,,,,
NDADK,2025-03-21T10:55:00.085231,Denmark,Europe,Nordea Bank,Unknown,DKK,investpy,,,,,,,,,,,,,,,,,,,,,,,,,,,,
ALERS,2025-03-21T10:55:00.164078,France,Europe,Eurobio Scientific,Unknown,EUR,investpy,,,,,,,,,,,,,,,,,,,,,,,,,,,,
HOLCO,2025-03-21T10:55:00.179172,Netherlands,Europe,Holland Colours,Unknown,EUR,investpy,,,,,,,,,,,,,,,,,,,,,,,,,,,,
SVS,2025-03-21T10:55:00.194430,United Kingdom,Europe,Savills,Unknown,GBP,investpy,,,,,,,,,,,,,,,,,,,,,,,,,,,,
VZ,2025-03-21T10:55:00.289406,Austria,Europe,Verizon,Unknown,EUR,investpy,,,,,,,,,,,,,,,,,,,,,,,,,,,,
RISK,2025-03-21T10:55:00.368545,Sweden,Europe,Risk Intelligence,Unknown,SEK,investpy,,,,,,,,,,,,,,,,,,,,,,,,,,,,
ANEA,2025-03-21T10:55:00.368545,United Kingdom,Europe,Anglo-Eastern Plantations,Unknown,GBP,investpy,,,,,,,,,,,,,,,,,,,,,,,,,,,,
HELIO,2025-03-21T10:55:00.400532,Sweden,Europe,Heliospectra publ AB,Unknown,SEK,investpy,,,,,,,,,,,,,,,,,,,,,,,,,,,,
DOKA,2025-03-21T10:55:00.448117,Switzerland,Europe,Dorma Kaba Holding,Unknown,CHF,investpy,,,,,,,,,,,,,,,,,,,,,,,,,,,,
TRVX,2025-03-21T10:55:00.448117,Norway,Europe,Targovax,Unknown,NOK,investpy,,,,,,,,,,,,,,,,,,,,,,,,,,,,
BIOa,2025-03-21T10:55:00.527196,Germany,Europe,Bio-Rad Labs,Unknown,EUR,investpy,,,,,,,,,,,,,,,,,,,,,,,,,,,,
HYR,2025-03-21T10:55:00.527196,United Kingdom,Europe,Hydrodec,Unknown,GBP,investpy,,,,,,,,,,,,,,,,,,,,,,,,,,,,
SCST,2025-03-21T10:55:00.605601,Sweden,Europe,Scandi Standard publ AB,Unknown,SEK,investpy,,,,,,,,,,,,,,,,,,,,,,,,,,,,
PCA,2025-03-21T10:55:00.699584,United Kingdom,Europe,Palace Capital PLC,Unknown,GBP,investpy,,,,,,,,,,,,,,,,,,,,,,,,,,,,
ROSER,2025-03-21T10:55:00.715650,United Kingdom,Europe,Rose Petroleum,Unknown,GBP,investpy,,,,,,,,,,,,,,,,,,,,,,,,,,,,
CTNGk,2025-03-21T10:55:00.715650,Germany,Europe,Centrotherm,Unknown,EUR,investpy,,,,,,,,,,,,,,,,,,,,,,,,,,,,
ABM,2025-03-21T10:55:00.746390,Germany,Europe,ABM Industries,Unknown,EUR,investpy,,,,,,,,,,,,,,,,,,,,,,,,,,,,
DIVIb,2025-03-21T10:55:00.762396,Sweden,Europe,Dividend Sweden,Unknown,SEK,investpy,,,,,,,,,,,,,,,,,,,,,,,,,,,,
UTDI,2025-03-21T10:55:00.855917,Austria,Europe,United Internet AG,Unknown,EUR,investpy,,,,,,,,,,,,,,,,,,,,,,,,,,,,
NETG,2025-03-21T10:55:00.871965,Sweden,Europe,Net Gaming,Unknown,SEK,investpy,,,,,,,,,,,,,,,,,,,,,,,,,,,,
SCAb,2025-03-21T10:55:00.966297,Switzerland,Europe,SCA B,Unknown,CHF,investpy,,,,,,,,,,,,,,,,,,,,,,,,,,,,
CRR,2025-03-21T10:55:00.997856,Italy,Europe,Carrefour,Unknown,EUR,investpy,,,,,,,,,,,,,,,,,,,,,,,,,,,,
CBKG,2025-03-21T10:55:01.013356,Germany,Europe,Commerzbank,Unknown,EUR,investpy,,,,,,,,,,,,,,,,,,,,,,,,,,,,
AAP,2025-03-21T10:55:01.028363,Germany,Europe,Azure Health,Unknown,AUD,investpy,,,,,,,,,,,,,,,,,,,,,,,,,,,,
FPE4y,2025-03-21T10:55:01.028363,Germany,Europe,Fuchs Petrolub ADR,Unknown,EUR,investpy,,,,,,,,,,,,,,,,,,,,,,,,,,,,
CVX,2025-03-21T10:55:01.091253,Switzerland,Europe,Chevron,Unknown,CHF,investpy,,,,,,,,,,,,,,,,,,,,,,,,,,,,
FATL,2025-03-21T10:55:01.154498,France,Europe,Fonciere Atland,Unknown,EUR,investpy,,,,,,,,,,,,,,,,,,,,,,,,,,,,
A4Y,2025-03-21T10:55:01.185730,Germany,Europe,Accentro Real Estate,Unknown,EUR,investpy,,,,,,,,,,,,,,,,,,,,,,,,,,,,
SORR,2025-03-21T10:55:01.249733,Norway,Europe,Sparebanken Sor,Unknown,NOK,investpy,,,,,,,,,,,,,,,,,,,,,,,,,,,,
SAGAG,2025-03-21T10:55:01.328601,United Kingdom,Europe,Saga,Unknown,GBP,investpy,,,,,,,,,,,,,,,,,,,,,,,,,,,,
1T1,2025-03-21T10:55:01.343625,Germany,Europe,TechnipFMC,Unknown,EUR,investpy,,,,,,,,,,,,,,,,,,,,,,,,,,,,
ATEO,2025-03-21T10:55:01.359615,Belgium,Europe,Atenor,Unknown,EUR,investpy,,,,,,,,,,,,,,,,,,,,,,,,,,,,
VOG,2025-03-21T10:55:01.375075,United Kingdom,Europe,Victoria Oil,Unknown,GBP,investpy,,,,,,,,,,,,,,,,,,,,,,,,,,,,
ALBFR,2025-03-21T10:55:01.406299,France,Europe,Sidetrade,Unknown,EUR,investpy,,,,,,,,,,,,,,,,,,,,,,,,,,,,
SBUX,2025-03-21T10:55:01.436849,Switzerland,Europe,Starbucks,Unknown,CHF,investpy,,,,,,,,,,,,,,,,,,,,,,,,,,,,
CGT,2025-03-21T10:55:01.484482,United Kingdom,Europe,Capital Gearing,Unknown,GBP,investpy,,,,,,,,,,,,,,,,,,,,,,,,,,,,
GIBG,2025-03-21T10:55:01.610354,Germany,Europe,GSW Immobilien AG,Unknown,EUR,investpy,,,,,,,,,,,,,,,,,,,,,,,,,,,,
ZO1G,2025-03-21T10:55:01.626569,Switzerland,Europe,Zooplus AG,Unknown,CHF,investpy,,,,,,,,,,,,,,,,,,,,,,,,,,,,
IPF,2025-03-21T10:55:01.626569,United Kingdom,Europe,Intl Personal Finance,Unknown,GBP,investpy,,,,,,,,,,,,,,,,,,,,,,,,,,,,
RM11,2025-03-21T10:55:01.689545,Germany,Europe,Endologix,Unknown,EUR,investpy,,,,,,,,,,,,,,,,,,,,,,,,,,,,
IPCOR,2025-03-21T10:55:01.689545,Sweden,Europe,Intl Petroleum,Unknown,SEK,investpy,,,,,,,,,,,,,,,,,,,,,,,,,,,,
BKY,2025-03-21T10:55:01.689545,United Kingdom,Europe,Berkeley Energy,Unknown,GBP,investpy,,,,,,,,,,,,,,,,,,,,,,,,,,,,
PARP,2025-03-21T10:55:01.752189,France,Europe,Groupe Partouche,Unknown,EUR,investpy,,,,,,,,,,,,,,,,,,,,,,,,,,,,
MURG,2025-03-21T10:55:01.783392,United Kingdom,Europe,Murgitroyd,Unknown,GBP,investpy,,,,,,,,,,,,,,,,,,,,,,,,,,,,
GREENM,2025-03-21T10:55:01.907189,Denmark,Europe,GreenMobility,Unknown,DKK,investpy,,,,,,,,,,,,,,,,,,,,,,,,,,,,
2UH,2025-03-21T10:55:01.907189,Germany,Europe,ANGI Homeservices,Unknown,EUR,investpy,,,,,,,,,,,,,,,,,,,,,,,,,,,,
ENVI,2025-03-21T10:55:01.985001,Netherlands,Europe,Envipco,Unknown,EUR,investpy,,,,,,,,,,,,,,,,,,,,,,,,,,,,
ZV,2025-03-21T10:55:02.001019,Italy,Europe,Zignago Vetro,Unknown,EUR,investpy,,,,,,,,,,,,,,,,,,,,,,,,,,,,
GFS,2025-03-21T10:55:02.032160,United Kingdom,Europe,G4S,Unknown,GBP,investpy,,,,,,,,,,,,,,,,,,,,,,,,,,,,
MAR,2025-03-21T10:55:02.048215,Austria,Europe,Marriott Int,Unknown,EUR,investpy,,,,,,,,,,,,,,,,,,,,,,,,,,,,
PHLYS,2025-03-21T10:55:02.064109,Norway,Europe,Philly Shipyard ASA,Unknown,NOK,investpy,,,,,,,,,,,,,,,,,,,,,,,,,,,,
HLE,2025-03-21T10:55:02.110158,Austria,Europe,Hella KGaA Hueck & Co,Unknown,EUR,investpy,,,,,,,,,,,,,,,,,,,,,,,,,,,,
NWRN,2025-03-21T10:55:02.251784,Switzerland,Europe,Newron Pharmaceuticals,Unknown,CHF,investpy,,,,,,,,,,,,,,,,,,,,,,,,,,,,
G4S,2025-03-21T10:55:02.267830,Denmark,Europe,G4S,Unknown,DKK,investpy,,,,,,,,,,,,,,,,,,,,,,,,,,,,
MLSML,2025-03-21T10:55:02.299842,France,Europe,Smalto,Unknown,EUR,investpy,,,,,,,,,,,,,,,,,,,,,,,,,,,,
IOL,2025-03-21T10:55:02.331356,Italy,Europe,Italiaonline,Unknown,EUR,investpy,,,,,,,,,,,,,,,,,,,,,,,,,,,,
LAGA,2025-03-21T10:55:02.363355,France,Europe,Lagardere,Unknown,EUR,investpy,,,,,,,,,,,,,,,,,,,,,,,,,,,,
MEMS,2025-03-21T10:55:02.363355,France,Europe,Memscap,Unknown,EUR,investpy,,,,,,,,,,,,,,,,,,,,,,,,,,,,
FNOX,2025-03-21T10:55:02.395353,Sweden,Europe,Fortnox,Unknown,SEK,investpy,,,,,,,,,,,,,,,,,,,,,,,,,,,,
SGC,2025-03-21T10:55:02.457613,United Kingdom,Europe,Stagecoach,Unknown,GBP,investpy,,,,,,,,,,,,,,,,,,,,,,,,,,,,
GGGA,2025-03-21T10:55:02.566435,Germany,Europe,Greenland Minerals&Energy,Unknown,EUR,investpy,,,,,,,,,,,,,,,,,,,,,,,,,,,,
TRH1V,2025-03-21T10:55:02.628610,Finland,Europe,Trainers House,Unknown,EUR,investpy,,,,,,,,,,,,,,,,,,,,,,,,,,,,
SCI,2025-03-21T10:55:02.628610,Germany,Europe,SCI,Unknown,EUR,investpy,,,,,,,,,,,,,,,,,,,,,,,,,,,,
CAF,2025-03-21T10:55:02.644639,Spain,Europe,Construcciones y Auxiliar,Unknown,EUR,investpy,,,,,,,,,,,,,,,,,,,,,,,,,,,,
HNRGn,2025-03-21T10:55:02.659649,Austria,Europe,Hannover Rueckversicherung SE,Unknown,EUR,investpy,,,,,,,,,,,,,,,,,,,,,,,,,,,,
BILL,2025-03-21T10:55:02.659649,Sweden,Europe,BillerudKorsnas,Unknown,SEK,investpy,,,,,,,,,,,,,,,,,,,,,,,,,,,,
SDFGn,2025-03-21T10:55:02.675665,Italy,Europe,K+S AG,Unknown,EUR,investpy,,,,,,,,,,,,,,,,,,,,,,,,,,,,
SYMA,2025-03-21T10:55:02.722783,Belgium,Europe,Softimat,Unknown,EUR,investpy,,,,,,,,,,,,,,,,,,,,,,,,,,,,
MTV,2025-03-21T10:55:02.879560,Italy,Europe,Mondo TV,Unknown,EUR,investpy,,,,,,,,,,,,,,,,,,,,,,,,,,,,
SLBEN,2025-03-21T10:55:02.925967,Portugal,Europe,Benfica,Unknown,EUR,investpy,,,,,,,,,,,,,,,,,,,,,,,,,,,,
CNDR,2025-03-21T10:55:02.956275,United Kingdom,Europe,Condor,Unknown,GBP,investpy,,,,,,,,,,,,,,,,,,,,,,,,,,,,
STI,2025-03-21T10:55:02.971883,Germany,Europe,SunTrust Banks,Unknown,EUR,investpy,,,,,,,,,,,,,,,,,,,,,,,,,,,,
DUEG,2025-03-21T10:55:03.003984,Switzerland,Europe,Duerr AG,Unknown,CHF,investpy,,,,,,,,,,,,,,,,,,,,,,,,,,,,
FUM,2025-03-21T10:55:03.019403,United Kingdom,Europe,Futura,Unknown,GBP,investpy,,,,,,,,,,,,,,,,,,,,,,,,,,,,
PANI,2025-03-21T10:55:03.034909,United Kingdom,Europe,Pantheon,Unknown,GBP,investpy,,,,,,,,,,,,,,,,,,,,,,,,,,,,
MDM,2025-03-21T10:55:03.066950,France,Europe,Maisons du Monde,Unknown,EUR,investpy,,,,,,,,,,,,,,,,,,,,,,,,,,,,
ISP,2025-03-21T10:55:03.191739,Switzerland,Europe,Intesa Sanpaolo,Unknown,CHF,investpy,,,,,,,,,,,,,,,,,,,,,,,,,,,,
KOANOK,2025-03-21T10:55:03.223800,Sweden,Europe,Kongsberg Automotive,Unknown,NOK,investpy,,,,,,,,,,,,,,,,,,,,,,,,,,,,
VDLO,2025-03-21T10:55:03.239591,France,Europe,Videlio SA,Unknown,EUR,investpy,,,,,,,,,,,,,,,,,,,,,,,,,,,,
ARCMA,2025-03-21T10:55:03.285803,United Kingdom,Europe,ARC Minerals,Unknown,GBP,investpy,,,,,,,,,,,,,,,,,,,,,,,,,,,,
BVI,2025-03-21T10:55:03.348478,France,Europe,Bureau Veritas,Unknown,EUR,investpy,,,,,,,,,,,,,,,,,,,,,,,,,,,,
DPWGn,2025-03-21T10:55:03.364481,Germany,Europe,Deutsche Post,Unknown,EUR,investpy,,,,,,,,,,,,,,,,,,,,,,,,,,,,
BZT,2025-03-21T10:55:03.380482,United Kingdom,Europe,Bezant,Unknown,GBP,investpy,,,,,,,,,,,,,,,,,,,,,,,,,,,,
COF,2025-03-21T10:55:03.396480,Germany,Europe,Capital One Financial,Unknown,EUR,investpy,,,,,,,,,,,,,,,,,,,,,,,,,,,,
THRG,2025-03-21T10:55:03.523053,United Kingdom,Europe,Throgmorton,Unknown,GBP,investpy,,,,,,,,,,,,,,,,,,,,,,,,,,,,
BLY,2025-03-21T10:55:03.523053,Germany,Europe,Boart Longyear,Unknown,EUR,investpy,,,,,,,,,,,,,,,,,,,,,,,,,,,,
DICn,2025-03-21T10:55:03.570567,Germany,Europe,DIC Asset AG,Unknown,EUR,investpy,,,,,,,,,,,,,,,,,,,,,,,,,,,,
SREI,2025-03-21T10:55:03.570567,United Kingdom,Europe,Schroder RE,Unknown,GBP,investpy,,,,,,,,,,,,,,,,,,,,,,,,,,,,
CCAG,2025-03-21T10:55:03.602567,Germany,Europe,Corestate,Unknown,EUR,investpy,,,,,,,,,,,,,,,,,,,,,,,,,,,,
BMMG,2025-03-21T10:55:03.681137,Germany,Europe,Brueder Mannesmann,Unknown,EUR,investpy,,,,,,,,,,,,,,,,,,,,,,,,,,,,
DB1Gn,2025-03-21T10:55:03.681137,Switzerland,Europe,Deutsche Boerse,Unknown,CHF,investpy,,,,,,,,,,,,,,,,,,,,,,,,,,,,
SBRY,2025-03-21T10:55:03.744717,United Kingdom,Europe,J Sainsbury,Unknown,GBP,investpy,,,,,,,,,,,,,,,,,,,,,,,,,,,,
IRRAS,2025-03-21T10:55:03.840291,Sweden,Europe,Irras,Unknown,SEK,investpy,,,,,,,,,,,,,,,,,,,,,,,,,,,,
SFQN,2025-03-21T10:55:03.872346,Germany,Europe,SAF Holland,Unknown,EUR,investpy,,,,,,,,,,,,,,,,,,,,,,,,,,,,
BEFB,2025-03-21T10:55:03.872346,Belgium,Europe,Befimmo-Sicafi,Unknown,EUR,investpy,,,,,,,,,,,,,,,,,,,,,,,,,,,,
0TDE,2025-03-21T10:55:03.903348,United Kingdom,Europe,Telefonica,Unknown,EUR,investpy,,,,,,,,,,,,,,,,,,,,,,,,,,,,
ALPN,2025-03-21T10:55:03.934862,Switzerland,Europe,Alpine Select AG,Unknown,CHF,investpy,,,,,,,,,,,,,,,,,,,,,,,,,,,,
ALKE,2025-03-21T10:55:03.981861,Italy,Europe,Alkemy,Unknown,EUR,investpy,,,,,,,,,,,,,,,,,,,,,,,,,,,,
ATEANOK,2025-03-21T10:55:03.997862,Sweden,Europe,Atea,Unknown,NOK,investpy,,,,,,,,,,,,,,,,,,,,,,,,,,,,
NBI,2025-03-21T10:55:04.044380,United Kingdom,Europe,Northbridge Industrial,Unknown,GBP,investpy,,,,,,,,,,,,,,,,,,,,,,,,,,,,
DOX,2025-03-21T10:55:04.124434,Germany,Europe,Amdocs,Unknown,EUR,investpy,,,,,,,,,,,,,,,,,,,,,,,,,,,,
FDOP,2025-03-21T10:55:04.171942,Italy,Europe,Giorgio Fedon & Figli,Unknown,EUR,investpy,,,,,,,,,,,,,,,,,,,,,,,,,,,,
NLFSK,2025-03-21T10:55:04.187995,Denmark,Europe,Nilfisk,Unknown,DKK,investpy,,,,,,,,,,,,,,,,,,,,,,,,,,,,
NHCBHFFS,2025-03-21T10:55:04.250401,Sweden,Europe,Baltic Horizon Fund,Unknown,SEK,investpy,,,,,,,,,,,,,,,,,,,,,,,,,,,,
TSCOA,2025-03-21T10:55:04.250401,Austria,Europe,Tractor Supply,Unknown,EUR,investpy,,,,,,,,,,,,,,,,,,,,,,,,,,,,
EXEL,2025-03-21T10:55:04.282452,Germany,Europe,Exelixis,Unknown,EUR,investpy,,,,,,,,,,,,,,,,,,,,,,,,,,,,
COKG,2025-03-21T10:55:04.282452,Germany,Europe,Cancom SE,Unknown,EUR,investpy,,,,,,,,,,,,,,,,,,,,,,,,,,,,
ILK1S,2025-03-21T10:55:04.362039,Finland,Europe,Ilkka Yhtyma,Unknown,EUR,investpy,,,,,,,,,,,,,,,,,,,,,,,,,,,,
POST,2025-03-21T10:55:04.409115,Austria,Europe,Oesterr. Post AG,Unknown,EUR,investpy,,,,,,,,,,,,,,,,,,,,,,,,,,,,
BONEX,2025-03-21T10:55:04.521417,Sweden,Europe,Bonesupport,Unknown,SEK,investpy,,,,,,,,,,,,,,,,,,,,,,,,,,,,
SEIFT,2025-03-21T10:55:04.537493,Italy,Europe,Societa Editoriale Il,Unknown,EUR,investpy,,,,,,,,,,,,,,,,,,,,,,,,,,,,
AKRr,2025-03-21T10:55:04.537493,Greece,Europe,Akritas SA,Unknown,EUR,investpy,,,,,,,,,,,,,,,,,,,,,,,,,,,,
OC,2025-03-21T10:55:04.584529,Germany,Europe,Owens Corning,Unknown,EUR,investpy,,,,,,,,,,,,,,,,,,,,,,,,,,,,
ADSGn,2025-03-21T10:55:04.584529,Italy,Europe,Adidas,Unknown,EUR,investpy,,,,,,,,,,,,,,,,,,,,,,,,,,,,
BUEy,2025-03-21T10:55:04.631739,Germany,Europe,Buenaventura Mining ADR,Unknown,EUR,investpy,,,,,,,,,,,,,,,,,,,,,,,,,,,,
BC8G,2025-03-21T10:55:04.662846,Germany,Europe,Bechtle AG,Unknown,EUR,investpy,,,,,,,,,,,,,,,,,,,,,,,,,,,,
SAVOH,2025-03-21T10:55:04.678426,Finland,Europe,Savo Solar Oy,Unknown,EUR,investpy,,,,,,,,,,,,,,,,,,,,,,,,,,,,
EMMN,2025-03-21T10:55:04.834589,Switzerland,Europe,Emmi AG,Unknown,CHF,investpy,,,,,,,,,,,,,,,,,,,,,,,,,,,,
KRMr,2025-03-21T10:55:04.850494,Greece,Europe,Karamolengos Bakery Industry SA,Unknown,EUR,investpy,,,,,,,,,,,,,,,,,,,,,,,,,,,,
IIJIy,2025-03-21T10:55:04.865634,Germany,Europe,Internet Initiative Japan ADR,Unknown,EUR,investpy,,,,,,,,,,,,,,,,,,,,,,,,,,,,
NOEJ,2025-03-21T10:55:04.911950,Austria,Europe,Norma AG,Unknown,EUR,investpy,,,,,,,,,,,,,,,,,,,,,,,,,,,,
YHAB,2025-03-21T10:55:04.927996,Spain,Europe,Heref Habaneras,Unknown,EUR,investpy,,,,,,,,,,,,,,,,,,,,,,,,,,,,
CLBM,2025-03-21T10:55:04.943524,Denmark,Europe,Cleantech Building,Unknown,EUR,investpy,,,,,,,,,,,,,,,,,,,,,,,,,,,,
CVLT,2025-03-21T10:55:04.990903,Germany,Europe,CommVault,Unknown,EUR,investpy,,,,,,,,,,,,,,,,,,,,,,,,,,,,
0QYC,2025-03-21T10:55:05.022909,United Kingdom,Europe,First Majestic Silver,Unknown,CAD,investpy,,,,,,,,,,,,,,,,,,,,,,,,,,,,
PRES,2025-03-21T10:55:05.130242,United Kingdom,Europe,Pressure,Unknown,GBP,investpy,,,,,,,,,,,,,,,,,,,,,,,,,,,,
ADVN,2025-03-21T10:55:05.209110,Switzerland,Europe,Adval Tech Holding AG,Unknown,CHF,investpy,,,,,,,,,,,,,,,,,,,,,,,,,,,,
IKG,2025-03-21T10:55:05.224629,Italy,Europe,Intek,Unknown,EUR,investpy,,,,,,,,,,,,,,,,,,,,,,,,,,,,
IBES,2025-03-21T10:55:05.271284,Spain,Europe,Nyesa Valores,Unknown,EUR,investpy,,,,,,,,,,,,,,,,,,,,,,,,,,,,
2U4,2025-03-21T10:55:05.302567,Germany,Europe,HICL Infrastructure,Unknown,EUR,investpy,,,,,,,,,,,,,,,,,,,,,,,,,,,,
ALMAC,2025-03-21T10:55:05.302567,Finland,Europe,Alma Media,Unknown,EUR,investpy,,,,,,,,,,,,,,,,,,,,,,,,,,,,
BAP,2025-03-21T10:55:05.302567,Switzerland,Europe,Groupe Baumgartner Holding,Unknown,CHF,investpy,,,,,,,,,,,,,,,,,,,,,,,,,,,,
AMZN,2025-03-21T10:55:05.364266,Italy,Europe,Amazon.com,Unknown,EUR,investpy,,,,,,,,,,,,,,,,,,,,,,,,,,,,
SJG,2025-03-21T10:55:05.443112,United Kingdom,Europe,Schroder Japan,Unknown,GBP,investpy,,,,,,,,,,,,,,,,,,,,,,,,,,,,
AWDR,2025-03-21T10:55:05.504141,Norway,Europe,Awilco Drilling,Unknown,NOK,investpy,,,,,,,,,,,,,,,,,,,,,,,,,,,,
RISH,2025-03-21T10:55:05.535657,Norway,Europe,Gc Rieber Ship,Unknown,NOK,investpy,,,,,,,,,,,,,,,,,,,,,,,,,,,,
SEYE,2025-03-21T10:55:05.567656,Sweden,Europe,Smart Eye,Unknown,SEK,investpy,,,,,,,,,,,,,,,,,,,,,,,,,,,,
AKERBP,2025-03-21T10:55:05.583656,Norway,Europe,Aker BP,Unknown,NOK,investpy,,,,,,,,,,,,,,,,,,,,,,,,,,,,
NEXS,2025-03-21T10:55:05.615660,France,Europe,Nexans,Unknown,EUR,investpy,,,,,,,,,,,,,,,,,,,,,,,,,,,,
APPS,2025-03-21T10:55:05.630897,Spain,Europe,Applus Services SA,Unknown,EUR,investpy,,,,,,,,,,,,,,,,,,,,,,,,,,,,
ATYM,2025-03-21T10:55:05.630897,United Kingdom,Europe,Atalaya Mining,Unknown,GBP,investpy,,,,,,,,,,,,,,,,,,,,,,,,,,,,
GCOR,2025-03-21T10:55:05.727089,Sweden,Europe,Gaming Corps AB,Unknown,SEK,investpy,,,,,,,,,,,,,,,,,,,,,,,,,,,,
ADLG,2025-03-21T10:55:05.806599,Germany,Europe,Adler Real Estate,Unknown,EUR,investpy,,,,,,,,,,,,,,,,,,,,,,,,,,,,
PTCM,2025-03-21T10:55:05.854170,United Kingdom,Europe,Porta,Unknown,GBP,investpy,,,,,,,,,,,,,,,,,,,,,,,,,,,,
SGKN,2025-03-21T10:55:05.870128,Switzerland,Europe,St Galler Kantonalbank AG,Unknown,CHF,investpy,,,,,,,,,,,,,,,,,,,,,,,,,,,,
KLAC,2025-03-21T10:55:05.885903,Austria,Europe,KLA-Tencor,Unknown,EUR,investpy,,,,,,,,,,,,,,,,,,,,,,,,,,,,
NORTH,2025-03-21T10:55:05.917954,Norway,Europe,North Energy,Unknown,NOK,investpy,,,,,,,,,,,,,,,,,,,,,,,,,,,,
GYC,2025-03-21T10:55:05.917954,Germany,Europe,Grand City,Unknown,EUR,investpy,,,,,,,,,,,,,,,,,,,,,,,,,,,,
HDFr,2025-03-21T10:55:05.964445,Greece,Europe,Folli Follie,Unknown,EUR,investpy,,,,,,,,,,,,,,,,,,,,,,,,,,,,
PHLX,2025-03-21T10:55:06.106149,Netherlands,Europe,Inverko,Unknown,EUR,investpy,,,,,,,,,,,,,,,,,,,,,,,,,,,,
NTRS,2025-03-21T10:55:06.137969,Germany,Europe,Northern Trust,Unknown,EUR,investpy,,,,,,,,,,,,,,,,,,,,,,,,,,,,
KDNC,2025-03-21T10:55:06.168195,United Kingdom,Europe,Cadence Minerals,Unknown,GBP,investpy,,,,,,,,,,,,,,,,,,,,,,,,,,,,
ALFRE,2025-03-21T10:55:06.215434,France,Europe,Freelance.Com,Unknown,EUR,investpy,,,,,,,,,,,,,,,,,,,,,,,,,,,,
MRON,2025-03-21T10:55:06.215434,United Kingdom,Europe,Melrose Industries,Unknown,GBP,investpy,,,,,,,,,,,,,,,,,,,,,,,,,,,,
VELOX,2025-03-21T10:55:06.230956,Denmark,Europe,Veloxis,Unknown,DKK,investpy,,,,,,,,,,,,,,,,,,,,,,,,,,,,
TAALA,2025-03-21T10:55:06.263059,Finland,Europe,Taaleri,Unknown,EUR,investpy,,,,,,,,,,,,,,,,,,,,,,,,,,,,
MLMMC,2025-03-21T10:55:06.278841,France,Europe,Multimicrocloud,Unknown,EUR,investpy,,,,,,,,,,,,,,,,,,,,,,,,,,,,
C19,2025-03-21T10:55:06.422534,Germany,Europe,C&J Energy,Unknown,EUR,investpy,,,,,,,,,,,,,,,,,,,,,,,,,,,,
MONC,2025-03-21T10:55:06.454109,Italy,Europe,Moncler SpA,Unknown,EUR,investpy,,,,,,,,,,,,,,,,,,,,,,,,,,,,
SHBa,2025-03-21T10:55:06.485272,Sweden,Europe,Svenska Handelsbanken A,Unknown,SEK,investpy,,,,,,,,,,,,,,,,,,,,,,,,,,,,
GBFG,2025-03-21T10:55:06.532130,Switzerland,Europe,Bilfinger SE,Unknown,CHF,investpy,,,,,,,,,,,,,,,,,,,,,,,,,,,,
TFW,2025-03-21T10:55:06.548153,United Kingdom,Europe,FW Thorpe PLC,Unknown,GBP,investpy,,,,,,,,,,,,,,,,,,,,,,,,,,,,
NOEJ,2025-03-21T10:55:06.548153,Switzerland,Europe,Norma AG,Unknown,CHF,investpy,,,,,,,,,,,,,,,,,,,,,,,,,,,,
INGC,2025-03-21T10:55:06.564171,France,Europe,Ingenico,Unknown,EUR,investpy,,,,,,,,,,,,,,,,,,,,,,,,,,,,
AKOyb,2025-03-21T10:55:06.642004,Germany,Europe,Andina B,Unknown,EUR,investpy,,,,,,,,,,,,,,,,,,,,,,,,,,,,
MICP,2025-03-21T10:55:06.767851,France,Europe,Michelin,Unknown,EUR,investpy,,,,,,,,,,,,,,,,,,,,,,,,,,,,
CASS,2025-03-21T10:55:06.783924,Italy,Europe,Cattolica Assicurazioni,Unknown,EUR,investpy,,,,,,,,,,,,,,,,,,,,,,,,,,,,
VALN,2025-03-21T10:55:06.799154,Switzerland,Europe,Valora Holding,Unknown,CHF,investpy,,,,,,,,,,,,,,,,,,,,,,,,,,,,
WCMKk,2025-03-21T10:55:06.846590,Germany,Europe,WCM Beteiligungs und Grundbesitz,Unknown,EUR,investpy,,,,,,,,,,,,,,,,,,,,,,,,,,,,
FMEG,2025-03-21T10:55:06.862592,Switzerland,Europe,Fresenius ST,Unknown,CHF,investpy,,,,,,,,,,,,,,,,,,,,,,,,,,,,
IVUG,2025-03-21T10:55:06.877844,Germany,Europe,IVU Traffic,Unknown,EUR,investpy,,,,,,,,,,,,,,,,,,,,,,,,,,,,
ROL,2025-03-21T10:55:06.892867,Switzerland,Europe,Von Roll Holding AG,Unknown,CHF,investpy,,,,,,,,,,,,,,,,,,,,,,,,,,,,
DNAO,2025-03-21T10:55:06.954927,Finland,Europe,DNA,Unknown,EUR,investpy,,,,,,,,,,,,,,,,,,,,,,,,,,,,
PEUP,2025-03-21T10:55:07.048615,Switzerland,Europe,Peugeot,Unknown,CHF,investpy,,,,,,,,,,,,,,,,,,,,,,,,,,,,
IGG,2025-03-21T10:55:07.064335,United Kingdom,Europe,IG Group,Unknown,GBP,investpy,,,,,,,,,,,,,,,,,,,,,,,,,,,,
ZZb,2025-03-21T10:55:07.127803,Sweden,Europe,Zinzino AB,Unknown,SEK,investpy,,,,,,,,,,,,,,,,,,,,,,,,,,,,
RWE,2025-03-21T10:55:07.174772,Italy,Europe,RWE AG ST,Unknown,EUR,investpy,,,,,,,,,,,,,,,,,,,,,,,,,,,,
KGF,2025-03-21T10:55:07.221789,United Kingdom,Europe,Kingfisher,Unknown,GBP,investpy,,,,,,,,,,,,,,,,,,,,,,,,,,,,
FIR,2025-03-21T10:55:07.253208,Switzerland,Europe,FIR,Unknown,CHF,investpy,,,,,,,,,,,,,,,,,,,,,,,,,,,,
PMED,2025-03-21T10:55:07.253208,Sweden,Europe,Peptonic Medical,Unknown,SEK,investpy,,,,,,,,,,,,,,,,,,,,,,,,,,,,
RLE,2025-03-21T10:55:07.316881,United Kingdom,Europe,Real Estate Investors,Unknown,GBP,investpy,,,,,,,,,,,,,,,,,,,,,,,,,,,,
GWMO,2025-03-21T10:55:07.427423,United Kingdom,Europe,Great Western Mining,Unknown,GBP,investpy,,,,,,,,,,,,,,,,,,,,,,,,,,,,
PVR1,2025-03-21T10:55:07.427423,Germany,Europe,Patagonia Gold,Unknown,EUR,investpy,,,,,,,,,,,,,,,,,,,,,,,,,,,,
