symbol,last_updated,country,region,name,exchange,currency,data_source,industry,sector,market_cap,revenue,profit_margin,operating_margin,return_on_equity,return_on_assets,forward_pe,trailing_pe,price_to_sales,price_to_book,enterprise_value,employees,website,revenue_annual,operating_income,net_income,ebitda,gross_profit,fiscal_year_end,total_assets,total_debt,total_equity,cash,current_assets,current_liabilities,current_ratio,completeness_score
AZN,2025-03-21T10:44:28.996004,United Kingdom,Europe,Astrazeneca PLC,NMS,USD,"investpy, Yahoo Finance",Drug Manufacturers - General,Healthcare,237457620992.0,54072999936.0,0.1301,0.22718,0.17593999,0.078779995,13.938069,34.00889,4.3914266,2.909063,143667806208.0,94300.0,https://www.astrazeneca.com,54073000000.0,10003000000.0,7035000000.0,17121000000.0,43866000000.0,2024-12-31,104035000000.0,30114000000.0,,5488000000.0,25827000000.0,27866000000.0,0.9268283930237565,6
AZN,2025-03-21T10:44:28.996004,United Kingdom,Europe,Astrazeneca PLC,NMS,USD,"investpy, Yahoo Finance",Drug Manufacturers - General,Healthcare,237457620992.0,54072999936.0,0.1301,0.22718,0.17593999,0.078779995,13.938069,34.00889,4.3914266,2.909063,143667806208.0,94300.0,https://www.astrazeneca.com,54073000000.0,10003000000.0,7035000000.0,17121000000.0,43866000000.0,2024-12-31,104035000000.0,30114000000.0,,5488000000.0,25827000000.0,27866000000.0,0.9268283930237565,6
INTC,2025-03-21T10:54:18.343560,Belgium,Europe,Intel Corporation,NMS,USD,"investpy, Yahoo Finance",Semiconductors,Technology,103746789376.0,53100998656.0,-0.35321,-0.18548,-0.17891,-0.01233,24.701029,,1.9537635,1.0451015,138152804352.0,108900.0,https://www.intel.com,53101000000.0,-4708000000.0,-18756000000.0,1203000000.0,17345000000.0,2024-12-31,196485000000.0,50011000000.0,,8249000000.0,47324000000.0,35666000000.0,1.3268659227275277,6
PH,2025-03-21T10:54:23.978239,Germany,Europe,Parker-Hannifin Corporation,NYQ,USD,"investpy, Yahoo Finance",Specialty Industrial Machinery,Industrials,80442064896.0,19907747840.0,0.15866,0.20608,0.25852,0.08776,21.220108,25.772276,4.0407414,6.13192,89096216576.0,61120.0,https://investors.parker.com,19929606000.0,3812613000.0,2844215000.0,5028229000.0,7127790000.0,2024-06-30,29297842000.0,10560099000.0,,422027000.0,6798624000.0,7313309000.0,0.9296235124209848,6
CRH,2025-03-21T10:44:12.882603,Ireland,Europe,CRH PLC,NYQ,USD,"investpy, Yahoo Finance",Building Materials,Basic Materials,66120249344.0,35571998720.0,0.098170005,0.13878,0.15835,0.06282,16.077429,19.440239,1.8587724,3.0591516,79105196032.0,79800.0,https://www.crh.com,35572000000.0,4849000000.0,3492000000.0,7124000000.0,12701000000.0,2024-12-31,50613000000.0,15307000000.0,,3720000000.0,14083000000.0,10296000000.0,1.367812742812743,6
CRH,2025-03-21T10:44:12.882603,Ireland,Europe,CRH PLC,NYQ,USD,"investpy, Yahoo Finance",Building Materials,Basic Materials,66120249344.0,35571998720.0,0.098170005,0.13878,0.15835,0.06282,16.077429,19.440239,1.8587724,3.0591516,79105196032.0,79800.0,https://www.crh.com,35572000000.0,4849000000.0,3492000000.0,7124000000.0,12701000000.0,2024-12-31,50613000000.0,15307000000.0,,3720000000.0,14083000000.0,10296000000.0,1.367812742812743,6
TRV,2025-03-21T10:54:05.296914,Austria,Europe,"The Travelers Companies, Inc.",NYQ,USD,"investpy, Yahoo Finance",Insurance - Property & Casualty,Financial Services,58844729344.0,46422999040.0,0.10767999,0.22418,0.18941,0.0317,12.213648,12.09413,1.267577,2.1106648,61687615488.0,34000.0,https://www.travelers.com,46428000000.0,,4999000000.0,,,2024-12-31,133189000000.0,8033000000.0,,699000000.0,,,,6
GIS,2025-03-21T10:54:17.561242,Switzerland,Europe,"General Mills, Inc.",NYQ,USD,"investpy, Yahoo Finance",Packaged Foods,Consumer Defensive,31930615808.0,19644299264.0,0.13024999,0.16707,0.26834,0.07201,12.4063835,12.815384,1.6254393,3.4464211,45845987328.0,34000.0,https://www.generalmills.com,19857200000.0,3673100000.0,2496600000.0,4079000000.0,6932100000.0,2024-05-31,31469900000.0,13315100000.0,,418000000.0,4580900000.0,7033100000.0,0.6513344044589157,6
EBAY,2025-03-21T10:54:09.811579,Austria,Europe,eBay Inc.,NMS,USD,"investpy, Yahoo Finance",Internet Retail,Consumer Cyclical,30914439168.0,10282999808.0,0.19206,0.18573,0.34291,0.06874,12.708812,16.794935,3.0063639,6.0578938,32880439296.0,11500.0,https://www.ebayinc.com,10283000000.0,2318000000.0,1975000000.0,2861000000.0,7403000000.0,2024-12-31,19365000000.0,7863000000.0,,2433000000.0,7567000000.0,6098000000.0,1.2408986552968186,6
SW,2025-03-21T10:54:10.759386,Ireland,Europe,Smurfit WestRock plc,NYQ,USD,"investpy, Yahoo Finance",Packaging & Containers,Consumer Cyclical,23859521536.0,21109000192.0,0.01511,0.029979998,0.02708,0.0298,12.66205,55.7439,1.1303009,1.3650073,37551845376.0,100000.0,https://www.smurfitwestrock.com,21109000000.0,1402000000.0,319000000.0,2549000000.0,4195000000.0,2024-12-31,43759000000.0,13595000000.0,,855000000.0,10055000000.0,7333000000.0,1.3711986908495841,6
LNT,2025-03-21T10:54:13.476906,Germany,Europe,Alliant Energy Corporation,NMS,USD,"investpy, Yahoo Finance",Utilities - Regulated Electric,Utilities,16312776704.0,3980999936.0,0.17332001,-0.3125,0.10014,0.02645,19.674923,23.624535,4.097658,2.3290331,26848800768.0,2998.0,https://www.alliantenergy.com,3981000000.0,886000000.0,690000000.0,1797000000.0,1780000000.0,2024-12-31,22714000000.0,10406000000.0,,81000000.0,1184000000.0,2715000000.0,0.43609576427255986,6
ALK,2025-03-21T10:54:21.559435,Germany,Europe,"Alaska Air Group, Inc.",NYQ,USD,"investpy, Yahoo Finance",Airlines,Industrials,6504672256.0,11735000064.0,0.03366,0.04527,0.093109995,0.03232,9.787037,17.15909,0.55429673,1.4883132,10422681600.0,30207.0,https://www.alaskaair.com,11735000000.0,915000000.0,395000000.0,1270000000.0,2118000000.0,2024-12-31,19768000000.0,6393000000.0,,1201000000.0,3760000000.0,6145000000.0,0.611879576891782,6
TNET,2025-03-21T10:54:12.104231,Belgium,Europe,"TriNet Group, Inc.",NYQ,USD,"investpy, Yahoo Finance",Staffing & Employment Services,Industrials,3905746688.0,4989000192.0,0.034679998,-0.010299999,2.35374,0.03968,14.6037035,22.991253,0.7828716,56.61163,4567742464.0,364300.0,https://www.trinet.com,5053000000.0,288000000.0,173000000.0,374000000.0,952000000.0,2024-12-31,4119000000.0,1022000000.0,,360000000.0,3180000000.0,2981000000.0,1.0667561221066757,6
HIW,2025-03-21T10:54:21.495824,Germany,Europe,"Highwoods Properties, Inc.",NYQ,USD,"investpy, Yahoo Finance",REIT - Office,Real Estate,3172497408.0,830019968.0,0.12319,0.25464,0.04239,0.02253,74.10257,30.74468,3.822194,1.3335794,6562260992.0,350.0,https://www.highwoods.com,825862000.0,212740000.0,102248000.0,550498000.0,553689000.0,2024-12-31,6029355000.0,3293559000.0,,22412000.0,512311000.0,304551000.0,1.6821845930566637,6
BLKB,2025-03-21T10:54:09.261760,Switzerland,Europe,"Blackbaud, Inc.",NMS,USD,"investpy, Yahoo Finance",Software - Application,Technology,3147689472.0,1155495040.0,-0.24507,0.20823999,-0.59571,0.041690003,13.6895075,,2.7241046,21.80423,4141660672.0,2600.0,https://www.blackbaud.com,1155495000.0,134854000.0,-283172000.0,-134292000.0,639203000.0,2024-12-31,2495715000.0,1109171000.0,,67628000.0,976308000.0,1252097000.0,0.7797383110094506,6
SPT,2025-03-21T10:54:11.559886,United Kingdom,Europe,"Sprout Social, Inc",NCM,USD,"investpy, Yahoo Finance",Software - Application,Technology,1449165824.0,405908000.0,-0.15267,-0.09951,-0.39880002,-0.08688,35.338028,,3.570183,7.7533994,1402273408.0,1322.0,https://www.sproutsocial.com,405908000.0,-60356000.0,-61971000.0,-45908000.0,314433000.0,2024-12-31,428341000.0,43290000.0,,86437000.0,210215000.0,220752000.0,0.9522677031238675,6
ECPG,2025-03-21T10:54:08.857191,Germany,Europe,Encore Capital Group Inc,NMS,USD,"investpy, Yahoo Finance",Credit Services,Financial Services,817586752.0,1316360960.0,-0.10578,-0.056649998,-0.16344,0.03669,4.626005,,0.6210962,1.0654851,4378591232.0,7350.0,https://www.encorecapital.com,1316361000.0,276474000.0,-139244000.0,188764000.0,603557000.0,2024-12-31,4789729000.0,3672762000.0,,199865000.0,245867000.0,233545000.0,1.052760709927423,6
ITRN,2025-03-21T10:54:19.695514,Germany,Europe,Ituran Location and Control Ltd,NMS,USD,"investpy, Yahoo Finance",Scientific & Technical Instruments,Technology,734471680.0,336256992.0,0.15956001,0.2176,0.30442,0.1378,13.623615,13.674073,2.184257,3.9652023,668825472.0,2800.0,https://www.ituran.com,319978000.0,66322000.0,48137000.0,87369000.0,153161000.0,2023-12-31,318688000.0,8664000.0,,53434000.0,178539000.0,92464000.0,1.9309028378612216,6
SLN,2025-03-21T10:54:25.438581,United Kingdom,Europe,Silence Therapeutics Plc - Amer,NGM,USD,"investpy, Yahoo Finance",Biotechnology,Healthcare,208260800.0,43258000.0,-1.04741,0.26517,-0.58083,-0.19243,-2.7205882,,4.8143883,1.303735,376977056.0,116.0,https://www.silence-therapeutics.com,43258000.0,-49582000.0,-45309000.0,-48989000.0,31448000.0,2024-12-31,202635000.0,117000.0,,121330000.0,187366000.0,16822000.0,11.13815241945072,6
SNT,2025-03-21T10:54:13.996858,United Kingdom,Europe,Senstar Technologies Corporatio,NGM,USD,"investpy, Yahoo Finance",Security & Protection Services,Industrials,80885704.0,34455000.0,0.042519998,0.18802,0.03957,0.03383,,69.4,2.3475752,2.138016,62023656.0,136.0,https://senstar.com,32792000.0,-1265000.0,-1289000.0,-255000.0,18848000.0,2023-12-31,50266000.0,877000.0,,14806000.0,34339000.0,10064000.0,3.41206279809221,6
MWG,2025-03-21T10:54:14.566114,United Kingdom,Europe,Multi Ways Holdings Limited,ASE,USD,"investpy, Yahoo Finance",Rental & Leasing Services,Industrials,9639036.0,35736000.0,0.185,0.03832,0.34370998,0.020399999,,1.2573913,0.26972902,0.4113798,33005928.0,92.0,https://www.multiways.com.sg,36016000.0,-3056000.0,1789000.0,4564000.0,8650000.0,2023-12-31,58001000.0,12766000.0,,7073000.0,52381000.0,31478000.0,1.6640510832962705,6
BON,2025-03-21T10:54:05.733257,Norway,Europe,Bon Natural Life Limited,NCM,USD,"investpy, Yahoo Finance",Specialty Chemicals,Basic Materials,1084345.0,23844556.0,0.0167,0.07857,0.00908,0.02162,0.44827586,1.5294117,0.04547558,0.02351239,8991821.0,97.0,https://www.bnlus.com,23844556.0,1936984.0,398172.0,2296726.0,7110009.0,2024-09-30,61765432.0,7300223.0,,80466.0,39793857.0,16445832.0,2.419692539726783,6
AKVA,2025-03-21T10:54:26.802725,Norway,Europe,ARKANOVA ENERGY COMPANY,OEM,USD,"investpy, Yahoo Finance",Oil & Gas E&P,Energy,135456.0,351312.0,0.0,-8.54736,,-0.5873,,,0.3855718,-0.00028571428,14910367.0,7.0,https://www.arkanovaenergy.com,,,,,,,,,,,,,,6
AVA,2025-03-21T10:54:12.011997,Germany,Europe,Avista Corporation,NYQ,USD,"investpy, Yahoo Finance",Utilities - Diversified,Utilities,3205052160.0,1938000000.0,0.09288,0.18631001,0.07092,0.02461,15.503877,17.467249,1.6537937,1.2356356,6323050496.0,,https://investor.avistacorp.com,1938000000.0,306000000.0,180000000.0,602000000.0,1140000000.0,2024-12-31,7941000000.0,3117000000.0,,30000000.0,656000000.0,771000000.0,0.8508430609597925,5
BIOX,2025-03-21T10:54:21.918668,France,Europe,Bioceres Crop Solutions Corp.,NMS,USD,"investpy, Yahoo Finance",Agricultural Inputs,Basic Materials,260551568.0,407732096.0,0.00368,0.0708,0.00617,0.02471,6.734375,215.5,0.6390264,0.8731767,561510656.0,,https://investors.biocerescrops.com/home/default.aspx,464828548.0,41524516.0,3243361.0,55455336.0,182430752.0,2024-06-30,850628347.0,270945903.0,,44473270.0,408668037.0,329505846.0,1.24024517914016,5
FFPP,2025-03-21T10:54:27.513689,Germany,Europe,Fast Finance Pay Corp.,PNK,USD,"investpy, Yahoo Finance",Software - Infrastructure,Technology,220275200.0,10433549.0,0.05447,-0.00892,0.082100004,0.03113,,,21.112202,30.18868,220338272.0,,https://ff24pay-corp.com,,,,,,,,,,,,,,5
FFPP,2025-03-21T10:54:27.513689,Germany,Europe,Fast Finance Pay Corp.,PNK,USD,"investpy, Yahoo Finance",Software - Infrastructure,Technology,220275200.0,10433549.0,0.05447,-0.00892,0.082100004,0.03113,,,21.112202,30.18868,220338272.0,,https://ff24pay-corp.com,,,,,,,,,,,,,,5
PHD,2025-03-21T10:54:26.152965,United Kingdom,Europe,Pioneer Floating Rate Trust Pio,NYQ,USD,"investpy, Yahoo Finance",Asset Management,Financial Services,116509680.0,18291296.0,0.91012,0.90551,0.13174,0.05256,,7.026119,6.369679,0.9111584,176352752.0,,,17250908.0,,16647329.0,,,2024-11-30,198904755.0,60000000.0,,158979.0,,,,5
ATOS,2025-03-21T10:54:25.979015,France,Europe,"Atossa Therapeutics, Inc.",NCM,USD,"investpy, Yahoo Finance",Biotechnology,Healthcare,90010616.0,,0.0,0.0,-0.31304002,-0.20346001,-2.6499999,,,1.2209897,15244797.0,12.0,https://www.atossatherapeutics.com,,,,,,2023-12-31,,,,,,,,5
BBN,2025-03-21T10:54:17.576895,Switzerland,Europe,BlackRock Taxable Municipal Bon,NYQ,USD,"investpy, Yahoo Finance",Asset Management,Financial Services,1027609216.0,,0.0,0.0,,,,87.52631,,,,,https://www.blackrock.com/investing/products/240174/blackrock-build-america-bond-trust-fund,12774719.0,,12069221.0,,,2024-12-31,1565304322.0,504282960.0,,,,,,4
DBA,2025-03-21T10:54:15.925887,Italy,Europe,Invesco DB Agriculture Fund,PCX,USD,"investpy, Yahoo Finance",Unknown,Unknown,742440000.0,,,,,,,11.359797,,1.5908687,,,,,,,,,,,,,,,,,4
EMG,2025-03-21T10:54:05.749257,United Kingdom,Europe,"Emergent Capital, Inc.",YHD,USD,"investpy, Yahoo Finance",Unknown,Unknown,8481660.0,,,,,,-0.5,,,0.0427777,,,,,,,,,,,,,,,,,4
DIAH,2025-03-21T10:54:23.504801,Sweden,Europe,DIAMOND HOLDINGS INC,OEM,USD,"investpy, Yahoo Finance",Other Industrial Metals & Mining,Basic Materials,280537.0,,0.0,0.0,0.08392,-0.07324,,Infinity,,0.0035714284,192420.0,,,0.0,-388504.0,-388504.0,-388504.0,0.0,2020-10-31,1030071.0,103331.0,,21.0,21.0,238996.0,8.786757937371337e-05,4
ENDO,2025-03-21T10:54:25.963018,Sweden,Europe,ENDOCAN CORP,OEM,USD,"investpy, Yahoo Finance",Specialty Chemicals,Basic Materials,176381.0,,0.0,0.0,,,,,,-0.00058823527,955071.0,,https://www.omnicanna.com,,,,,,,,,,,,,,4
EXCL,2025-03-21T10:44:03.911473,Belgium,Europe,EXCELLERANT INC,OEM,USD,"investpy, Yahoo Finance",Shell Companies,Financial Services,1130.0,,0.0,0.0,,,,,,-0.049999997,,,https://excellerant.vc,0.0,-43632.0,-13800.0,-43632.0,,2021-09-30,0.0,13935.0,,,0.0,19887.0,,4
RIM,2025-03-21T10:54:01.735181,Germany,Europe,BlackBerry,YHD,EUR,"investpy, Yahoo Finance",Unknown,Unknown,,,,,,,,,,,,,,,,,,,,,,,,,,,3
RPS,2025-03-21T10:54:04.189194,United Kingdom,Europe,Purpose Canadian Preferred Share ETF,NMS,GBP,"investpy, Yahoo Finance",Unknown,Unknown,,,,,,,,,,,,,,,,,,,,,,,,,,,3
BGSC,2025-03-21T10:54:04.640475,United Kingdom,Europe,Bmo Global Smaller,NCM,GBP,"investpy, Yahoo Finance",Unknown,Unknown,,,,,,,,,,,,,,,,,,,,,,,,,,,3
NZX,2025-03-21T10:54:08.496810,United Kingdom,Europe,3237,YHD,GBP,"investpy, Yahoo Finance",Unknown,Unknown,,,,,,,,,,,,,,,,,,,,,,,,,,,3
SCHK,2025-03-21T10:54:07.853207,Belgium,Europe,Schwab 1000 Index ETF,PCX,USD,"investpy, Yahoo Finance",Unknown,Unknown,,,,,,,,24.524181,,,,,,,,,,,,,,,,,,,3
BRGE,2025-03-21T10:54:12.478991,United Kingdom,Europe,Blackrock Europe,YHD,GBP,"investpy, Yahoo Finance",Unknown,Unknown,,,,,,,,,,,,,,,,,,,,,,,,,,,3
AMDG,2025-03-21T10:54:12.780114,Austria,Europe,Leverage Shares 2X Long AMD Dai,NGM,USD,"investpy, Yahoo Finance",Unknown,Unknown,,,,,,,,,,,,,,,,,,,,,,,,,,,3
FBD,2025-03-21T10:54:13.556068,Ireland,Europe,Fbd Holdings,NMS,EUR,"investpy, Yahoo Finance",Unknown,Unknown,,,,,,,,,,,,,,,,,,,,,,,,,,,3
VLS,2025-03-21T10:54:17.608292,France,Europe,Valneva,NMS,EUR,"investpy, Yahoo Finance",Unknown,Unknown,,,,,,,,,,,,,,,,,,,,,,,,,,,3
VVL,2025-03-21T10:54:18.327497,Norway,Europe,Voss Veksel La,NMS,NOK,"investpy, Yahoo Finance",Unknown,Unknown,,,,,,,,,,,,,,,,,,,,,,,,,,,3
TFG,2025-03-21T10:54:19.616582,Netherlands,Europe,Tetragon Financial Group Ltd,PNK,USD,"investpy, Yahoo Finance",Unknown,Unknown,,,,,,,,,,,,,,691061000.0,,23872000.0,,,2020-12-31,2452799000.0,189657000.0,,103983000.0,,,,3
STGN,2025-03-21T10:54:21.400206,Switzerland,Europe,57563,YHD,CHF,"investpy, Yahoo Finance",Unknown,Unknown,,,,,,,,,,,,,,,,,,,,,,,,,,,3
DISCa,2025-03-21T10:54:22.329832,Germany,Europe,Discovery A,Unknown,EUR,"investpy, Yahoo Finance",Unknown,Unknown,,,,,,,,,,,,,,,,,,,,,,,,,,,3
BAG,2025-03-21T10:54:22.755976,United Kingdom,Europe,A.G Barr,NMS,GBP,"investpy, Yahoo Finance",Unknown,Unknown,,,,,,,,,,,,,,,,,,,,,,,,,,,3
TFFP,2025-03-21T10:54:24.588964,France,Europe,TF1,Unknown,EUR,"investpy, Yahoo Finance",Unknown,Unknown,,,,,,,,,,,,,,,,,,,,,,,,,,,3
GHP,2025-03-21T10:54:25.359066,Sweden,Europe,GHP Special Care,NMS,SEK,"investpy, Yahoo Finance",Unknown,Unknown,,,,,,,,,,,,,,,,,,,,,,,,,,,3
TUB,2025-03-21T10:54:26.357343,Belgium,Europe,Tubize-Fin,NMS,EUR,"investpy, Yahoo Finance",Unknown,Unknown,,,,,,,,,,,,,,,,,,,,,,,,,,,3
MAIL,2025-03-21T10:54:26.169016,Italy,Europe,MailUp,YHD,EUR,"investpy, Yahoo Finance",Unknown,Unknown,,,,,,,,,,,,,,,,,,,,,,,,,,,3
SOF,2025-03-21T10:54:26.169016,Belgium,Europe,Amplify ETF Trust Amplify Samsu,PCX,USD,"investpy, Yahoo Finance",Unknown,Unknown,,,,,,,,,,,,,,,,,,,,,,,,,,,3
NVC,2025-03-21T10:54:27.387574,France,Europe,18134,YHD,EUR,"investpy, Yahoo Finance",Unknown,Unknown,,,,,,,,,,,,,,,,,,,,,,,,,,,3
OET,2025-03-21T10:54:28.998155,Norway,Europe,Okeanis Eco Tankers,NMS,NOK,"investpy, Yahoo Finance",Unknown,Unknown,,,,,,,,,,,,,,,,,,,,,,,,,,,3
PSG,2025-03-21T10:54:28.889595,Spain,Europe,Prosegur,YHD,EUR,"investpy, Yahoo Finance",Unknown,Unknown,,,,,,,,,,,,,,,,,,,,,,,,,,,3
DNO,2025-03-21T10:54:29.974282,Norway,Europe,United States Short Oil Fund,PCX,USD,"investpy, Yahoo Finance",Unknown,Unknown,,,,,,,,,,,,,,,,,,,,,,,,,,,3
AMDG,2025-03-21T10:54:12.780114,Austria,Europe,Leverage Shares 2X Long AMD Dai,NGM,USD,"investpy, Yahoo Finance",Unknown,Unknown,,,,,,,,,,,,,,,,,,,,,,,,,,,3
MLBAT,2025-03-21T10:53:32.408856,France,Europe,Batla Minerals,Unknown,EUR,investpy,,,,,,,,,,,,,,,,,,,,,,,,,,,,,1
MWDP,2025-03-21T10:53:32.440590,France,Europe,Wendel,Unknown,EUR,investpy,,,,,,,,,,,,,,,,,,,,,,,,,,,,,1
FLOWS,2025-03-21T10:53:32.487317,Sweden,Europe,Crowdsoft,Unknown,SEK,investpy,,,,,,,,,,,,,,,,,,,,,,,,,,,,,1
PNIG,2025-03-21T10:53:32.455675,United Kingdom,Europe,Pennant,Unknown,GBP,investpy,,,,,,,,,,,,,,,,,,,,,,,,,,,,,1
ARLG,2025-03-21T10:53:32.502339,Austria,Europe,Aareal Bank AG,Unknown,EUR,investpy,,,,,,,,,,,,,,,,,,,,,,,,,,,,,1
ZIGN,2025-03-21T10:53:32.487317,Sweden,Europe,Zignsec,Unknown,SEK,investpy,,,,,,,,,,,,,,,,,,,,,,,,,,,,,1
SIGN,2025-03-21T10:53:32.440590,Austria,Europe,Signature,Unknown,EUR,investpy,,,,,,,,,,,,,,,,,,,,,,,,,,,,,1
ALNSE,2025-03-21T10:53:32.393528,France,Europe,NSE SA,Unknown,EUR,investpy,,,,,,,,,,,,,,,,,,,,,,,,,,,,,1
CCH,2025-03-21T10:53:33.875383,United Kingdom,Europe,Coca Cola HBC AG,Unknown,GBP,investpy,,,,,,,,,,,,,,,,,,,,,,,,,,,,,1
PGNG,2025-03-21T10:53:33.921481,Germany,Europe,Paragon AG,Unknown,EUR,investpy,,,,,,,,,,,,,,,,,,,,,,,,,,,,,1
TSTT,2025-03-21T10:53:33.937511,United Kingdom,Europe,Touchstar,Unknown,GBP,investpy,,,,,,,,,,,,,,,,,,,,,,,,,,,,,1
INCOAX,2025-03-21T10:53:33.906273,Sweden,Europe,InCoax Networks,Unknown,SEK,investpy,,,,,,,,,,,,,,,,,,,,,,,,,,,,,1
ASTr,2025-03-21T10:53:33.906273,Greece,Europe,Alpha Astika Akinita SA,Unknown,EUR,investpy,,,,,,,,,,,,,,,,,,,,,,,,,,,,,1
MGNK,2025-03-21T10:53:33.953524,Germany,Europe,Mologen,Unknown,EUR,investpy,,,,,,,,,,,,,,,,,,,,,,,,,,,,,1
PAALb,2025-03-21T10:53:33.953524,Denmark,Europe,Per Aarsleff B,Unknown,DKK,investpy,,,,,,,,,,,,,,,,,,,,,,,,,,,,,1
IFXGnEUR,2025-03-21T10:53:34.424155,Switzerland,Europe,Infineon,Unknown,EUR,investpy,,,,,,,,,,,,,,,,,,,,,,,,,,,,,1
BLEE,2025-03-21T10:53:34.360678,France,Europe,Bleecker,Unknown,EUR,investpy,,,,,,,,,,,,,,,,,,,,,,,,,,,,,1
MLXS,2025-03-21T10:53:34.344666,Belgium,Europe,Melexis NV,Unknown,EUR,investpy,,,,,,,,,,,,,,,,,,,,,,,,,,,,,1
GTTG,2025-03-21T10:53:34.408146,Germany,Europe,Tegna,Unknown,EUR,investpy,,,,,,,,,,,,,,,,,,,,,,,,,,,,,1
DIGP,2025-03-21T10:53:34.140658,France,Europe,Digigram,Unknown,EUR,investpy,,,,,,,,,,,,,,,,,,,,,,,,,,,,,1
NS,2025-03-21T10:53:34.314156,Germany,Europe,Nustar,Unknown,EUR,investpy,,,,,,,,,,,,,,,,,,,,,,,,,,,,,1
EURA,2025-03-21T10:53:34.865166,France,Europe,Eurazeo,Unknown,EUR,investpy,,,,,,,,,,,,,,,,,,,,,,,,,,,,,1
RMPq,2025-03-21T10:53:34.927358,United Kingdom,Europe,Red Emperor Resources,Unknown,GBP,investpy,,,,,,,,,,,,,,,,,,,,,,,,,,,,,1
LOTB,2025-03-21T10:53:35.398215,Belgium,Europe,Lotus Bakeries,Unknown,EUR,investpy,,,,,,,,,,,,,,,,,,,,,,,,,,,,,1
THXLE,2025-03-21T10:53:35.430215,Netherlands,Europe,Theta Legends,Unknown,EUR,investpy,,,,,,,,,,,,,,,,,,,,,,,,,,,,,1
MLIFE,2025-03-21T10:53:35.459867,France,Europe,Global Health Group,Unknown,EUR,investpy,,,,,,,,,,,,,,,,,,,,,,,,,,,,,1
SANT1,2025-03-21T10:53:35.430215,Germany,Europe,S&T AG,Unknown,EUR,investpy,,,,,,,,,,,,,,,,,,,,,,,,,,,,,1
OPpref,2025-03-21T10:53:35.398215,Sweden,Europe,Oscar Properties Pref,Unknown,SEK,investpy,,,,,,,,,,,,,,,,,,,,,,,,,,,,,1
HRMr,2025-03-21T10:53:35.382725,Greece,Europe,Gek Terna,Unknown,EUR,investpy,,,,,,,,,,,,,,,,,,,,,,,,,,,,,1
POLO,2025-03-21T10:53:35.855380,United Kingdom,Europe,Polo Resources,Unknown,GBP,investpy,,,,,,,,,,,,,,,,,,,,,,,,,,,,,1
WAFGn,2025-03-21T10:53:35.839378,Germany,Europe,Siltronic AG,Unknown,EUR,investpy,,,,,,,,,,,,,,,,,,,,,,,,,,,,,1
SCAb,2025-03-21T10:53:36.308178,Sweden,Europe,SCA B,Unknown,SEK,investpy,,,,,,,,,,,,,,,,,,,,,,,,,,,,,1
WEHA,2025-03-21T10:53:36.245270,Netherlands,Europe,Wereldhave,Unknown,EUR,investpy,,,,,,,,,,,,,,,,,,,,,,,,,,,,,1
INFRAC,2025-03-21T10:53:36.276301,Sweden,Europe,Infracom,Unknown,SEK,investpy,,,,,,,,,,,,,,,,,,,,,,,,,,,,,1
SHA_p,2025-03-21T10:53:36.229552,Germany,Europe,Schaeffler AG,Unknown,EUR,investpy,,,,,,,,,,,,,,,,,,,,,,,,,,,,,1
MUVGnEUR,2025-03-21T10:53:36.214398,Switzerland,Europe,Muench. Rueckvers.,Unknown,EUR,investpy,,,,,,,,,,,,,,,,,,,,,,,,,,,,,1
AVMNOK,2025-03-21T10:53:36.198364,Sweden,Europe,Avocet Mining,Unknown,NOK,investpy,,,,,,,,,,,,,,,,,,,,,,,,,,,,,1
CBOS,2025-03-21T10:53:36.760348,Belgium,Europe,Cie Bois Sauvage,Unknown,EUR,investpy,,,,,,,,,,,,,,,,,,,,,,,,,,,,,1
BEVA,2025-03-21T10:53:36.760348,Netherlands,Europe,Bever Holding NV,Unknown,EUR,investpy,,,,,,,,,,,,,,,,,,,,,,,,,,,,,1
TGEL,2025-03-21T10:53:37.196118,France,Europe,Toupargel,Unknown,EUR,investpy,,,,,,,,,,,,,,,,,,,,,,,,,,,,,1
TLIT,2025-03-21T10:53:37.102661,Italy,Europe,Telecom Italia,Unknown,EUR,investpy,,,,,,,,,,,,,,,,,,,,,,,,,,,,,1
YOSO,2025-03-21T10:53:37.149583,Spain,Europe,Obsido Socimi SA,Unknown,EUR,investpy,,,,,,,,,,,,,,,,,,,,,,,,,,,,,1
NESNEE,2025-03-21T10:53:37.149583,Switzerland,Europe,Nestle,Unknown,CHF,investpy,,,,,,,,,,,,,,,,,,,,,,,,,,,,,1
ALAVY,2025-03-21T10:53:37.180610,France,Europe,Audiovalley,Unknown,EUR,investpy,,,,,,,,,,,,,,,,,,,,,,,,,,,,,1
HUMAN,2025-03-21T10:53:37.180610,Sweden,Europe,Humana,Unknown,SEK,investpy,,,,,,,,,,,,,,,,,,,,,,,,,,,,,1
LMPL,2025-03-21T10:53:37.506312,United Kingdom,Europe,Londonmetric Property,Unknown,GBP,investpy,,,,,,,,,,,,,,,,,,,,,,,,,,,,,1
AACM,2025-03-21T10:53:37.600526,Sweden,Europe,AAC Microtec,Unknown,EUR,investpy,,,,,,,,,,,,,,,,,,,,,,,,,,,,,1
CONSTI,2025-03-21T10:53:37.944557,Finland,Europe,Consti Yhtiot Oy,Unknown,EUR,investpy,,,,,,,,,,,,,,,,,,,,,,,,,,,,,1
SOIT,2025-03-21T10:53:38.006809,France,Europe,Soitec,Unknown,EUR,investpy,,,,,,,,,,,,,,,,,,,,,,,,,,,,,1
SGFI,2025-03-21T10:53:37.976086,Italy,Europe,Sogefi,Unknown,EUR,investpy,,,,,,,,,,,,,,,,,,,,,,,,,,,,,1
ALMLB,2025-03-21T10:53:37.976086,France,Europe,Miliboo SA,Unknown,EUR,investpy,,,,,,,,,,,,,,,,,,,,,,,,,,,,,1
NETb,2025-03-21T10:53:37.960574,Sweden,Europe,NetEnt,Unknown,SEK,investpy,,,,,,,,,,,,,,,,,,,,,,,,,,,,,1
ICIr,2025-03-21T10:53:37.960574,Greece,Europe,Intercontinental Intl RE,Unknown,EUR,investpy,,,,,,,,,,,,,,,,,,,,,,,,,,,,,1
UN01,2025-03-21T10:53:38.590521,Germany,Europe,Uniper SE,Unknown,EUR,investpy,,,,,,,,,,,,,,,,,,,,,,,,,,,,,1
IMINT,2025-03-21T10:53:38.653452,Sweden,Europe,Imint Image Intelligence AB,Unknown,SEK,investpy,,,,,,,,,,,,,,,,,,,,,,,,,,,,,1
HOCN,2025-03-21T10:53:39.059839,Switzerland,Europe,Hochdorf Holding AG,Unknown,CHF,investpy,,,,,,,,,,,,,,,,,,,,,,,,,,,,,1
BOAr,2025-03-21T10:53:39.091387,Greece,Europe,Attica Bank,Unknown,EUR,investpy,,,,,,,,,,,,,,,,,,,,,,,,,,,,,1
SINCH,2025-03-21T10:53:39.121348,Sweden,Europe,CLX Coms,Unknown,SEK,investpy,,,,,,,,,,,,,,,,,,,,,,,,,,,,,1
ALHSW,2025-03-21T10:53:39.075900,France,Europe,Horizontal Software,Unknown,EUR,investpy,,,,,,,,,,,,,,,,,,,,,,,,,,,,,1
BION,2025-03-21T10:53:39.013495,Switzerland,Europe,BB Biotech,Unknown,CHF,investpy,,,,,,,,,,,,,,,,,,,,,,,,,,,,,1
AGOL,2025-03-21T10:53:39.106165,United Kingdom,Europe,Ashmore Global Opp,Unknown,GBP,investpy,,,,,,,,,,,,,,,,,,,,,,,,,,,,,1
JWNG,2025-03-21T10:53:39.600698,United Kingdom,Europe,Jaywing,Unknown,GBP,investpy,,,,,,,,,,,,,,,,,,,,,,,,,,,,,1
TTSLA,2025-03-21T10:53:39.600698,Italy,Europe,Tesla,Unknown,EUR,investpy,,,,,,,,,,,,,,,,,,,,,,,,,,,,,1
CGCBV,2025-03-21T10:53:40.045466,Finland,Europe,Cargotec Oyj,Unknown,EUR,investpy,,,,,,,,,,,,,,,,,,,,,,,,,,,,,1
STRINVS,2025-03-21T10:53:40.045466,Denmark,Europe,Aktieselskabet af 23.04,Unknown,DKK,investpy,,,,,,,,,,,,,,,,,,,,,,,,,,,,,1
2CRSI,2025-03-21T10:53:40.045466,France,Europe,2Crsi,Unknown,EUR,investpy,,,,,,,,,,,,,,,,,,,,,,,,,,,,,1
EDNn,2025-03-21T10:53:39.934012,Italy,Europe,Edison RSP,Unknown,EUR,investpy,,,,,,,,,,,,,,,,,,,,,,,,,,,,,1
AGFB,2025-03-21T10:53:39.981769,Belgium,Europe,Agfa Gevaert,Unknown,EUR,investpy,,,,,,,,,,,,,,,,,,,,,,,,,,,,,1
SVEG,2025-03-21T10:53:40.045466,Norway,Europe,Sparebanken Vest,Unknown,NOK,investpy,,,,,,,,,,,,,,,,,,,,,,,,,,,,,1
PRTP,2025-03-21T10:53:40.386834,France,Europe,Kering,Unknown,EUR,investpy,,,,,,,,,,,,,,,,,,,,,,,,,,,,,1
SIAF-ME,2025-03-21T10:53:40.402919,Norway,Europe,Sino Agro Food,Unknown,NOK,investpy,,,,,,,,,,,,,,,,,,,,,,,,,,,,,1
NRSNOK,2025-03-21T10:53:40.814249,Sweden,Europe,Norway Royal Salmon,Unknown,NOK,investpy,,,,,,,,,,,,,,,,,,,,,,,,,,,,,1
NRDF,2025-03-21T10:53:40.892827,Denmark,Europe,Nordfyns Bank,Unknown,DKK,investpy,,,,,,,,,,,,,,,,,,,,,,,,,,,,,1
BOUVET,2025-03-21T10:53:40.931828,Norway,Europe,Bouvet,Unknown,NOK,investpy,,,,,,,,,,,,,,,,,,,,,,,,,,,,,1
APME,2025-03-21T10:53:40.892827,Germany,Europe,AD Pepper Media,Unknown,EUR,investpy,,,,,,,,,,,,,,,,,,,,,,,,,,,,,1
VCC2,2025-03-21T10:53:40.845314,Germany,Europe,Vical,Unknown,EUR,investpy,,,,,,,,,,,,,,,,,,,,,,,,,,,,,1
AKOyb,2025-03-21T10:53:40.829249,Germany,Europe,Andina B,Unknown,EUR,investpy,,,,,,,,,,,,,,,,,,,,,,,,,,,,,1
EMASL,2025-03-21T10:53:41.335268,Norway,Europe,Emas Offshore Construction Pte,Unknown,NOK,investpy,,,,,,,,,,,,,,,,,,,,,,,,,,,,,1
SICT,2025-03-21T10:53:41.304249,Italy,Europe,Sicit Group,Unknown,EUR,investpy,,,,,,,,,,,,,,,,,,,,,,,,,,,,,1
QUARTpref,2025-03-21T10:53:41.787687,Sweden,Europe,Quartiers Properties,Unknown,SEK,investpy,,,,,,,,,,,,,,,,,,,,,,,,,,,,,1
CLSRb,2025-03-21T10:53:41.771851,Sweden,Europe,Clinical Laserthermia,Unknown,SEK,investpy,,,,,,,,,,,,,,,,,,,,,,,,,,,,,1
ABBO,2025-03-21T10:53:41.836043,Spain,Europe,Ab-Biotics S.A.,Unknown,EUR,investpy,,,,,,,,,,,,,,,,,,,,,,,,,,,,,1
LTEN,2025-03-21T10:53:41.850379,France,Europe,Alten,Unknown,EUR,investpy,,,,,,,,,,,,,,,,,,,,,,,,,,,,,1
GJFS,2025-03-21T10:53:41.850379,Norway,Europe,Gjensidige Forsikring,Unknown,NOK,investpy,,,,,,,,,,,,,,,,,,,,,,,,,,,,,1
PSMGn,2025-03-21T10:53:41.850379,Switzerland,Europe,Prosiebensat,Unknown,CHF,investpy,,,,,,,,,,,,,,,,,,,,,,,,,,,,,1
BE4A,2025-03-21T10:53:42.210619,Germany,Europe,Beazer Homes USA,Unknown,EUR,investpy,,,,,,,,,,,,,,,,,,,,,,,,,,,,,1
FMEGEUR,2025-03-21T10:53:42.242779,Switzerland,Europe,Fresenius ST,Unknown,EUR,investpy,,,,,,,,,,,,,,,,,,,,,,,,,,,,,1
COFA,2025-03-21T10:53:42.619077,France,Europe,Coface,Unknown,EUR,investpy,,,,,,,,,,,,,,,,,,,,,,,,,,,,,1
MANG_p,2025-03-21T10:53:42.556412,Germany,Europe,Man SE VZO,Unknown,EUR,investpy,,,,,,,,,,,,,,,,,,,,,,,,,,,,,1
BRKN,2025-03-21T10:53:42.649852,Switzerland,Europe,Burkhalter Holding AG,Unknown,CHF,investpy,,,,,,,,,,,,,,,,,,,,,,,,,,,,,1
DANI,2025-03-21T10:53:42.571653,Italy,Europe,Danieli & C,Unknown,EUR,investpy,,,,,,,,,,,,,,,,,,,,,,,,,,,,,1
ALDIE,2025-03-21T10:53:42.634608,France,Europe,Dietswell,Unknown,EUR,investpy,,,,,,,,,,,,,,,,,,,,,,,,,,,,,1
BPET,2025-03-21T10:53:42.571653,United Kingdom,Europe,BMO Private Equity,Unknown,GBP,investpy,,,,,,,,,,,,,,,,,,,,,,,,,,,,,1
LACP,2025-03-21T10:53:43.118964,France,Europe,Lacroix,Unknown,EUR,investpy,,,,,,,,,,,,,,,,,,,,,,,,,,,,,1
NAPAT,2025-03-21T10:53:43.103775,Norway,Europe,Napatech,Unknown,NOK,investpy,,,,,,,,,,,,,,,,,,,,,,,,,,,,,1
MORr,2025-03-21T10:53:43.461432,Greece,Europe,Motor Oil,Unknown,EUR,investpy,,,,,,,,,,,,,,,,,,,,,,,,,,,,,1
HAKG,2025-03-21T10:53:43.647246,Germany,Europe,Einbecker Brauhaus,Unknown,EUR,investpy,,,,,,,,,,,,,,,,,,,,,,,,,,,,,1
ALMEC,2025-03-21T10:53:43.554378,France,Europe,Mecelec,Unknown,EUR,investpy,,,,,,,,,,,,,,,,,,,,,,,,,,,,,1
GABI,2025-03-21T10:53:43.461432,Italy,Europe,Gabetti Property,Unknown,EUR,investpy,,,,,,,,,,,,,,,,,,,,,,,,,,,,,1
PV,2025-03-21T10:53:43.492666,Germany,Europe,Pfeiffer,Unknown,EUR,investpy,,,,,,,,,,,,,,,,,,,,,,,,,,,,,1
HLAN,2025-03-21T10:53:43.507685,Netherlands,Europe,Hal Trust,Unknown,EUR,investpy,,,,,,,,,,,,,,,,,,,,,,,,,,,,,1
SKJE,2025-03-21T10:53:44.166077,Denmark,Europe,Skjern Bank,Unknown,DKK,investpy,,,,,,,,,,,,,,,,,,,,,,,,,,,,,1
WUGG,2025-03-21T10:53:44.177354,Germany,Europe,Westag&Getalit ST,Unknown,EUR,investpy,,,,,,,,,,,,,,,,,,,,,,,,,,,,,1
CR8,2025-03-21T10:53:44.662100,Germany,Europe,Carbo Ceramics,Unknown,EUR,investpy,,,,,,,,,,,,,,,,,,,,,,,,,,,,,1
XXLNOK,2025-03-21T10:53:44.491630,Sweden,Europe,XXL ASA,Unknown,NOK,investpy,,,,,,,,,,,,,,,,,,,,,,,,,,,,,1
ITTr,2025-03-21T10:53:44.568512,Greece,Europe,Intertech,Unknown,EUR,investpy,,,,,,,,,,,,,,,,,,,,,,,,,,,,,1
SALIn,2025-03-21T10:53:44.598695,Italy,Europe,Impregilo RSP,Unknown,EUR,investpy,,,,,,,,,,,,,,,,,,,,,,,,,,,,,1
IMMNOV,2025-03-21T10:53:44.630089,Sweden,Europe,Immunovia publ AB,Unknown,SEK,investpy,,,,,,,,,,,,,,,,,,,,,,,,,,,,,1
EVTG,2025-03-21T10:53:44.598695,Germany,Europe,Evotec AG,Unknown,EUR,investpy,,,,,,,,,,,,,,,,,,,,,,,,,,,,,1
BONNOK,2025-03-21T10:53:45.023474,Sweden,Europe,Bonheur,Unknown,NOK,investpy,,,,,,,,,,,,,,,,,,,,,,,,,,,,,1
SPOG,2025-03-21T10:53:45.023474,Norway,Europe,Sparebanken Ost,Unknown,NOK,investpy,,,,,,,,,,,,,,,,,,,,,,,,,,,,,1
MMKV,2025-03-21T10:53:45.539654,Austria,Europe,Mayr-Melnhof Karton AG,Unknown,EUR,investpy,,,,,,,,,,,,,,,,,,,,,,,,,,,,,1
BLVN,2025-03-21T10:53:45.539654,United Kingdom,Europe,Bowleven,Unknown,GBP,investpy,,,,,,,,,,,,,,,,,,,,,,,,,,,,,1
ZUCIn,2025-03-21T10:53:45.539654,Italy,Europe,Zucchi RSP,Unknown,EUR,investpy,,,,,,,,,,,,,,,,,,,,,,,,,,,,,1
NENTb,2025-03-21T10:53:45.555657,Sweden,Europe,Nordic Entertainment B,Unknown,SEK,investpy,,,,,,,,,,,,,,,,,,,,,,,,,,,,,1
BYTr,2025-03-21T10:53:45.461242,Greece,Europe,Byte Computer SA,Unknown,EUR,investpy,,,,,,,,,,,,,,,,,,,,,,,,,,,,,1
ARDN,2025-03-21T10:53:45.539654,United Kingdom,Europe,Arden,Unknown,GBP,investpy,,,,,,,,,,,,,,,,,,,,,,,,,,,,,1
SWTQ,2025-03-21T10:53:45.899913,Switzerland,Europe,Schweiter Tech,Unknown,CHF,investpy,,,,,,,,,,,,,,,,,,,,,,,,,,,,,1
HICL,2025-03-21T10:53:45.915933,United Kingdom,Europe,HICL Infrastructure,Unknown,GBP,investpy,,,,,,,,,,,,,,,,,,,,,,,,,,,,,1
C08,2025-03-21T10:53:46.356283,Germany,Europe,Caesars,Unknown,EUR,investpy,,,,,,,,,,,,,,,,,,,,,,,,,,,,,1
A60,2025-03-21T10:53:46.391798,Germany,Europe,Allergan,Unknown,EUR,investpy,,,,,,,,,,,,,,,,,,,,,,,,,,,,,1
HINV,2025-03-21T10:53:46.309066,Belgium,Europe,Home Invest,Unknown,EUR,investpy,,,,,,,,,,,,,,,,,,,,,,,,,,,,,1
IMMO,2025-03-21T10:53:46.309066,Belgium,Europe,Immobel,Unknown,EUR,investpy,,,,,,,,,,,,,,,,,,,,,,,,,,,,,1
WTAN,2025-03-21T10:53:46.309066,United Kingdom,Europe,Witan,Unknown,GBP,investpy,,,,,,,,,,,,,,,,,,,,,,,,,,,,,1
TCN,2025-03-21T10:53:46.391798,United Kingdom,Europe,Tricorn,Unknown,GBP,investpy,,,,,,,,,,,,,,,,,,,,,,,,,,,,,1
LUKN,2025-03-21T10:53:46.824615,Switzerland,Europe,Luzerner Kantonalbank AG,Unknown,CHF,investpy,,,,,,,,,,,,,,,,,,,,,,,,,,,,,1
FREG,2025-03-21T10:53:46.715672,Switzerland,Europe,Fresenius SE,Unknown,CHF,investpy,,,,,,,,,,,,,,,,,,,,,,,,,,,,,1
NEX,2025-03-21T10:53:47.196846,United Kingdom,Europe,National Express,Unknown,GBP,investpy,,,,,,,,,,,,,,,,,,,,,,,,,,,,,1
C52,2025-03-21T10:53:47.322189,Germany,Europe,Colfax,Unknown,EUR,investpy,,,,,,,,,,,,,,,,,,,,,,,,,,,,,1
IBST,2025-03-21T10:53:47.269159,United Kingdom,Europe,Ibstock PLC,Unknown,GBP,investpy,,,,,,,,,,,,,,,,,,,,,,,,,,,,,1
INEA,2025-03-21T10:53:47.181828,France,Europe,Fonciere Inea,Unknown,EUR,investpy,,,,,,,,,,,,,,,,,,,,,,,,,,,,,1
DPAP,2025-03-21T10:53:47.259159,France,Europe,Docks des Petroles dAmbes,Unknown,EUR,investpy,,,,,,,,,,,,,,,,,,,,,,,,,,,,,1
TOBII,2025-03-21T10:53:47.196846,Sweden,Europe,Tobii AB,Unknown,SEK,investpy,,,,,,,,,,,,,,,,,,,,,,,,,,,,,1
OKEA,2025-03-21T10:53:47.666925,Norway,Europe,Okea,Unknown,NOK,investpy,,,,,,,,,,,,,,,,,,,,,,,,,,,,,1
GILDUSD,2025-03-21T10:53:47.697971,Switzerland,Europe,Gilead,Unknown,USD,investpy,,,,,,,,,,,,,,,,,,,,,,,,,,,,,1
AUTON,2025-03-21T10:53:48.169047,Switzerland,Europe,Autoneum Holding AG,Unknown,CHF,investpy,,,,,,,,,,,,,,,,,,,,,,,,,,,,,1
TATE,2025-03-21T10:53:48.184580,United Kingdom,Europe,Tate&Lyle,Unknown,GBP,investpy,,,,,,,,,,,,,,,,,,,,,,,,,,,,,1
EMOTR,2025-03-21T10:53:48.247934,Sweden,Europe,Emotra AB,Unknown,SEK,investpy,,,,,,,,,,,,,,,,,,,,,,,,,,,,,1
BICy,2025-03-21T10:53:48.137056,Germany,Europe,BanColombia,Unknown,EUR,investpy,,,,,,,,,,,,,,,,,,,,,,,,,,,,,1
PIRC,2025-03-21T10:53:48.235922,Italy,Europe,Pirelli & C,Unknown,EUR,investpy,,,,,,,,,,,,,,,,,,,,,,,,,,,,,1
NNIT,2025-03-21T10:53:48.247934,Denmark,Europe,Nnit AS,Unknown,DKK,investpy,,,,,,,,,,,,,,,,,,,,,,,,,,,,,1
YNUM,2025-03-21T10:53:48.641067,Spain,Europe,Numulae Gestion de Servicios,Unknown,EUR,investpy,,,,,,,,,,,,,,,,,,,,,,,,,,,,,1
TIGT,2025-03-21T10:53:48.562272,United Kingdom,Europe,Troy,Unknown,GBP,investpy,,,,,,,,,,,,,,,,,,,,,,,,,,,,,1
DEFLb,2025-03-21T10:53:49.016030,Sweden,Europe,Deflamo AB,Unknown,SEK,investpy,,,,,,,,,,,,,,,,,,,,,,,,,,,,,1
KURN,2025-03-21T10:53:49.016030,Switzerland,Europe,Kuros Biosciences,Unknown,CHF,investpy,,,,,,,,,,,,,,,,,,,,,,,,,,,,,1
ALPLA,2025-03-21T10:53:49.046958,France,Europe,Planet.FR SA,Unknown,EUR,investpy,,,,,,,,,,,,,,,,,,,,,,,,,,,,,1
MFTC,2025-03-21T10:53:49.046958,Italy,Europe,Matica Fintec,Unknown,EUR,investpy,,,,,,,,,,,,,,,,,,,,,,,,,,,,,1
ELGr,2025-03-21T10:53:49.141865,Greece,Europe,Elgeka,Unknown,EUR,investpy,,,,,,,,,,,,,,,,,,,,,,,,,,,,,1
S92G,2025-03-21T10:53:49.000028,Austria,Europe,SMA Solar AG,Unknown,EUR,investpy,,,,,,,,,,,,,,,,,,,,,,,,,,,,,1
VIPRO,2025-03-21T10:53:49.657213,Denmark,Europe,Victoria Properties,Unknown,DKK,investpy,,,,,,,,,,,,,,,,,,,,,,,,,,,,,1
DOFNOK,2025-03-21T10:53:49.672248,Sweden,Europe,Dof,Unknown,NOK,investpy,,,,,,,,,,,,,,,,,,,,,,,,,,,,,1
ASSI,2025-03-21T10:53:50.062939,Italy,Europe,Assiteca SpA Internazionale,Unknown,EUR,investpy,,,,,,,,,,,,,,,,,,,,,,,,,,,,,1
ALADO,2025-03-21T10:53:50.094041,France,Europe,Adomos,Unknown,EUR,investpy,,,,,,,,,,,,,,,,,,,,,,,,,,,,,1
A3B,2025-03-21T10:53:50.094041,Germany,Europe,Acco Brands,Unknown,EUR,investpy,,,,,,,,,,,,,,,,,,,,,,,,,,,,,1
RTCG,2025-03-21T10:53:50.110063,Germany,Europe,Realtech AG,Unknown,EUR,investpy,,,,,,,,,,,,,,,,,,,,,,,,,,,,,1
PATGn,2025-03-21T10:53:50.030915,Germany,Europe,Patrizia Immobilien,Unknown,EUR,investpy,,,,,,,,,,,,,,,,,,,,,,,,,,,,,1
BWONOK,2025-03-21T10:53:50.094041,Sweden,Europe,BW Offshore,Unknown,NOK,investpy,,,,,,,,,,,,,,,,,,,,,,,,,,,,,1
EUAV,2025-03-21T10:53:50.580138,Belgium,Europe,Euronav,Unknown,EUR,investpy,,,,,,,,,,,,,,,,,,,,,,,,,,,,,1
IFXGn,2025-03-21T10:53:50.564057,Germany,Europe,Infineon,Unknown,EUR,investpy,,,,,,,,,,,,,,,,,,,,,,,,,,,,,1
0RIH,2025-03-21T10:53:50.973384,United Kingdom,Europe,Alphabet A,Unknown,USD,investpy,,,,,,,,,,,,,,,,,,,,,,,,,,,,,1
MLALV,2025-03-21T10:53:50.973315,France,Europe,Alveen,Unknown,EUR,investpy,,,,,,,,,,,,,,,,,,,,,,,,,,,,,1
UBSG,2025-03-21T10:53:51.036052,Switzerland,Europe,UBS Group,Unknown,CHF,investpy,,,,,,,,,,,,,,,,,,,,,,,,,,,,,1
GAMH,2025-03-21T10:53:51.098019,Switzerland,Europe,GAM Holding,Unknown,CHF,investpy,,,,,,,,,,,,,,,,,,,,,,,,,,,,,1
SKMO,2025-03-21T10:53:51.109555,Sweden,Europe,Skane mollan AB,Unknown,SEK,investpy,,,,,,,,,,,,,,,,,,,,,,,,,,,,,1
OXIG,2025-03-21T10:53:51.051383,United Kingdom,Europe,Oxford Instruments,Unknown,GBP,investpy,,,,,,,,,,,,,,,,,,,,,,,,,,,,,1
MIHO,2025-03-21T10:53:51.441753,Sweden,Europe,Miris Holding,Unknown,SEK,investpy,,,,,,,,,,,,,,,,,,,,,,,,,,,,,1
SHBb,2025-03-21T10:53:51.456932,Sweden,Europe,Svenska Handelsbanken B,Unknown,SEK,investpy,,,,,,,,,,,,,,,,,,,,,,,,,,,,,1
AYIMAb,2025-03-21T10:53:51.908031,Sweden,Europe,Ayima,Unknown,SEK,investpy,,,,,,,,,,,,,,,,,,,,,,,,,,,,,1
TUIGn,2025-03-21T10:53:51.970941,Germany,Europe,Tui,Unknown,EUR,investpy,,,,,,,,,,,,,,,,,,,,,,,,,,,,,1
NOBINA,2025-03-21T10:53:52.001650,Sweden,Europe,Nobina publ AB,Unknown,SEK,investpy,,,,,,,,,,,,,,,,,,,,,,,,,,,,,1
TITC,2025-03-21T10:53:51.986448,Belgium,Europe,Titan Cement,Unknown,EUR,investpy,,,,,,,,,,,,,,,,,,,,,,,,,,,,,1
HEAD,2025-03-21T10:53:52.001650,United Kingdom,Europe,Headlam,Unknown,GBP,investpy,,,,,,,,,,,,,,,,,,,,,,,,,,,,,1
MBQGn,2025-03-21T10:53:51.939388,Germany,Europe,Mobotix AG,Unknown,EUR,investpy,,,,,,,,,,,,,,,,,,,,,,,,,,,,,1
PMAG,2025-03-21T10:53:52.372701,Austria,Europe,PIERER Mobility AG,Unknown,EUR,investpy,,,,,,,,,,,,,,,,,,,,,,,,,,,,,1
O2Dn,2025-03-21T10:53:52.388279,Austria,Europe,Telefonica Deutschland AG,Unknown,EUR,investpy,,,,,,,,,,,,,,,,,,,,,,,,,,,,,1
ALNOV,2025-03-21T10:53:53.062728,France,Europe,Novacyt,Unknown,EUR,investpy,,,,,,,,,,,,,,,,,,,,,,,,,,,,,1
1COV,2025-03-21T10:53:53.077949,Austria,Europe,Covestro,Unknown,EUR,investpy,,,,,,,,,,,,,,,,,,,,,,,,,,,,,1
AERWb,2025-03-21T10:53:53.124093,Sweden,Europe,Aerowash,Unknown,SEK,investpy,,,,,,,,,,,,,,,,,,,,,,,,,,,,,1
KRNG,2025-03-21T10:53:53.139253,Germany,Europe,Krones AG,Unknown,EUR,investpy,,,,,,,,,,,,,,,,,,,,,,,,,,,,,1
NEXII,2025-03-21T10:53:53.093650,Italy,Europe,Nexi,Unknown,EUR,investpy,,,,,,,,,,,,,,,,,,,,,,,,,,,,,1
ADSGnEUR,2025-03-21T10:53:53.169586,Switzerland,Europe,Adidas,Unknown,EUR,investpy,,,,,,,,,,,,,,,,,,,,,,,,,,,,,1
NEWN,2025-03-21T10:53:53.844910,Switzerland,Europe,New Value AG,Unknown,CHF,investpy,,,,,,,,,,,,,,,,,,,,,,,,,,,,,1
DEQGn,2025-03-21T10:53:53.844910,Austria,Europe,Deutsche Euroshop AG,Unknown,EUR,investpy,,,,,,,,,,,,,,,,,,,,,,,,,,,,,1
BIONn,2025-03-21T10:53:54.280956,Germany,Europe,BB Biotech,Unknown,EUR,investpy,,,,,,,,,,,,,,,,,,,,,,,,,,,,,1
ETGG,2025-03-21T10:53:54.328663,Germany,Europe,Envitec,Unknown,EUR,investpy,,,,,,,,,,,,,,,,,,,,,,,,,,,,,1
TELIA,2025-03-21T10:53:54.280956,Sweden,Europe,Telia Company,Unknown,SEK,investpy,,,,,,,,,,,,,,,,,,,,,,,,,,,,,1
AAGG,2025-03-21T10:53:54.359684,Germany,Europe,Aumann,Unknown,EUR,investpy,,,,,,,,,,,,,,,,,,,,,,,,,,,,,1
EDDS,2025-03-21T10:53:54.280956,France,Europe,Editions du Signe,Unknown,EUR,investpy,,,,,,,,,,,,,,,,,,,,,,,,,,,,,1
MULTINOK,2025-03-21T10:53:54.265949,Sweden,Europe,Multiconsult AS SE,Unknown,NOK,investpy,,,,,,,,,,,,,,,,,,,,,,,,,,,,,1
GENOb,2025-03-21T10:53:54.359684,Sweden,Europe,Genovis AB,Unknown,SEK,investpy,,,,,,,,,,,,,,,,,,,,,,,,,,,,,1
SPOE,2025-03-21T10:53:54.767228,France,Europe,Fonciere Volta,Unknown,EUR,investpy,,,,,,,,,,,,,,,,,,,,,,,,,,,,,1
JPS,2025-03-21T10:53:55.285190,United Kingdom,Europe,JPMorgan Japan Smaller,Unknown,GBP,investpy,,,,,,,,,,,,,,,,,,,,,,,,,,,,,1
G1AG,2025-03-21T10:53:55.285190,Austria,Europe,GEA Group AG,Unknown,EUR,investpy,,,,,,,,,,,,,,,,,,,,,,,,,,,,,1
MOED,2025-03-21T10:53:55.379548,Italy,Europe,Mondadori Editore,Unknown,EUR,investpy,,,,,,,,,,,,,,,,,,,,,,,,,,,,,1
PLCS,2025-03-21T10:53:55.347489,Norway,Europe,Polarcus,Unknown,NOK,investpy,,,,,,,,,,,,,,,,,,,,,,,,,,,,,1
ROMR,2025-03-21T10:53:55.300400,Norway,Europe,RomReal,Unknown,NOK,investpy,,,,,,,,,,,,,,,,,,,,,,,,,,,,,1
GABAT,2025-03-21T10:53:55.316431,Sweden,Europe,Gabather,Unknown,SEK,investpy,,,,,,,,,,,,,,,,,,,,,,,,,,,,,1
SOFb,2025-03-21T10:53:55.347489,Sweden,Europe,Softronic B,Unknown,SEK,investpy,,,,,,,,,,,,,,,,,,,,,,,,,,,,,1
TKWY,2025-03-21T10:53:55.847932,Netherlands,Europe,Takeaway Com,Unknown,EUR,investpy,,,,,,,,,,,,,,,,,,,,,,,,,,,,,1
ARSA,2025-03-21T10:53:56.240930,United Kingdom,Europe,Asiamet Resources,Unknown,GBP,investpy,,,,,,,,,,,,,,,,,,,,,,,,,,,,,1
WSUG,2025-03-21T10:53:56.271967,Germany,Europe,WashTec AG,Unknown,EUR,investpy,,,,,,,,,,,,,,,,,,,,,,,,,,,,,1
NUSTAY,2025-03-21T10:53:56.303378,Sweden,Europe,Nustay,Unknown,SEK,investpy,,,,,,,,,,,,,,,,,,,,,,,,,,,,,1
ALGEN,2025-03-21T10:53:56.240930,France,Europe,Genoway,Unknown,EUR,investpy,,,,,,,,,,,,,,,,,,,,,,,,,,,,,1
ALNEV,2025-03-21T10:53:56.350525,France,Europe,Neovacs,Unknown,EUR,investpy,,,,,,,,,,,,,,,,,,,,,,,,,,,,,1
EVKn,2025-03-21T10:53:56.240930,Germany,Europe,Evonik,Unknown,EUR,investpy,,,,,,,,,,,,,,,,,,,,,,,,,,,,,1
SNH,2025-03-21T10:53:56.271967,Germany,Europe,Senior Housing Properties,Unknown,EUR,investpy,,,,,,,,,,,,,,,,,,,,,,,,,,,,,1
MASM,2025-03-21T10:53:56.773262,Spain,Europe,Masmovil Ibercom,Unknown,EUR,investpy,,,,,,,,,,,,,,,,,,,,,,,,,,,,,1
REALFI,2025-03-21T10:53:57.166590,Sweden,Europe,Realfiction,Unknown,SEK,investpy,,,,,,,,,,,,,,,,,,,,,,,,,,,,,1
SNMP,2025-03-21T10:53:57.228907,Sweden,Europe,ShaMaran Petroleum,Unknown,SEK,investpy,,,,,,,,,,,,,,,,,,,,,,,,,,,,,1
KAHOOT-ME,2025-03-21T10:53:57.228907,Norway,Europe,Kahoot,Unknown,NOK,investpy,,,,,,,,,,,,,,,,,,,,,,,,,,,,,1
QCOMUSD,2025-03-21T10:53:57.197427,Switzerland,Europe,Qualcomm,Unknown,USD,investpy,,,,,,,,,,,,,,,,,,,,,,,,,,,,,1
COHE,2025-03-21T10:53:57.213432,France,Europe,Coheris,Unknown,EUR,investpy,,,,,,,,,,,,,,,,,,,,,,,,,,,,,1
AITN,2025-03-21T10:53:57.213432,Germany,Europe,Applied Industrial Technologies,Unknown,EUR,investpy,,,,,,,,,,,,,,,,,,,,,,,,,,,,,1
UMIDAb,2025-03-21T10:53:57.150549,Sweden,Europe,Umida B,Unknown,SEK,investpy,,,,,,,,,,,,,,,,,,,,,,,,,,,,,1
GELE,2025-03-21T10:53:57.899287,Italy,Europe,Gel,Unknown,EUR,investpy,,,,,,,,,,,,,,,,,,,,,,,,,,,,,1
NESN,2025-03-21T10:53:58.308895,Switzerland,Europe,Nestle,Unknown,CHF,investpy,,,,,,,,,,,,,,,,,,,,,,,,,,,,,1
XXLA,2025-03-21T10:53:58.293421,Norway,Europe,XXL ASA,Unknown,NOK,investpy,,,,,,,,,,,,,,,,,,,,,,,,,,,,,1
VRLA,2025-03-21T10:53:58.370990,France,Europe,Verallia Deutschland,Unknown,EUR,investpy,,,,,,,,,,,,,,,,,,,,,,,,,,,,,1
PUMU,2025-03-21T10:53:58.370990,Finland,Europe,PunaMusta Media,Unknown,EUR,investpy,,,,,,,,,,,,,,,,,,,,,,,,,,,,,1
SCOUT,2025-03-21T10:53:58.355922,Sweden,Europe,Scout Gaming,Unknown,SEK,investpy,,,,,,,,,,,,,,,,,,,,,,,,,,,,,1
BOUY,2025-03-21T10:53:58.293421,France,Europe,Bouygues,Unknown,EUR,investpy,,,,,,,,,,,,,,,,,,,,,,,,,,,,,1
ITWB,2025-03-21T10:53:58.370990,Italy,Europe,Italian Wine Brands SpA,Unknown,EUR,investpy,,,,,,,,,,,,,,,,,,,,,,,,,,,,,1
LPKG,2025-03-21T10:53:58.808385,Germany,Europe,LPKF,Unknown,EUR,investpy,,,,,,,,,,,,,,,,,,,,,,,,,,,,,1
VNAn,2025-03-21T10:53:59.276714,Italy,Europe,Vonovia,Unknown,EUR,investpy,,,,,,,,,,,,,,,,,,,,,,,,,,,,,1
TRMDa,2025-03-21T10:53:59.308744,Denmark,Europe,Torm A,Unknown,DKK,investpy,,,,,,,,,,,,,,,,,,,,,,,,,,,,,1
PHAL,2025-03-21T10:53:59.230261,Sweden,Europe,PharmaLundensis,Unknown,SEK,investpy,,,,,,,,,,,,,,,,,,,,,,,,,,,,,1
BALCO,2025-03-21T10:53:59.292745,Sweden,Europe,Balco Group,Unknown,SEK,investpy,,,,,,,,,,,,,,,,,,,,,,,,,,,,,1
NTAS,2025-03-21T10:53:59.292745,United Kingdom,Europe,NASCIT,Unknown,GBP,investpy,,,,,,,,,,,,,,,,,,,,,,,,,,,,,1
HEIG,2025-03-21T10:53:59.308744,Switzerland,Europe,Heidelbergcement,Unknown,CHF,investpy,,,,,,,,,,,,,,,,,,,,,,,,,,,,,1
FIIU,2025-03-21T10:53:59.230261,Germany,Europe,Federated Investors B,Unknown,EUR,investpy,,,,,,,,,,,,,,,,,,,,,,,,,,,,,1
EONGn,2025-03-21T10:53:59.901862,Germany,Europe,E.ON SE,Unknown,EUR,investpy,,,,,,,,,,,,,,,,,,,,,,,,,,,,,1
KOJAMO,2025-03-21T10:54:00.354406,Finland,Europe,Kojamo,Unknown,EUR,investpy,,,,,,,,,,,,,,,,,,,,,,,,,,,,,1
MLDYH,2025-03-21T10:54:00.309146,France,Europe,Design Your Home Holding AB,Unknown,EUR,investpy,,,,,,,,,,,,,,,,,,,,,,,,,,,,,1
SYS1,2025-03-21T10:54:00.324407,United Kingdom,Europe,System1 Group,Unknown,GBP,investpy,,,,,,,,,,,,,,,,,,,,,,,,,,,,,1
SIGF,2025-03-21T10:54:00.387189,France,Europe,CS Communication,Unknown,EUR,investpy,,,,,,,,,,,,,,,,,,,,,,,,,,,,,1
TRBG,2025-03-21T10:54:00.387189,United Kingdom,Europe,Tribal,Unknown,GBP,investpy,,,,,,,,,,,,,,,,,,,,,,,,,,,,,1
OBDUb,2025-03-21T10:54:00.324407,Sweden,Europe,Obducat AB,Unknown,SEK,investpy,,,,,,,,,,,,,,,,,,,,,,,,,,,,,1
ONTEX,2025-03-21T10:54:00.324407,Belgium,Europe,Ontex Group,Unknown,EUR,investpy,,,,,,,,,,,,,,,,,,,,,,,,,,,,,1
BRGDNOK,2025-03-21T10:54:00.747498,Sweden,Europe,Borregaard,Unknown,NOK,investpy,,,,,,,,,,,,,,,,,,,,,,,,,,,,,1
RHMG,2025-03-21T10:54:01.218323,Switzerland,Europe,Rheinmetall AG,Unknown,CHF,investpy,,,,,,,,,,,,,,,,,,,,,,,,,,,,,1
ARC,2025-03-21T10:54:01.248596,United Kingdom,Europe,Arcontech,Unknown,GBP,investpy,,,,,,,,,,,,,,,,,,,,,,,,,,,,,1
BDRILL,2025-03-21T10:54:01.186987,Norway,Europe,Borr Drilling,Unknown,NOK,investpy,,,,,,,,,,,,,,,,,,,,,,,,,,,,,1
ICTA,2025-03-21T10:54:01.294896,Netherlands,Europe,ICT Group,Unknown,EUR,investpy,,,,,,,,,,,,,,,,,,,,,,,,,,,,,1
CEC1_p,2025-03-21T10:54:01.264663,Germany,Europe,Metro,Unknown,EUR,investpy,,,,,,,,,,,,,,,,,,,,,,,,,,,,,1
FASTAT,2025-03-21T10:54:01.218323,Sweden,Europe,Fastator,Unknown,SEK,investpy,,,,,,,,,,,,,,,,,,,,,,,,,,,,,1
ALU10,2025-03-21T10:54:01.264663,France,Europe,U10,Unknown,EUR,investpy,,,,,,,,,,,,,,,,,,,,,,,,,,,,,1
MERL,2025-03-21T10:54:02.141972,United Kingdom,Europe,Merlin Entertainments PLC,Unknown,GBP,investpy,,,,,,,,,,,,,,,,,,,,,,,,,,,,,1
RQIH,2025-03-21T10:54:02.220865,United Kingdom,Europe,Randall&Quilter,Unknown,GBP,investpy,,,,,,,,,,,,,,,,,,,,,,,,,,,,,1
VPBN,2025-03-21T10:54:02.266524,Switzerland,Europe,VP Bank AG,Unknown,CHF,investpy,,,,,,,,,,,,,,,,,,,,,,,,,,,,,1
DFTKn,2025-03-21T10:54:02.220865,Germany,Europe,DF Deutsche Forfait AG,Unknown,EUR,investpy,,,,,,,,,,,,,,,,,,,,,,,,,,,,,1
MLGES,2025-03-21T10:54:02.220865,France,Europe,Green Energy 4 Seasons,Unknown,EUR,investpy,,,,,,,,,,,,,,,,,,,,,,,,,,,,,1
NICKE,2025-03-21T10:54:02.189484,Sweden,Europe,Nickel Mountain,Unknown,EUR,investpy,,,,,,,,,,,,,,,,,,,,,,,,,,,,,1
C21,2025-03-21T10:54:02.205485,United Kingdom,Europe,21St Century,Unknown,GBP,investpy,,,,,,,,,,,,,,,,,,,,,,,,,,,,,1
2U3,2025-03-21T10:54:02.567910,Germany,Europe,Alcon,Unknown,EUR,investpy,,,,,,,,,,,,,,,,,,,,,,,,,,,,,1
MLCIO,2025-03-21T10:54:03.259764,France,Europe,Cioa,Unknown,EUR,investpy,,,,,,,,,,,,,,,,,,,,,,,,,,,,,1
VILr,2025-03-21T10:54:03.717241,Greece,Europe,Unibios,Unknown,EUR,investpy,,,,,,,,,,,,,,,,,,,,,,,,,,,,,1
GRBT,2025-03-21T10:54:03.765243,France,Europe,Guerbet,Unknown,EUR,investpy,,,,,,,,,,,,,,,,,,,,,,,,,,,,,1
NASNOK,2025-03-21T10:54:03.701179,Sweden,Europe,Norwegian Air Shuttle,Unknown,NOK,investpy,,,,,,,,,,,,,,,,,,,,,,,,,,,,,1
BORDb,2025-03-21T10:54:03.653666,Denmark,Europe,F.E. Bording B,Unknown,DKK,investpy,,,,,,,,,,,,,,,,,,,,,,,,,,,,,1
G1V,2025-03-21T10:54:03.701179,Germany,Europe,MC Mining,Unknown,EUR,investpy,,,,,,,,,,,,,,,,,,,,,,,,,,,,,1
INHG,2025-03-21T10:54:03.637608,Austria,Europe,Indus AG,Unknown,EUR,investpy,,,,,,,,,,,,,,,,,,,,,,,,,,,,,1
ULVR,2025-03-21T10:54:03.701179,United Kingdom,Europe,Unilever,Unknown,GBP,investpy,,,,,,,,,,,,,,,,,,,,,,,,,,,,,1
TERR,2025-03-21T10:54:04.530997,France,Europe,Terreis,Unknown,EUR,investpy,,,,,,,,,,,,,,,,,,,,,,,,,,,,,1
LAMMb,2025-03-21T10:54:04.702280,Sweden,Europe,Lammhults Design B,Unknown,SEK,investpy,,,,,,,,,,,,,,,,,,,,,,,,,,,,,1
BC8G,2025-03-21T10:54:04.593431,Germany,Europe,Bechtle AG,Unknown,EUR,investpy,,,,,,,,,,,,,,,,,,,,,,,,,,,,,1
TEONE,2025-03-21T10:54:04.624475,Sweden,Europe,TargetEveryOne,Unknown,SEK,investpy,,,,,,,,,,,,,,,,,,,,,,,,,,,,,1
HANB,2025-03-21T10:54:04.624475,Germany,Europe,Hanesbrands,Unknown,EUR,investpy,,,,,,,,,,,,,,,,,,,,,,,,,,,,,1
ALMDG,2025-03-21T10:54:04.763212,France,Europe,MGI Digital,Unknown,EUR,investpy,,,,,,,,,,,,,,,,,,,,,,,,,,,,,1
TAGMb,2025-03-21T10:54:04.921417,Sweden,Europe,TagMaster AB,Unknown,SEK,investpy,,,,,,,,,,,,,,,,,,,,,,,,,,,,,1
AVV,2025-03-21T10:54:05.718203,United Kingdom,Europe,Aveva,Unknown,GBP,investpy,,,,,,,,,,,,,,,,,,,,,,,,,,,,,1
RATOa,2025-03-21T10:54:05.733257,Sweden,Europe,Ratos A,Unknown,SEK,investpy,,,,,,,,,,,,,,,,,,,,,,,,,,,,,1
NBLS,2025-03-21T10:54:05.749257,United Kingdom,Europe,NB Global Floating Rate,Unknown,GBP,investpy,,,,,,,,,,,,,,,,,,,,,,,,,,,,,1
BIOTEC,2025-03-21T10:54:05.765253,Norway,Europe,Biotec Pharmacon,Unknown,NOK,investpy,,,,,,,,,,,,,,,,,,,,,,,,,,,,,1
6762,2025-03-21T10:54:06.003050,Germany,Europe,TDK,Unknown,EUR,investpy,,,,,,,,,,,,,,,,,,,,,,,,,,,,,1
FOODr,2025-03-21T10:54:06.160816,Greece,Europe,Foodlink SA,Unknown,EUR,investpy,,,,,,,,,,,,,,,,,,,,,,,,,,,,,1
ESUN,2025-03-21T10:54:06.563313,Switzerland,Europe,Edisun Power Europe AG,Unknown,CHF,investpy,,,,,,,,,,,,,,,,,,,,,,,,,,,,,1
PSRA,2025-03-21T10:54:06.490218,Germany,Europe,CoreCivic,Unknown,EUR,investpy,,,,,,,,,,,,,,,,,,,,,,,,,,,,,1
INSPL,2025-03-21T10:54:06.444437,Sweden,Europe,Insplorion,Unknown,SEK,investpy,,,,,,,,,,,,,,,,,,,,,,,,,,,,,1
CIAZ,2025-03-21T10:54:06.975776,Italy,Europe,CIA,Unknown,EUR,investpy,,,,,,,,,,,,,,,,,,,,,,,,,,,,,1
FRAG,2025-03-21T10:54:06.913917,Austria,Europe,Fraport AG,Unknown,EUR,investpy,,,,,,,,,,,,,,,,,,,,,,,,,,,,,1
EASYb,2025-03-21T10:54:06.945319,Sweden,Europe,EasyFill,Unknown,SEK,investpy,,,,,,,,,,,,,,,,,,,,,,,,,,,,,1
AEL,2025-03-21T10:54:07.352498,Germany,Europe,American Equity Inv. Life,Unknown,EUR,investpy,,,,,,,,,,,,,,,,,,,,,,,,,,,,,1
BAIN,2025-03-21T10:54:07.400020,France,Europe,Bains Mer Monaco,Unknown,EUR,investpy,,,,,,,,,,,,,,,,,,,,,,,,,,,,,1
FEVG,2025-03-21T10:54:07.416020,Germany,Europe,Fortec,Unknown,EUR,investpy,,,,,,,,,,,,,,,,,,,,,,,,,,,,,1
SEZI,2025-03-21T10:54:07.352498,Sweden,Europe,Senzime,Unknown,SEK,investpy,,,,,,,,,,,,,,,,,,,,,,,,,,,,,1
PSMGn,2025-03-21T10:54:07.777325,Italy,Europe,Prosiebensat,Unknown,EUR,investpy,,,,,,,,,,,,,,,,,,,,,,,,,,,,,1
SUNU,2025-03-21T10:54:07.508532,United Kingdom,Europe,Surgical Innovations,Unknown,GBP,investpy,,,,,,,,,,,,,,,,,,,,,,,,,,,,,1
EDHN,2025-03-21T10:54:07.807378,Switzerland,Europe,Energiedienst Holding AG,Unknown,CHF,investpy,,,,,,,,,,,,,,,,,,,,,,,,,,,,,1
CLAB,2025-03-21T10:54:08.512841,Italy,Europe,Clabo SPA,Unknown,EUR,investpy,,,,,,,,,,,,,,,,,,,,,,,,,,,,,1
GETIb,2025-03-21T10:54:08.496810,Sweden,Europe,Getinge B,Unknown,SEK,investpy,,,,,,,,,,,,,,,,,,,,,,,,,,,,,1
BIOBV,2025-03-21T10:54:08.433357,Finland,Europe,Biohit Oyj B,Unknown,EUR,investpy,,,,,,,,,,,,,,,,,,,,,,,,,,,,,1
KRTr,2025-03-21T10:54:08.873192,Greece,Europe,Karatzi,Unknown,EUR,investpy,,,,,,,,,,,,,,,,,,,,,,,,,,,,,1
MLFIR,2025-03-21T10:54:08.841194,France,Europe,Firstcaution,Unknown,EUR,investpy,,,,,,,,,,,,,,,,,,,,,,,,,,,,,1
SBOO,2025-03-21T10:54:09.339028,Norway,Europe,Selvaag Bolig,Unknown,NOK,investpy,,,,,,,,,,,,,,,,,,,,,,,,,,,,,1
SCAM,2025-03-21T10:54:09.400972,United Kingdom,Europe,Scottish American,Unknown,GBP,investpy,,,,,,,,,,,,,,,,,,,,,,,,,,,,,1
GREAT,2025-03-21T10:54:09.795528,Sweden,Europe,Greater Than,Unknown,SEK,investpy,,,,,,,,,,,,,,,,,,,,,,,,,,,,,1
ALPCI,2025-03-21T10:54:10.410842,France,Europe,Primecity Investment,Unknown,EUR,investpy,,,,,,,,,,,,,,,,,,,,,,,,,,,,,1
POLME,2025-03-21T10:54:10.426894,Norway,Europe,Polaris Media,Unknown,NOK,investpy,,,,,,,,,,,,,,,,,,,,,,,,,,,,,1
54M,2025-03-21T10:54:10.396843,Germany,Europe,Motorcar Parts,Unknown,EUR,investpy,,,,,,,,,,,,,,,,,,,,,,,,,,,,,1
SPIS,2025-03-21T10:54:10.442894,France,Europe,Spir Communication,Unknown,EUR,investpy,,,,,,,,,,,,,,,,,,,,,,,,,,,,,1
ALVAL,2025-03-21T10:54:10.491000,France,Europe,Valbiotis,Unknown,EUR,investpy,,,,,,,,,,,,,,,,,,,,,,,,,,,,,1
APGNA,2025-03-21T10:54:11.435783,Ireland,Europe,Applegreen Plc,Unknown,EUR,investpy,,,,,,,,,,,,,,,,,,,,,,,,,,,,,1
ALGIL,2025-03-21T10:54:11.529627,France,Europe,Groupe Guillin,Unknown,EUR,investpy,,,,,,,,,,,,,,,,,,,,,,,,,,,,,1
ADKO,2025-03-21T10:54:11.498392,Austria,Europe,Addiko Bank,Unknown,EUR,investpy,,,,,,,,,,,,,,,,,,,,,,,,,,,,,1
GLDP,2025-03-21T10:54:12.461573,United Kingdom,Europe,Goldplat,Unknown,GBP,investpy,,,,,,,,,,,,,,,,,,,,,,,,,,,,,1
AALLON,2025-03-21T10:54:12.463571,Finland,Europe,Aallon,Unknown,EUR,investpy,,,,,,,,,,,,,,,,,,,,,,,,,,,,,1
GLA1V,2025-03-21T10:54:12.439573,Finland,Europe,Glaston,Unknown,EUR,investpy,,,,,,,,,,,,,,,,,,,,,,,,,,,,,1
ALVG,2025-03-21T10:54:12.954218,Switzerland,Europe,Allianz,Unknown,CHF,investpy,,,,,,,,,,,,,,,,,,,,,,,,,,,,,1
CELGUSD,2025-03-21T10:54:13.476906,Switzerland,Europe,Celgene,Unknown,USD,investpy,,,,,,,,,,,,,,,,,,,,,,,,,,,,,1
MEDCL,2025-03-21T10:54:13.619277,France,Europe,Medincell,Unknown,EUR,investpy,,,,,,,,,,,,,,,,,,,,,,,,,,,,,1
SBBd,2025-03-21T10:54:14.106581,Sweden,Europe,Samhallsbyggnadsbolaget I D,Unknown,SEK,investpy,,,,,,,,,,,,,,,,,,,,,,,,,,,,,1
VBSN,2025-03-21T10:54:14.471433,Switzerland,Europe,IVF Hartmann Holding AG,Unknown,CHF,investpy,,,,,,,,,,,,,,,,,,,,,,,,,,,,,1
VONN,2025-03-21T10:54:14.455432,Switzerland,Europe,Vontobel Holding,Unknown,CHF,investpy,,,,,,,,,,,,,,,,,,,,,,,,,,,,,1
DPWGnEUR,2025-03-21T10:54:14.992189,Switzerland,Europe,Deutsche Post,Unknown,EUR,investpy,,,,,,,,,,,,,,,,,,,,,,,,,,,,,1
N55,2025-03-21T10:54:15.007781,Sweden,Europe,News55,Unknown,SEK,investpy,,,,,,,,,,,,,,,,,,,,,,,,,,,,,1
ALPJT,2025-03-21T10:54:15.545824,France,Europe,Poujoulat,Unknown,EUR,investpy,,,,,,,,,,,,,,,,,,,,,,,,,,,,,1
MMO1V,2025-03-21T10:54:15.498771,Finland,Europe,Marimekko Oyj,Unknown,EUR,investpy,,,,,,,,,,,,,,,,,,,,,,,,,,,,,1
ABGV,2025-03-21T10:54:15.545824,Austria,Europe,Porr AG,Unknown,EUR,investpy,,,,,,,,,,,,,,,,,,,,,,,,,,,,,1
VNVsdb,2025-03-21T10:54:16.020457,Sweden,Europe,Vostok New Ventures,Unknown,SEK,investpy,,,,,,,,,,,,,,,,,,,,,,,,,,,,,1
CLASb,2025-03-21T10:54:15.626834,Sweden,Europe,Clas Ohlson B,Unknown,SEK,investpy,,,,,,,,,,,,,,,,,,,,,,,,,,,,,1
ALKKO,2025-03-21T10:54:15.972887,France,Europe,Kko Intl,Unknown,EUR,investpy,,,,,,,,,,,,,,,,,,,,,,,,,,,,,1
VBGb,2025-03-21T10:54:16.381966,Sweden,Europe,VBG GROUP B,Unknown,SEK,investpy,,,,,,,,,,,,,,,,,,,,,,,,,,,,,1
CMOTECb,2025-03-21T10:54:16.365953,Sweden,Europe,Scandinavian ChemoTech,Unknown,SEK,investpy,,,,,,,,,,,,,,,,,,,,,,,,,,,,,1
DEDAL,2025-03-21T10:54:16.522908,France,Europe,Medasys,Unknown,EUR,investpy,,,,,,,,,,,,,,,,,,,,,,,,,,,,,1
QEC,2025-03-21T10:54:16.381966,Norway,Europe,Questerre Energy Corporation,Unknown,NOK,investpy,,,,,,,,,,,,,,,,,,,,,,,,,,,,,1
IBMu,2025-03-21T10:54:17.592930,Belgium,Europe,IBM,Unknown,USD,investpy,,,,,,,,,,,,,,,,,,,,,,,,,,,,,1
PCIB,2025-03-21T10:54:17.608292,Norway,Europe,PCI Biotech,Unknown,NOK,investpy,,,,,,,,,,,,,,,,,,,,,,,,,,,,,1
0K34,2025-03-21T10:54:17.576895,United Kingdom,Europe,Monster Beverage,Unknown,USD,investpy,,,,,,,,,,,,,,,,,,,,,,,,,,,,,1
CSCOUSD,2025-03-21T10:54:17.623816,Switzerland,Europe,Cisco,Unknown,USD,investpy,,,,,,,,,,,,,,,,,,,,,,,,,,,,,1
DBKGn,2025-03-21T10:54:17.639047,Switzerland,Europe,Deutsche Bank AG,Unknown,CHF,investpy,,,,,,,,,,,,,,,,,,,,,,,,,,,,,1
ROCKa,2025-03-21T10:54:18.295933,Denmark,Europe,Rockwool Int. A,Unknown,DKK,investpy,,,,,,,,,,,,,,,,,,,,,,,,,,,,,1
LINP,2025-03-21T10:54:18.751871,France,Europe,Finatis,Unknown,EUR,investpy,,,,,,,,,,,,,,,,,,,,,,,,,,,,,1
YGEN,2025-03-21T10:54:18.799117,United Kingdom,Europe,Yourgene Health,Unknown,GBP,investpy,,,,,,,,,,,,,,,,,,,,,,,,,,,,,1
MBTLy,2025-03-21T10:54:19.647638,Germany,Europe,Mobil’nye Telesistemy ADR,Unknown,EUR,investpy,,,,,,,,,,,,,,,,,,,,,,,,,,,,,1
31L,2025-03-21T10:54:19.679512,Germany,Europe,Sylvania,Unknown,EUR,investpy,,,,,,,,,,,,,,,,,,,,,,,,,,,,,1
HPBGn,2025-03-21T10:54:20.122952,Germany,Europe,Heliad,Unknown,EUR,investpy,,,,,,,,,,,,,,,,,,,,,,,,,,,,,1
YATO,2025-03-21T10:54:20.185524,Spain,Europe,Atom Hoteles,Unknown,EUR,investpy,,,,,,,,,,,,,,,,,,,,,,,,,,,,,1
AMSCA,2025-03-21T10:54:20.623310,Norway,Europe,American Shipping,Unknown,NOK,investpy,,,,,,,,,,,,,,,,,,,,,,,,,,,,,1
ZORDIXb,2025-03-21T10:54:20.608217,Sweden,Europe,Zordix,Unknown,SEK,investpy,,,,,,,,,,,,,,,,,,,,,,,,,,,,,1
ALBKK,2025-03-21T10:54:21.112995,France,Europe,Baikowski,Unknown,EUR,investpy,,,,,,,,,,,,,,,,,,,,,,,,,,,,,1
ALBDM,2025-03-21T10:54:21.002443,France,Europe,Bd Multimedia,Unknown,EUR,investpy,,,,,,,,,,,,,,,,,,,,,,,,,,,,,1
ZILGn,2025-03-21T10:54:21.043570,Austria,Europe,Elringklinger AG,Unknown,EUR,investpy,,,,,,,,,,,,,,,,,,,,,,,,,,,,,1
MED6,2025-03-21T10:54:21.034571,France,Europe,Media 6,Unknown,EUR,investpy,,,,,,,,,,,,,,,,,,,,,,,,,,,,,1
VNEsdb,2025-03-21T10:54:21.855121,Sweden,Europe,Veoneer SDR,Unknown,SEK,investpy,,,,,,,,,,,,,,,,,,,,,,,,,,,,,1
TOURN,2025-03-21T10:54:21.871146,Sweden,Europe,Tourn International,Unknown,SEK,investpy,,,,,,,,,,,,,,,,,,,,,,,,,,,,,1
PRSNOK,2025-03-21T10:54:21.950725,Sweden,Europe,Prosafe,Unknown,NOK,investpy,,,,,,,,,,,,,,,,,,,,,,,,,,,,,1
BEKB,2025-03-21T10:54:22.284318,Belgium,Europe,Bekaert,Unknown,EUR,investpy,,,,,,,,,,,,,,,,,,,,,,,,,,,,,1
BCIB,2025-03-21T10:54:22.124693,United Kingdom,Europe,BMO Capital,Unknown,GBP,investpy,,,,,,,,,,,,,,,,,,,,,,,,,,,,,1
ALDEV,2025-03-21T10:54:22.698417,France,Europe,Devernois,Unknown,EUR,investpy,,,,,,,,,,,,,,,,,,,,,,,,,,,,,1
BDTG,2025-03-21T10:54:22.644411,Germany,Europe,Bertrandt AG,Unknown,EUR,investpy,,,,,,,,,,,,,,,,,,,,,,,,,,,,,1
RENA,2025-03-21T10:54:23.098310,France,Europe,Renault,Unknown,EUR,investpy,,,,,,,,,,,,,,,,,,,,,,,,,,,,,1
WARN,2025-03-21T10:54:23.052301,Switzerland,Europe,Warteck Invest Ltd,Unknown,CHF,investpy,,,,,,,,,,,,,,,,,,,,,,,,,,,,,1
ITALsdb,2025-03-21T10:54:23.145975,Sweden,Europe,Italeaf,Unknown,EUR,investpy,,,,,,,,,,,,,,,,,,,,,,,,,,,,,1
BIOSE,2025-03-21T10:54:23.504801,Sweden,Europe,Bioservo Tech,Unknown,SEK,investpy,,,,,,,,,,,,,,,,,,,,,,,,,,,,,1
ARJOb,2025-03-21T10:54:23.947207,Sweden,Europe,Arjo,Unknown,SEK,investpy,,,,,,,,,,,,,,,,,,,,,,,,,,,,,1
LYKOa,2025-03-21T10:54:23.915744,Sweden,Europe,Lyko,Unknown,SEK,investpy,,,,,,,,,,,,,,,,,,,,,,,,,,,,,1
ALTRI,2025-03-21T10:54:24.461914,France,Europe,Trilogiq,Unknown,EUR,investpy,,,,,,,,,,,,,,,,,,,,,,,,,,,,,1
PHGy,2025-03-21T10:54:24.368112,Germany,Europe,Koninklijke Philips ADR,Unknown,EUR,investpy,,,,,,,,,,,,,,,,,,,,,,,,,,,,,1
ALEVA,2025-03-21T10:54:24.966450,Belgium,Europe,Evadix SA,Unknown,EUR,investpy,,,,,,,,,,,,,,,,,,,,,,,,,,,,,1
HVPEa,2025-03-21T10:54:24.982450,United Kingdom,Europe,HarbourVest Global,Unknown,GBP,investpy,,,,,,,,,,,,,,,,,,,,,,,,,,,,,1
NIXU,2025-03-21T10:54:24.950400,Finland,Europe,Nixu Oyj,Unknown,EUR,investpy,,,,,,,,,,,,,,,,,,,,,,,,,,,,,1
GGBR4,2025-03-21T10:54:26.026684,Spain,Europe,GERDAU PN N1,Unknown,EUR,investpy,,,,,,,,,,,,,,,,,,,,,,,,,,,,,1
WIPA,2025-03-21T10:54:26.420861,United Kingdom,Europe,Witan Pacific,Unknown,GBP,investpy,,,,,,,,,,,,,,,,,,,,,,,,,,,,,1
BFPy,2025-03-21T10:54:27.245879,Germany,Europe,BBVA Banco Frances ADR,Unknown,EUR,investpy,,,,,,,,,,,,,,,,,,,,,,,,,,,,,1
QUART,2025-03-21T10:54:27.372574,Sweden,Europe,Quartiers Properties,Unknown,SEK,investpy,,,,,,,,,,,,,,,,,,,,,,,,,,,,,1
MGGT,2025-03-21T10:54:27.419173,United Kingdom,Europe,Meggitt,Unknown,GBP,investpy,,,,,,,,,,,,,,,,,,,,,,,,,,,,,1
MKEA,2025-03-21T10:54:27.656305,France,Europe,Mauna Kea Tech,Unknown,EUR,investpy,,,,,,,,,,,,,,,,,,,,,,,,,,,,,1
BNAB,2025-03-21T10:54:27.593796,Belgium,Europe,National Bank of Belgium,Unknown,EUR,investpy,,,,,,,,,,,,,,,,,,,,,,,,,,,,,1
YNGt,2025-03-21T10:54:27.529689,United Kingdom,Europe,Young & Co’s Brewery,Unknown,GBP,investpy,,,,,,,,,,,,,,,,,,,,,,,,,,,,,1
THHG,2025-03-21T10:54:28.132356,France,Europe,Thermador,Unknown,EUR,investpy,,,,,,,,,,,,,,,,,,,,,,,,,,,,,1
WSUG,2025-03-21T10:54:28.889595,Austria,Europe,WashTec AG,Unknown,EUR,investpy,,,,,,,,,,,,,,,,,,,,,,,,,,,,,1
OBOYAb,2025-03-21T10:54:28.982775,Sweden,Europe,Oboya Horticulture,Unknown,SEK,investpy,,,,,,,,,,,,,,,,,,,,,,,,,,,,,1
BOSJO,2025-03-21T10:54:28.905659,Sweden,Europe,Bosjo Fastigheter,Unknown,SEK,investpy,,,,,,,,,,,,,,,,,,,,,,,,,,,,,1
A2,2025-03-21T10:54:29.469651,Italy,Europe,A2A,Unknown,EUR,investpy,,,,,,,,,,,,,,,,,,,,,,,,,,,,,1
BIOS,2025-03-21T10:54:30.052935,Spain,Europe,Biosearch,Unknown,EUR,investpy,,,,,,,,,,,,,,,,,,,,,,,,,,,,,1
POOLb,2025-03-21T10:54:29.958282,Sweden,Europe,Poolia B,Unknown,SEK,investpy,,,,,,,,,,,,,,,,,,,,,,,,,,,,,1
AMXL,2025-03-21T10:54:29.927226,Spain,Europe,America Movil,Unknown,EUR,investpy,,,,,,,,,,,,,,,,,,,,,,,,,,,,,1
HOTG,2025-03-21T10:54:30.068934,Switzerland,Europe,Hochtief AG,Unknown,CHF,investpy,,,,,,,,,,,,,,,,,,,,,,,,,,,,,1
PLED,2025-03-21T10:54:30.464827,Sweden,Europe,PledPharma,Unknown,SEK,investpy,,,,,,,,,,,,,,,,,,,,,,,,,,,,,1
PEXAb,2025-03-21T10:54:30.937694,Sweden,Europe,PExA AB,Unknown,SEK,investpy,,,,,,,,,,,,,,,,,,,,,,,,,,,,,1
MTXGn,2025-03-21T10:54:30.827118,Austria,Europe,MTU Aero,Unknown,EUR,investpy,,,,,,,,,,,,,,,,,,,,,,,,,,,,,1
SOLONNOK,2025-03-21T10:54:30.953693,Sweden,Europe,Solon Eiendom,Unknown,NOK,investpy,,,,,,,,,,,,,,,,,,,,,,,,,,,,,1
POY1V,2025-03-21T10:54:31.015279,Finland,Europe,Poyry Oyj,Unknown,EUR,investpy,,,,,,,,,,,,,,,,,,,,,,,,,,,,,1
BE0944264663,2025-03-21T10:54:30.937694,Belgium,Europe,SCR Sibelco,Unknown,EUR,investpy,,,,,,,,,,,,,,,,,,,,,,,,,,,,,1
PZC,2025-03-21T10:54:30.906169,United Kingdom,Europe,PZ Cussons,Unknown,GBP,investpy,,,,,,,,,,,,,,,,,,,,,,,,,,,,,1
MDBr,2025-03-21T10:54:31.284009,Greece,Europe,N Varveris Moda Bagno SA,Unknown,EUR,investpy,,,,,,,,,,,,,,,,,,,,,,,,,,,,,1
IVS,2025-03-21T10:54:31.347587,Italy,Europe,IVS Group SA,Unknown,EUR,investpy,,,,,,,,,,,,,,,,,,,,,,,,,,,,,1
CTXS,2025-03-21T10:54:31.363588,Austria,Europe,Citrix Systems,Unknown,EUR,investpy,,,,,,,,,,,,,,,,,,,,,,,,,,,,,1
ANNX,2025-03-21T10:54:31.363588,Sweden,Europe,Annexin Pharma,Unknown,SEK,investpy,,,,,,,,,,,,,,,,,,,,,,,,,,,,,1
LEHTO,2025-03-21T10:54:31.394837,Finland,Europe,Lehto Group Oyj,Unknown,EUR,investpy,,,,,,,,,,,,,,,,,,,,,,,,,,,,,1
CPLE6,2025-03-21T10:54:31.395358,Spain,Europe,COPEL PNB,Unknown,EUR,investpy,,,,,,,,,,,,,,,,,,,,,,,,,,,,,1
2CUREX,2025-03-21T10:54:31.410166,Sweden,Europe,2cureX,Unknown,SEK,investpy,,,,,,,,,,,,,,,,,,,,,,,,,,,,,1
BRGIn,2025-03-21T10:54:31.472728,Italy,Europe,Borgosesia,Unknown,EUR,investpy,,,,,,,,,,,,,,,,,,,,,,,,,,,,,1
MCB,2025-03-21T10:54:31.631179,United Kingdom,Europe,McBride,Unknown,GBP,investpy,,,,,,,,,,,,,,,,,,,,,,,,,,,,,1
UBXN,2025-03-21T10:54:31.647223,Switzerland,Europe,U Blox Holding AG,Unknown,CHF,investpy,,,,,,,,,,,,,,,,,,,,,,,,,,,,,1
ATT,2025-03-21T10:54:31.663196,United Kingdom,Europe,Allianz Tech,Unknown,GBP,investpy,,,,,,,,,,,,,,,,,,,,,,,,,,,,,1
DUPD,2025-03-21T10:54:31.678726,United Kingdom,Europe,Dragon-Ukrainian,Unknown,GBP,investpy,,,,,,,,,,,,,,,,,,,,,,,,,,,,,1
IFFE,2025-03-21T10:54:31.693865,Spain,Europe,Iffe Futura,Unknown,EUR,investpy,,,,,,,,,,,,,,,,,,,,,,,,,,,,,1
SIX,2025-03-21T10:54:31.725409,Germany,Europe,Six Flags,Unknown,EUR,investpy,,,,,,,,,,,,,,,,,,,,,,,,,,,,,1
NORBIT,2025-03-21T10:54:31.773474,Norway,Europe,Norbit,Unknown,NOK,investpy,,,,,,,,,,,,,,,,,,,,,,,,,,,,,1
FFLY,2025-03-21T10:54:31.789437,Sweden,Europe,Firefly AB,Unknown,SEK,investpy,,,,,,,,,,,,,,,,,,,,,,,,,,,,,1
ALBI,2025-03-21T10:54:31.961688,France,Europe,Gascogne,Unknown,EUR,investpy,,,,,,,,,,,,,,,,,,,,,,,,,,,,,1
AEGR,2025-03-21T10:54:31.961688,United Kingdom,Europe,Active Energy,Unknown,GBP,investpy,,,,,,,,,,,,,,,,,,,,,,,,,,,,,1
DC,2025-03-21T10:54:31.976900,United Kingdom,Europe,Dixons Carphone,Unknown,GBP,investpy,,,,,,,,,,,,,,,,,,,,,,,,,,,,,1
GABR,2025-03-21T10:54:32.039308,Denmark,Europe,Gabriel Holding,Unknown,DKK,investpy,,,,,,,,,,,,,,,,,,,,,,,,,,,,,1
HOLX,2025-03-21T10:54:32.039308,Austria,Europe,Hologic,Unknown,EUR,investpy,,,,,,,,,,,,,,,,,,,,,,,,,,,,,1
PFE,2025-03-21T10:54:32.070551,Sweden,Europe,Pfizer,Unknown,SEK,investpy,,,,,,,,,,,,,,,,,,,,,,,,,,,,,1
GLINT,2025-03-21T10:54:32.116750,Portugal,Europe,Glintt,Unknown,EUR,investpy,,,,,,,,,,,,,,,,,,,,,,,,,,,,,1
AIR,2025-03-21T10:54:32.148815,Spain,Europe,Airbus Group,Unknown,EUR,investpy,,,,,,,,,,,,,,,,,,,,,,,,,,,,,1
ERMT,2025-03-21T10:54:32.243530,France,Europe,Eramet,Unknown,EUR,investpy,,,,,,,,,,,,,,,,,,,,,,,,,,,,,1
TIRO_p,2025-03-21T10:54:32.243530,Austria,Europe,Bank fuer Tirol und Vorarlberg,Unknown,EUR,investpy,,,,,,,,,,,,,,,,,,,,,,,,,,,,,1
SGSN,2025-03-21T10:54:32.321150,Switzerland,Europe,SGS,Unknown,CHF,investpy,,,,,,,,,,,,,,,,,,,,,,,,,,,,,1
TRIPA,2025-03-21T10:54:32.400301,Austria,Europe,TripAdvisor,Unknown,EUR,investpy,,,,,,,,,,,,,,,,,,,,,,,,,,,,,1
DAIGn,2025-03-21T10:54:32.416419,Germany,Europe,Daimler,Unknown,EUR,investpy,,,,,,,,,,,,,,,,,,,,,,,,,,,,,1
SLMJ,2025-03-21T10:54:32.416419,Germany,Europe,Sanlam Ltd,Unknown,EUR,investpy,,,,,,,,,,,,,,,,,,,,,,,,,,,,,1
RAKE,2025-03-21T10:54:32.479592,Sweden,Europe,Raketech,Unknown,SEK,investpy,,,,,,,,,,,,,,,,,,,,,,,,,,,,,1
OPG,2025-03-21T10:54:32.511195,United Kingdom,Europe,OPG Power,Unknown,GBP,investpy,,,,,,,,,,,,,,,,,,,,,,,,,,,,,1
MBPH,2025-03-21T10:54:32.542491,Sweden,Europe,Moberg Pharma,Unknown,SEK,investpy,,,,,,,,,,,,,,,,,,,,,,,,,,,,,1
SEBc,2025-03-21T10:54:32.573523,Sweden,Europe,SEB C,Unknown,SEK,investpy,,,,,,,,,,,,,,,,,,,,,,,,,,,,,1
BAH,2025-03-21T10:54:32.698307,Germany,Europe,Booz Allen Hamilton,Unknown,EUR,investpy,,,,,,,,,,,,,,,,,,,,,,,,,,,,,1
VGP1,2025-03-21T10:54:32.698307,Belgium,Europe,VGP,Unknown,EUR,investpy,,,,,,,,,,,,,,,,,,,,,,,,,,,,,1
OXB,2025-03-21T10:54:32.698307,United Kingdom,Europe,Oxford BioMedica,Unknown,GBP,investpy,,,,,,,,,,,,,,,,,,,,,,,,,,,,,1
MDF,2025-03-21T10:54:32.760117,Spain,Europe,Duro Felguera,Unknown,EUR,investpy,,,,,,,,,,,,,,,,,,,,,,,,,,,,,1
HRI,2025-03-21T10:54:32.791307,United Kingdom,Europe,Herald,Unknown,GBP,investpy,,,,,,,,,,,,,,,,,,,,,,,,,,,,,1
ALPRE,2025-03-21T10:54:32.853372,France,Europe,Predilife,Unknown,EUR,investpy,,,,,,,,,,,,,,,,,,,,,,,,,,,,,1
UUAM,2025-03-21T10:54:32.868917,Austria,Europe,Under Armour A,Unknown,EUR,investpy,,,,,,,,,,,,,,,,,,,,,,,,,,,,,1
MLGML,2025-03-21T10:54:32.916182,France,Europe,Gour Medical,Unknown,EUR,investpy,,,,,,,,,,,,,,,,,,,,,,,,,,,,,1
CHRA,2025-03-21T10:54:33.041800,France,Europe,Imprimerie Chirat,Unknown,EUR,investpy,,,,,,,,,,,,,,,,,,,,,,,,,,,,,1
SIRI,2025-03-21T10:54:33.041800,Austria,Europe,Sirius XM,Unknown,EUR,investpy,,,,,,,,,,,,,,,,,,,,,,,,,,,,,1
MOGP,2025-03-21T10:54:33.087815,United Kingdom,Europe,Mountfield,Unknown,GBP,investpy,,,,,,,,,,,,,,,,,,,,,,,,,,,,,1
BLS,2025-03-21T10:54:33.103819,Switzerland,Europe,Blackstone Resources,Unknown,CHF,investpy,,,,,,,,,,,,,,,,,,,,,,,,,,,,,1
8TRA,2025-03-21T10:54:33.119855,Germany,Europe,Traton,Unknown,EUR,investpy,,,,,,,,,,,,,,,,,,,,,,,,,,,,,1
RSER,2025-03-21T10:54:33.119855,United Kingdom,Europe,REL,Unknown,GBP,investpy,,,,,,,,,,,,,,,,,,,,,,,,,,,,,1
FSV,2025-03-21T10:54:33.165334,United Kingdom,Europe,Fidelity Special,Unknown,GBP,investpy,,,,,,,,,,,,,,,,,,,,,,,,,,,,,1
RUSHF,2025-03-21T10:54:33.228664,Finland,Europe,Rush Factory,Unknown,EUR,investpy,,,,,,,,,,,,,,,,,,,,,,,,,,,,,1
CRBHO,2025-03-21T10:54:33.339537,Spain,Europe,Cerbium,Unknown,EUR,investpy,,,,,,,,,,,,,,,,,,,,,,,,,,,,,1
ALEZV,2025-03-21T10:54:33.384698,France,Europe,Easyvista,Unknown,EUR,investpy,,,,,,,,,,,,,,,,,,,,,,,,,,,,,1
VOGr,2025-03-21T10:54:33.399929,Greece,Europe,Vogiatzoglou Systems R,Unknown,EUR,investpy,,,,,,,,,,,,,,,,,,,,,,,,,,,,,1
UTX,2025-03-21T10:54:33.399929,Switzerland,Europe,United Technologies,Unknown,CHF,investpy,,,,,,,,,,,,,,,,,,,,,,,,,,,,,1
ISRGE,2025-03-21T10:54:33.415460,Austria,Europe,Intuitive Surgical,Unknown,EUR,investpy,,,,,,,,,,,,,,,,,,,,,,,,,,,,,1
XTR,2025-03-21T10:54:33.447173,United Kingdom,Europe,Xtract Resources,Unknown,GBP,investpy,,,,,,,,,,,,,,,,,,,,,,,,,,,,,1
OSSR,2025-03-21T10:54:33.463172,Denmark,Europe,Ossur,Unknown,DKK,investpy,,,,,,,,,,,,,,,,,,,,,,,,,,,,,1
SENZA,2025-03-21T10:54:33.510519,Sweden,Europe,SenzaGen,Unknown,SEK,investpy,,,,,,,,,,,,,,,,,,,,,,,,,,,,,1
YMRE,2025-03-21T10:54:33.713421,Spain,Europe,Meridia RE III,Unknown,EUR,investpy,,,,,,,,,,,,,,,,,,,,,,,,,,,,,1
SOWGn,2025-03-21T10:54:33.728604,Germany,Europe,Software AG,Unknown,EUR,investpy,,,,,,,,,,,,,,,,,,,,,,,,,,,,,1
ENS,2025-03-21T10:54:33.728604,Germany,Europe,Enersys,Unknown,EUR,investpy,,,,,,,,,,,,,,,,,,,,,,,,,,,,,1
TOM,2025-03-21T10:54:33.728604,Norway,Europe,Tomra Systems,Unknown,NOK,investpy,,,,,,,,,,,,,,,,,,,,,,,,,,,,,1
ACX,2025-03-21T10:54:33.728604,Spain,Europe,Acerinox,Unknown,EUR,investpy,,,,,,,,,,,,,,,,,,,,,,,,,,,,,1
MAERSKb,2025-03-21T10:54:33.759438,Denmark,Europe,Moller Maersk B,Unknown,DKK,investpy,,,,,,,,,,,,,,,,,,,,,,,,,,,,,1
BMWG,2025-03-21T10:54:33.838591,Germany,Europe,BMW ST,Unknown,EUR,investpy,,,,,,,,,,,,,,,,,,,,,,,,,,,,,1
DGV,2025-03-21T10:54:33.838591,Italy,Europe,Digital Value,Unknown,EUR,investpy,,,,,,,,,,,,,,,,,,,,,,,,,,,,,1
TL5,2025-03-21T10:54:33.995529,Spain,Europe,Mediaset,Unknown,EUR,investpy,,,,,,,,,,,,,,,,,,,,,,,,,,,,,1
NEWT,2025-03-21T10:54:34.010866,Belgium,Europe,Newtree,Unknown,EUR,investpy,,,,,,,,,,,,,,,,,,,,,,,,,,,,,1
PEG,2025-03-21T10:54:34.026894,Germany,Europe,Public Service Enterprise,Unknown,EUR,investpy,,,,,,,,,,,,,,,,,,,,,,,,,,,,,1
LIVIH,2025-03-21T10:54:34.089092,Sweden,Europe,Liv ihop,Unknown,SEK,investpy,,,,,,,,,,,,,,,,,,,,,,,,,,,,,1
CTNGk,2025-03-21T10:54:34.089092,Germany,Europe,Centrotherm,Unknown,EUR,investpy,,,,,,,,,,,,,,,,,,,,,,,,,,,,,1
QTCOM,2025-03-21T10:54:34.105086,Finland,Europe,Qt,Unknown,EUR,investpy,,,,,,,,,,,,,,,,,,,,,,,,,,,,,1
PDG,2025-03-21T10:54:34.105086,United Kingdom,Europe,Pendragon,Unknown,GBP,investpy,,,,,,,,,,,,,,,,,,,,,,,,,,,,,1
UTDI,2025-03-21T10:54:34.168215,Switzerland,Europe,United Internet AG,Unknown,CHF,investpy,,,,,,,,,,,,,,,,,,,,,,,,,,,,,1
ALWIT,2025-03-21T10:54:34.325824,France,Europe,Witbe Net,Unknown,EUR,investpy,,,,,,,,,,,,,,,,,,,,,,,,,,,,,1
WPL,2025-03-21T10:54:34.340849,Germany,Europe,Woodside Petroleum,Unknown,EUR,investpy,,,,,,,,,,,,,,,,,,,,,,,,,,,,,1
PFD,2025-03-21T10:54:34.340849,United Kingdom,Europe,Premier Foods,Unknown,GBP,investpy,,,,,,,,,,,,,,,,,,,,,,,,,,,,,1
GAV,2025-03-21T10:54:34.356411,Switzerland,Europe,Carlo Gavazzi Holding AG,Unknown,CHF,investpy,,,,,,,,,,,,,,,,,,,,,,,,,,,,,1
MKS,2025-03-21T10:54:34.388411,United Kingdom,Europe,Marks & Spencer,Unknown,GBP,investpy,,,,,,,,,,,,,,,,,,,,,,,,,,,,,1
PST,2025-03-21T10:54:34.404475,Italy,Europe,Poste Italiane,Unknown,EUR,investpy,,,,,,,,,,,,,,,,,,,,,,,,,,,,,1
SFAr,2025-03-21T10:54:34.435984,Greece,Europe,Sfakianakis R,Unknown,EUR,investpy,,,,,,,,,,,,,,,,,,,,,,,,,,,,,1
ORNAV,2025-03-21T10:54:34.468041,Finland,Europe,Orion Oyj A,Unknown,EUR,investpy,,,,,,,,,,,,,,,,,,,,,,,,,,,,,1
LAM,2025-03-21T10:54:34.625398,United Kingdom,Europe,Lamprell,Unknown,GBP,investpy,,,,,,,,,,,,,,,,,,,,,,,,,,,,,1
LLOY,2025-03-21T10:54:34.641399,Switzerland,Europe,Lloyds Banking,Unknown,CHF,investpy,,,,,,,,,,,,,,,,,,,,,,,,,,,,,1
BBN1,2025-03-21T10:54:34.641399,Germany,Europe,The Blackstone,Unknown,EUR,investpy,,,,,,,,,,,,,,,,,,,,,,,,,,,,,1
DBPHAb,2025-03-21T10:54:34.673399,Sweden,Europe,Double Bond Pharma,Unknown,SEK,investpy,,,,,,,,,,,,,,,,,,,,,,,,,,,,,1
EURA,2025-03-21T10:54:34.720695,Germany,Europe,Eurazeo,Unknown,EUR,investpy,,,,,,,,,,,,,,,,,,,,,,,,,,,,,1
AM3D,2025-03-21T10:54:34.752696,Austria,Europe,SLM Solutions,Unknown,EUR,investpy,,,,,,,,,,,,,,,,,,,,,,,,,,,,,1
WXFB,2025-03-21T10:54:34.768696,Austria,Europe,Warimpex Ag,Unknown,EUR,investpy,,,,,,,,,,,,,,,,,,,,,,,,,,,,,1
CADNi,2025-03-21T10:54:34.816194,France,Europe,CRCAM Nord,Unknown,EUR,investpy,,,,,,,,,,,,,,,,,,,,,,,,,,,,,1
WOLS,2025-03-21T10:54:34.911702,Belgium,Europe,Association des Commercants,Unknown,EUR,investpy,,,,,,,,,,,,,,,,,,,,,,,,,,,,,1
BOR,2025-03-21T10:54:34.927707,Norway,Europe,Borgestad A,Unknown,NOK,investpy,,,,,,,,,,,,,,,,,,,,,,,,,,,,,1
BIOG,2025-03-21T10:54:34.974707,Germany,Europe,Biotest AG ST,Unknown,EUR,investpy,,,,,,,,,,,,,,,,,,,,,,,,,,,,,1
ELUXa,2025-03-21T10:54:35.006710,Sweden,Europe,Electrolux A,Unknown,SEK,investpy,,,,,,,,,,,,,,,,,,,,,,,,,,,,,1
EUWT,2025-03-21T10:54:35.070224,Spain,Europe,Eurona Wireless Telecom S.A.,Unknown,EUR,investpy,,,,,,,,,,,,,,,,,,,,,,,,,,,,,1
PARG,2025-03-21T10:54:35.070224,Switzerland,Europe,Pargesa I,Unknown,CHF,investpy,,,,,,,,,,,,,,,,,,,,,,,,,,,,,1
DMSP,2025-03-21T10:54:35.117789,France,Europe,Diagnostic Medical,Unknown,EUR,investpy,,,,,,,,,,,,,,,,,,,,,,,,,,,,,1
IMPA,2025-03-21T10:54:35.181787,Portugal,Europe,Impresa,Unknown,EUR,investpy,,,,,,,,,,,,,,,,,,,,,,,,,,,,,1
CRAYON,2025-03-21T10:54:35.245303,Norway,Europe,Crayon,Unknown,NOK,investpy,,,,,,,,,,,,,,,,,,,,,,,,,,,,,1
IRONI,2025-03-21T10:54:35.277302,United Kingdom,Europe,Ironveld,Unknown,GBP,investpy,,,,,,,,,,,,,,,,,,,,,,,,,,,,,1
ITS,2025-03-21T10:54:35.309308,France,Europe,ITS Group,Unknown,EUR,investpy,,,,,,,,,,,,,,,,,,,,,,,,,,,,,1
ASCr,2025-03-21T10:54:35.324820,Greece,Europe,AS Company,Unknown,EUR,investpy,,,,,,,,,,,,,,,,,,,,,,,,,,,,,1
COLOb,2025-03-21T10:54:35.340822,Switzerland,Europe,Coloplast,Unknown,CHF,investpy,,,,,,,,,,,,,,,,,,,,,,,,,,,,,1
EVRY,2025-03-21T10:54:35.355821,Norway,Europe,EVRY,Unknown,NOK,investpy,,,,,,,,,,,,,,,,,,,,,,,,,,,,,1
BSTA,2025-03-21T10:54:35.451338,Italy,Europe,Banca Sistema Spa,Unknown,EUR,investpy,,,,,,,,,,,,,,,,,,,,,,,,,,,,,1
GWMO,2025-03-21T10:54:35.451338,Ireland,Europe,Great Western Mining,Unknown,EUR,investpy,,,,,,,,,,,,,,,,,,,,,,,,,,,,,1
CWCG,2025-03-21T10:54:35.529851,Austria,Europe,Cewe Color,Unknown,EUR,investpy,,,,,,,,,,,,,,,,,,,,,,,,,,,,,1
AMD,2025-03-21T10:54:35.545955,Germany,Europe,AMD,Unknown,EUR,investpy,,,,,,,,,,,,,,,,,,,,,,,,,,,,,1
PQ,2025-03-21T10:54:35.609610,Italy,Europe,Piquadro,Unknown,EUR,investpy,,,,,,,,,,,,,,,,,,,,,,,,,,,,,1
IC2,2025-03-21T10:54:35.625158,Germany,Europe,ICE,Unknown,EUR,investpy,,,,,,,,,,,,,,,,,,,,,,,,,,,,,1
AIRN,2025-03-21T10:54:35.655790,Switzerland,Europe,Airopack Tech Group AG,Unknown,CHF,investpy,,,,,,,,,,,,,,,,,,,,,,,,,,,,,1
ALPER,2025-03-21T10:54:35.671822,France,Europe,La Perla,Unknown,EUR,investpy,,,,,,,,,,,,,,,,,,,,,,,,,,,,,1
BBA,2025-03-21T10:54:35.719318,United Kingdom,Europe,BBA Aviation,Unknown,GBP,investpy,,,,,,,,,,,,,,,,,,,,,,,,,,,,,1
MUUSD,2025-03-21T10:54:35.799549,Switzerland,Europe,Micron,Unknown,USD,investpy,,,,,,,,,,,,,,,,,,,,,,,,,,,,,1
TVDGk,2025-03-21T10:54:35.863062,Germany,Europe,Travel24.Com AG,Unknown,EUR,investpy,,,,,,,,,,,,,,,,,,,,,,,,,,,,,1
AEDAy,2025-03-21T10:54:35.894326,Germany,Europe,Grupo Aeroportuario Sureste ADR,Unknown,EUR,investpy,,,,,,,,,,,,,,,,,,,,,,,,,,,,,1
NYFO,2025-03-21T10:54:35.940959,Sweden,Europe,Nyfosa,Unknown,SEK,investpy,,,,,,,,,,,,,,,,,,,,,,,,,,,,,1
MLIML,2025-03-21T10:54:35.940959,France,Europe,Imalliance,Unknown,EUR,investpy,,,,,,,,,,,,,,,,,,,,,,,,,,,,,1
PHAR,2025-03-21T10:54:36.004741,Netherlands,Europe,Pharming Group,Unknown,EUR,investpy,,,,,,,,,,,,,,,,,,,,,,,,,,,,,1
KOFy,2025-03-21T10:54:36.020878,Germany,Europe,Coca Cola Femsa ADR,Unknown,EUR,investpy,,,,,,,,,,,,,,,,,,,,,,,,,,,,,1
WEN,2025-03-21T10:54:36.036388,United Kingdom,Europe,Wentworth,Unknown,GBP,investpy,,,,,,,,,,,,,,,,,,,,,,,,,,,,,1
RACE,2025-03-21T10:54:36.132532,Italy,Europe,Ferrari NV,Unknown,EUR,investpy,,,,,,,,,,,,,,,,,,,,,,,,,,,,,1
HOLMb,2025-03-21T10:54:36.163394,Sweden,Europe,Holmen,Unknown,SEK,investpy,,,,,,,,,,,,,,,,,,,,,,,,,,,,,1
DALI,2025-03-21T10:54:36.240823,Switzerland,Europe,Delta Air Lines,Unknown,CHF,investpy,,,,,,,,,,,,,,,,,,,,,,,,,,,,,1
ZILGn,2025-03-21T10:54:36.271473,Germany,Europe,Elringklinger AG,Unknown,EUR,investpy,,,,,,,,,,,,,,,,,,,,,,,,,,,,,1
ENER,2025-03-21T10:54:36.287472,Italy,Europe,Enertronica,Unknown,EUR,investpy,,,,,,,,,,,,,,,,,,,,,,,,,,,,,1
KAKEL,2025-03-21T10:54:36.287472,Sweden,Europe,Kakel Max,Unknown,SEK,investpy,,,,,,,,,,,,,,,,,,,,,,,,,,,,,1
OMNIC,2025-03-21T10:54:36.382697,Sweden,Europe,OmniCar,Unknown,SEK,investpy,,,,,,,,,,,,,,,,,,,,,,,,,,,,,1
PSN,2025-03-21T10:54:36.382697,United Kingdom,Europe,Persimmon,Unknown,GBP,investpy,,,,,,,,,,,,,,,,,,,,,,,,,,,,,1
AF,2025-03-21T10:54:36.398722,Italy,Europe,Air France KLM,Unknown,EUR,investpy,,,,,,,,,,,,,,,,,,,,,,,,,,,,,1
HEIGEUR,2025-03-21T10:54:36.430232,Switzerland,Europe,Heidelbergcement,Unknown,EUR,investpy,,,,,,,,,,,,,,,,,,,,,,,,,,,,,1
GAPWb,2025-03-21T10:54:36.510236,Sweden,Europe,Gapwaves AB,Unknown,SEK,investpy,,,,,,,,,,,,,,,,,,,,,,,,,,,,,1
JM,2025-03-21T10:54:36.557795,Sweden,Europe,JM AB,Unknown,SEK,investpy,,,,,,,,,,,,,,,,,,,,,,,,,,,,,1
PROVIT,2025-03-21T10:54:36.605916,Sweden,Europe,Provide IT Sweden,Unknown,SEK,investpy,,,,,,,,,,,,,,,,,,,,,,,,,,,,,1
CBUY,2025-03-21T10:54:36.605916,United Kingdom,Europe,Cloudbuy PLC,Unknown,GBP,investpy,,,,,,,,,,,,,,,,,,,,,,,,,,,,,1
CSHG,2025-03-21T10:54:36.653487,Germany,Europe,Cenit AG,Unknown,EUR,investpy,,,,,,,,,,,,,,,,,,,,,,,,,,,,,1
ORP,2025-03-21T10:54:36.685484,France,Europe,Orpea,Unknown,EUR,investpy,,,,,,,,,,,,,,,,,,,,,,,,,,,,,1
CTSH,2025-03-21T10:54:36.764105,Germany,Europe,Cognizant A,Unknown,EUR,investpy,,,,,,,,,,,,,,,,,,,,,,,,,,,,,1
EPGT,2025-03-21T10:54:36.779105,United Kingdom,Europe,EP Global,Unknown,GBP,investpy,,,,,,,,,,,,,,,,,,,,,,,,,,,,,1
TSEC,2025-03-21T10:54:36.857623,Sweden,Europe,Tempest Security,Unknown,SEK,investpy,,,,,,,,,,,,,,,,,,,,,,,,,,,,,1
AST,2025-03-21T10:54:36.873622,Italy,Europe,Astaldi,Unknown,EUR,investpy,,,,,,,,,,,,,,,,,,,,,,,,,,,,,1
TOHN,2025-03-21T10:54:36.889622,Switzerland,Europe,Tornos,Unknown,CHF,investpy,,,,,,,,,,,,,,,,,,,,,,,,,,,,,1
LNRE,2025-03-21T10:54:36.969251,Belgium,Europe,Leasinvest,Unknown,EUR,investpy,,,,,,,,,,,,,,,,,,,,,,,,,,,,,1
SBOE,2025-03-21T10:54:37.001298,Switzerland,Europe,Schoeller-Bleckmann AG,Unknown,CHF,investpy,,,,,,,,,,,,,,,,,,,,,,,,,,,,,1
NIO,2025-03-21T10:54:37.017390,Sweden,Europe,Nordic Iron Ore,Unknown,SEK,investpy,,,,,,,,,,,,,,,,,,,,,,,,,,,,,1
HPOLb,2025-03-21T10:54:37.081501,Sweden,Europe,HEXPOL B,Unknown,SEK,investpy,,,,,,,,,,,,,,,,,,,,,,,,,,,,,1
STL,2025-03-21T10:54:37.096720,Switzerland,Europe,Equinor,Unknown,CHF,investpy,,,,,,,,,,,,,,,,,,,,,,,,,,,,,1
PITE,2025-03-21T10:54:37.190159,Italy,Europe,PiteCo SpA,Unknown,EUR,investpy,,,,,,,,,,,,,,,,,,,,,,,,,,,,,1
RCP,2025-03-21T10:54:37.190159,United Kingdom,Europe,RIT Capital,Unknown,GBP,investpy,,,,,,,,,,,,,,,,,,,,,,,,,,,,,1
ZALG,2025-03-21T10:54:37.205698,Switzerland,Europe,Zalando SE,Unknown,CHF,investpy,,,,,,,,,,,,,,,,,,,,,,,,,,,,,1
SIG,2025-03-21T10:54:37.285000,Germany,Europe,Signet Jewelers,Unknown,EUR,investpy,,,,,,,,,,,,,,,,,,,,,,,,,,,,,1
HITy,2025-03-21T10:54:37.301076,Germany,Europe,Hitachi ADR,Unknown,EUR,investpy,,,,,,,,,,,,,,,,,,,,,,,,,,,,,1
TEAM,2025-03-21T10:54:37.331742,Norway,Europe,Team Tankers International Ltd,Unknown,NOK,investpy,,,,,,,,,,,,,,,,,,,,,,,,,,,,,1
AFGNOK,2025-03-21T10:54:37.363786,Sweden,Europe,Af Gruppen,Unknown,NOK,investpy,,,,,,,,,,,,,,,,,,,,,,,,,,,,,1
CPHN,2025-03-21T10:54:37.379819,Switzerland,Europe,CPH Chemie und Papier Holding,Unknown,CHF,investpy,,,,,,,,,,,,,,,,,,,,,,,,,,,,,1
SECS,2025-03-21T10:54:37.457920,Sweden,Europe,Sensec,Unknown,SEK,investpy,,,,,,,,,,,,,,,,,,,,,,,,,,,,,1
ELO1,2025-03-21T10:54:37.552015,Germany,Europe,Eldorado Gold,Unknown,EUR,investpy,,,,,,,,,,,,,,,,,,,,,,,,,,,,,1
TIRU,2025-03-21T10:54:37.568050,United Kingdom,Europe,Tiger,Unknown,GBP,investpy,,,,,,,,,,,,,,,,,,,,,,,,,,,,,1
STRONG,2025-03-21T10:54:37.583428,Norway,Europe,Strongpoint,Unknown,NOK,investpy,,,,,,,,,,,,,,,,,,,,,,,,,,,,,1
ABSLC,2025-03-21T10:54:37.583428,Sweden,Europe,Absolicon Solar Collector,Unknown,SEK,investpy,,,,,,,,,,,,,,,,,,,,,,,,,,,,,1
FFARM,2025-03-21T10:54:37.646674,Netherlands,Europe,ForFarmers,Unknown,EUR,investpy,,,,,,,,,,,,,,,,,,,,,,,,,,,,,1
SEMC,2025-03-21T10:54:37.724520,Sweden,Europe,Semcon AB,Unknown,SEK,investpy,,,,,,,,,,,,,,,,,,,,,,,,,,,,,1
JINNOK,2025-03-21T10:54:37.740554,Sweden,Europe,Jinhui Shipping,Unknown,NOK,investpy,,,,,,,,,,,,,,,,,,,,,,,,,,,,,1
ALGBE,2025-03-21T10:54:37.772221,France,Europe,Glob Bioenergi,Unknown,EUR,investpy,,,,,,,,,,,,,,,,,,,,,,,,,,,,,1
JNPR,2025-03-21T10:54:37.819292,Germany,Europe,Juniper,Unknown,EUR,investpy,,,,,,,,,,,,,,,,,,,,,,,,,,,,,1
CEXAy,2025-03-21T10:54:37.898291,Germany,Europe,Cemex ADR,Unknown,EUR,investpy,,,,,,,,,,,,,,,,,,,,,,,,,,,,,1
SACP,2025-03-21T10:54:37.898291,France,Europe,Fiducial Office,Unknown,EUR,investpy,,,,,,,,,,,,,,,,,,,,,,,,,,,,,1
LECO,2025-03-21T10:54:37.929433,Germany,Europe,Lincoln Electrics,Unknown,EUR,investpy,,,,,,,,,,,,,,,,,,,,,,,,,,,,,1
JCQ,2025-03-21T10:54:38.007752,France,Europe,Jacquet Metal,Unknown,EUR,investpy,,,,,,,,,,,,,,,,,,,,,,,,,,,,,1
CWCG,2025-03-21T10:54:38.023770,Germany,Europe,Cewe Color,Unknown,EUR,investpy,,,,,,,,,,,,,,,,,,,,,,,,,,,,,1
KAMUX,2025-03-21T10:54:38.038767,Finland,Europe,Kamux Suomi,Unknown,EUR,investpy,,,,,,,,,,,,,,,,,,,,,,,,,,,,,1
ERM,2025-03-21T10:54:38.102848,United Kingdom,Europe,Euromoney,Unknown,GBP,investpy,,,,,,,,,,,,,,,,,,,,,,,,,,,,,1
BURF,2025-03-21T10:54:38.165136,United Kingdom,Europe,Burford,Unknown,GBP,investpy,,,,,,,,,,,,,,,,,,,,,,,,,,,,,1
THINNOK,2025-03-21T10:54:38.180424,Sweden,Europe,Thin Film Electronics ASA,Unknown,NOK,investpy,,,,,,,,,,,,,,,,,,,,,,,,,,,,,1
CLBIO,2025-03-21T10:54:38.243251,Sweden,Europe,Corline Biomedical AB,Unknown,SEK,investpy,,,,,,,,,,,,,,,,,,,,,,,,,,,,,1
MIDWa,2025-03-21T10:54:38.275233,Sweden,Europe,Midway Holding A,Unknown,SEK,investpy,,,,,,,,,,,,,,,,,,,,,,,,,,,,,1
MOWI,2025-03-21T10:54:38.290784,Norway,Europe,Marine Harvest,Unknown,NOK,investpy,,,,,,,,,,,,,,,,,,,,,,,,,,,,,1
CSGG,2025-03-21T10:54:38.369481,Germany,Europe,China Specialty Glass AG,Unknown,EUR,investpy,,,,,,,,,,,,,,,,,,,,,,,,,,,,,1
MLFDV,2025-03-21T10:54:38.369481,France,Europe,Franck Deville SA,Unknown,EUR,investpy,,,,,,,,,,,,,,,,,,,,,,,,,,,,,1
DPWGn,2025-03-21T10:54:38.447655,Switzerland,Europe,Deutsche Post,Unknown,CHF,investpy,,,,,,,,,,,,,,,,,,,,,,,,,,,,,1
CLINEb,2025-03-21T10:54:38.447655,Sweden,Europe,Cline Scientific AB,Unknown,SEK,investpy,,,,,,,,,,,,,,,,,,,,,,,,,,,,,1
HEIN,2025-03-21T10:54:38.479515,Netherlands,Europe,Heineken,Unknown,EUR,investpy,,,,,,,,,,,,,,,,,,,,,,,,,,,,,1
BYWG,2025-03-21T10:54:38.542849,Germany,Europe,Baywa AG,Unknown,EUR,investpy,,,,,,,,,,,,,,,,,,,,,,,,,,,,,1
CBSM,2025-03-21T10:54:38.558712,France,Europe,SCBSM,Unknown,EUR,investpy,,,,,,,,,,,,,,,,,,,,,,,,,,,,,1
MA,2025-03-21T10:54:38.621028,Austria,Europe,Mastercard,Unknown,EUR,investpy,,,,,,,,,,,,,,,,,,,,,,,,,,,,,1
LM,2025-03-21T10:54:38.652264,Germany,Europe,Legg Mason,Unknown,EUR,investpy,,,,,,,,,,,,,,,,,,,,,,,,,,,,,1
EDP,2025-03-21T10:54:38.667376,Portugal,Europe,EDP,Unknown,EUR,investpy,,,,,,,,,,,,,,,,,,,,,,,,,,,,,1
IKGn,2025-03-21T10:54:38.794339,Italy,Europe,Intek RSP,Unknown,EUR,investpy,,,,,,,,,,,,,,,,,,,,,,,,,,,,,1
SFCC,2025-03-21T10:54:38.810413,Switzerland,Europe,SF Commercial Properties Fund,Unknown,CHF,investpy,,,,,,,,,,,,,,,,,,,,,,,,,,,,,1
DRLCO,2025-03-21T10:54:38.826272,Denmark,Europe,Maersk Drilling,Unknown,DKK,investpy,,,,,,,,,,,,,,,,,,,,,,,,,,,,,1
ADMr,2025-03-21T10:54:38.842306,Greece,Europe,Holding Company ADMIE,Unknown,EUR,investpy,,,,,,,,,,,,,,,,,,,,,,,,,,,,,1
RUBF,2025-03-21T10:54:38.935834,France,Europe,Rubis,Unknown,EUR,investpy,,,,,,,,,,,,,,,,,,,,,,,,,,,,,1
ATSV,2025-03-21T10:54:38.935834,Austria,Europe,At&S Austria,Unknown,EUR,investpy,,,,,,,,,,,,,,,,,,,,,,,,,,,,,1
KEKr,2025-03-21T10:54:38.997786,Greece,Europe,Kekrops,Unknown,EUR,investpy,,,,,,,,,,,,,,,,,,,,,,,,,,,,,1
COSG,2025-03-21T10:54:39.028159,United Kingdom,Europe,Costain,Unknown,GBP,investpy,,,,,,,,,,,,,,,,,,,,,,,,,,,,,1
INME,2025-03-21T10:54:39.106055,Ireland,Europe,Independent News,Unknown,EUR,investpy,,,,,,,,,,,,,,,,,,,,,,,,,,,,,1
KU2G,2025-03-21T10:54:39.137625,Germany,Europe,Kuka AG,Unknown,EUR,investpy,,,,,,,,,,,,,,,,,,,,,,,,,,,,,1
LNA,2025-03-21T10:54:39.137625,France,Europe,Le Noble Age,Unknown,EUR,investpy,,,,,,,,,,,,,,,,,,,,,,,,,,,,,1
MNKS,2025-03-21T10:54:39.200864,United Kingdom,Europe,Monks,Unknown,GBP,investpy,,,,,,,,,,,,,,,,,,,,,,,,,,,,,1
ABT,2025-03-21T10:54:39.247523,Germany,Europe,Abbott Labs,Unknown,EUR,investpy,,,,,,,,,,,,,,,,,,,,,,,,,,,,,1
TLW,2025-03-21T10:54:39.263608,United Kingdom,Europe,Tullow Oil,Unknown,GBP,investpy,,,,,,,,,,,,,,,,,,,,,,,,,,,,,1
NOV,2025-03-21T10:54:39.310659,Germany,Europe,National Oilwell Varco,Unknown,EUR,investpy,,,,,,,,,,,,,,,,,,,,,,,,,,,,,1
ARCT,2025-03-21T10:54:39.357097,Sweden,Europe,Arctic Gold Publ AB,Unknown,SEK,investpy,,,,,,,,,,,,,,,,,,,,,,,,,,,,,1
BR,2025-03-21T10:54:39.419363,Germany,Europe,Broadridge,Unknown,EUR,investpy,,,,,,,,,,,,,,,,,,,,,,,,,,,,,1
TR1,2025-03-21T10:54:39.467103,Spain,Europe,Tier1,Unknown,EUR,investpy,,,,,,,,,,,,,,,,,,,,,,,,,,,,,1
HAVb,2025-03-21T10:54:39.467103,Sweden,Europe,Havsfrun Investment,Unknown,SEK,investpy,,,,,,,,,,,,,,,,,,,,,,,,,,,,,1
NOVN,2025-03-21T10:54:39.562016,Switzerland,Europe,Novartis,Unknown,CHF,investpy,,,,,,,,,,,,,,,,,,,,,,,,,,,,,1
ARYN,2025-03-21T10:54:39.577205,Switzerland,Europe,Aryzta,Unknown,CHF,investpy,,,,,,,,,,,,,,,,,,,,,,,,,,,,,1
COCA,2025-03-21T10:54:39.577205,Germany,Europe,Coca-Cola Amatil,Unknown,EUR,investpy,,,,,,,,,,,,,,,,,,,,,,,,,,,,,1
TGTG,2025-03-21T10:54:39.607451,Germany,Europe,11 88 0 Solutions,Unknown,EUR,investpy,,,,,,,,,,,,,,,,,,,,,,,,,,,,,1
LFDE,2025-03-21T10:54:39.714353,France,Europe,La Francaise de l'Energie,Unknown,EUR,investpy,,,,,,,,,,,,,,,,,,,,,,,,,,,,,1
BKWB,2025-03-21T10:54:39.746405,Switzerland,Europe,BKW AG,Unknown,CHF,investpy,,,,,,,,,,,,,,,,,,,,,,,,,,,,,1
ZG,2025-03-21T10:54:39.794452,Switzerland,Europe,Zuger Kantonalbank,Unknown,CHF,investpy,,,,,,,,,,,,,,,,,,,,,,,,,,,,,1
CELL,2025-03-21T10:54:39.856624,Italy,Europe,Cellularline,Unknown,EUR,investpy,,,,,,,,,,,,,,,,,,,,,,,,,,,,,1
AAHG,2025-03-21T10:54:39.856624,Germany,Europe,Ahlers,Unknown,EUR,investpy,,,,,,,,,,,,,,,,,,,,,,,,,,,,,1
MALAR,2025-03-21T10:54:39.903790,Sweden,Europe,Malarasen,Unknown,SEK,investpy,,,,,,,,,,,,,,,,,,,,,,,,,,,,,1
SHLF,2025-03-21T10:54:39.934108,Norway,Europe,Shelf Drilling,Unknown,NOK,investpy,,,,,,,,,,,,,,,,,,,,,,,,,,,,,1
1COV,2025-03-21T10:54:39.934108,Switzerland,Europe,Covestro,Unknown,CHF,investpy,,,,,,,,,,,,,,,,,,,,,,,,,,,,,1
V,2025-03-21T10:54:40.061707,Switzerland,Europe,Visa A,Unknown,CHF,investpy,,,,,,,,,,,,,,,,,,,,,,,,,,,,,1
KEYW,2025-03-21T10:54:40.061707,Belgium,Europe,Keyware Tech,Unknown,EUR,investpy,,,,,,,,,,,,,,,,,,,,,,,,,,,,,1
KOMPBK,2025-03-21T10:54:40.076938,Norway,Europe,Komplett Bank,Unknown,NOK,investpy,,,,,,,,,,,,,,,,,,,,,,,,,,,,,1
ADAPT,2025-03-21T10:54:40.123155,Sweden,Europe,Adapteo,Unknown,SEK,investpy,,,,,,,,,,,,,,,,,,,,,,,,,,,,,1
LOOK,2025-03-21T10:54:40.138155,United Kingdom,Europe,Lookers,Unknown,GBP,investpy,,,,,,,,,,,,,,,,,,,,,,,,,,,,,1
PL6,2025-03-21T10:54:40.232610,Germany,Europe,Polaris Industries,Unknown,EUR,investpy,,,,,,,,,,,,,,,,,,,,,,,,,,,,,1
SOI,2025-03-21T10:54:40.264170,United Kingdom,Europe,Schroder Oriental,Unknown,GBP,investpy,,,,,,,,,,,,,,,,,,,,,,,,,,,,,1
NAVYA,2025-03-21T10:54:40.280190,France,Europe,Navya,Unknown,EUR,investpy,,,,,,,,,,,,,,,,,,,,,,,,,,,,,1
SRSP,2025-03-21T10:54:40.327764,United Kingdom,Europe,Sirius Petroleum,Unknown,GBP,investpy,,,,,,,,,,,,,,,,,,,,,,,,,,,,,1
ICAG,2025-03-21T10:54:40.390537,United Kingdom,Europe,IAG,Unknown,GBP,investpy,,,,,,,,,,,,,,,,,,,,,,,,,,,,,1
VACN,2025-03-21T10:54:40.406205,Switzerland,Europe,VAT Group,Unknown,CHF,investpy,,,,,,,,,,,,,,,,,,,,,,,,,,,,,1
DOTD,2025-03-21T10:54:40.422255,United Kingdom,Europe,Dotdigital,Unknown,GBP,investpy,,,,,,,,,,,,,,,,,,,,,,,,,,,,,1
ASMI,2025-03-21T10:54:40.437561,Netherlands,Europe,ASM,Unknown,EUR,investpy,,,,,,,,,,,,,,,,,,,,,,,,,,,,,1
UPSALE,2025-03-21T10:54:40.515388,Sweden,Europe,Upsales Tech,Unknown,SEK,investpy,,,,,,,,,,,,,,,,,,,,,,,,,,,,,1
G1AG,2025-03-21T10:54:40.546778,Switzerland,Europe,GEA Group AG,Unknown,CHF,investpy,,,,,,,,,,,,,,,,,,,,,,,,,,,,,1
EDIN,2025-03-21T10:54:40.593527,United Kingdom,Europe,Edinburgh Investment,Unknown,GBP,investpy,,,,,,,,,,,,,,,,,,,,,,,,,,,,,1
SHB,2025-03-21T10:54:40.625069,United Kingdom,Europe,Shaftesbury,Unknown,GBP,investpy,,,,,,,,,,,,,,,,,,,,,,,,,,,,,1
NNVDA,2025-03-21T10:54:40.767216,Italy,Europe,NVIDIA,Unknown,EUR,investpy,,,,,,,,,,,,,,,,,,,,,,,,,,,,,1
COREa,2025-03-21T10:54:40.767216,Sweden,Europe,Corem Property,Unknown,SEK,investpy,,,,,,,,,,,,,,,,,,,,,,,,,,,,,1
CXEN,2025-03-21T10:54:40.783231,Norway,Europe,Cxense,Unknown,NOK,investpy,,,,,,,,,,,,,,,,,,,,,,,,,,,,,1
GPROUSD,2025-03-21T10:54:40.798410,Switzerland,Europe,GoPro Inc,Unknown,USD,investpy,,,,,,,,,,,,,,,,,,,,,,,,,,,,,1
EOLUb,2025-03-21T10:54:40.798410,Sweden,Europe,Eolus Vind publ AB,Unknown,SEK,investpy,,,,,,,,,,,,,,,,,,,,,,,,,,,,,1
LSC,2025-03-21T10:54:40.908483,United Kingdom,Europe,London Security,Unknown,GBP,investpy,,,,,,,,,,,,,,,,,,,,,,,,,,,,,1
BINERO,2025-03-21T10:54:40.924284,Sweden,Europe,Oniva Online,Unknown,SEK,investpy,,,,,,,,,,,,,,,,,,,,,,,,,,,,,1
DANO,2025-03-21T10:54:41.003070,France,Europe,Danone,Unknown,EUR,investpy,,,,,,,,,,,,,,,,,,,,,,,,,,,,,1
TAST,2025-03-21T10:54:41.050315,United Kingdom,Europe,Tasty,Unknown,GBP,investpy,,,,,,,,,,,,,,,,,,,,,,,,,,,,,1
CTAS,2025-03-21T10:54:41.066319,Austria,Europe,Cintas,Unknown,EUR,investpy,,,,,,,,,,,,,,,,,,,,,,,,,,,,,1
AIXGn,2025-03-21T10:54:41.081789,Germany,Europe,Aixtron,Unknown,EUR,investpy,,,,,,,,,,,,,,,,,,,,,,,,,,,,,1
BALYO,2025-03-21T10:54:41.113558,France,Europe,Balyo,Unknown,EUR,investpy,,,,,,,,,,,,,,,,,,,,,,,,,,,,,1
FIPPG,2025-03-21T10:54:41.129599,United Kingdom,Europe,Frontier IP,Unknown,GBP,investpy,,,,,,,,,,,,,,,,,,,,,,,,,,,,,1
YSPS,2025-03-21T10:54:41.177090,Spain,Europe,Student Properties,Unknown,EUR,investpy,,,,,,,,,,,,,,,,,,,,,,,,,,,,,1
SALM,2025-03-21T10:54:41.255973,Norway,Europe,SalMar,Unknown,NOK,investpy,,,,,,,,,,,,,,,,,,,,,,,,,,,,,1
BNRGn,2025-03-21T10:54:41.287186,Germany,Europe,Brenntag AG,Unknown,EUR,investpy,,,,,,,,,,,,,,,,,,,,,,,,,,,,,1
ENERS,2025-03-21T10:54:41.350242,Sweden,Europe,Enersize,Unknown,SEK,investpy,,,,,,,,,,,,,,,,,,,,,,,,,,,,,1
DAL,2025-03-21T10:54:41.397289,Italy,Europe,Datalogic,Unknown,EUR,investpy,,,,,,,,,,,,,,,,,,,,,,,,,,,,,1
VIFN,2025-03-21T10:54:41.413293,Switzerland,Europe,Vifor Pharma,Unknown,CHF,investpy,,,,,,,,,,,,,,,,,,,,,,,,,,,,,1
MLMON,2025-03-21T10:54:41.428801,France,Europe,MonFinancier,Unknown,EUR,investpy,,,,,,,,,,,,,,,,,,,,,,,,,,,,,1
INSTAL,2025-03-21T10:54:41.428801,Sweden,Europe,Instalco Intressenter,Unknown,SEK,investpy,,,,,,,,,,,,,,,,,,,,,,,,,,,,,1
STAB,2025-03-21T10:54:41.475801,Austria,Europe,Stabilus,Unknown,EUR,investpy,,,,,,,,,,,,,,,,,,,,,,,,,,,,,1
KLR,2025-03-21T10:54:41.554018,United Kingdom,Europe,Keller,Unknown,GBP,investpy,,,,,,,,,,,,,,,,,,,,,,,,,,,,,1
FIS,2025-03-21T10:54:41.602023,Germany,Europe,Fidelity National Info,Unknown,EUR,investpy,,,,,,,,,,,,,,,,,,,,,,,,,,,,,1
OTELLO,2025-03-21T10:54:41.679980,Norway,Europe,Opera Software,Unknown,NOK,investpy,,,,,,,,,,,,,,,,,,,,,,,,,,,,,1
ELYA,2025-03-21T10:54:41.679980,Germany,Europe,G8 Education,Unknown,EUR,investpy,,,,,,,,,,,,,,,,,,,,,,,,,,,,,1
SOGNS,2025-03-21T10:54:41.695221,Norway,Europe,Sogn Sparebank,Unknown,NOK,investpy,,,,,,,,,,,,,,,,,,,,,,,,,,,,,1
AGATE,2025-03-21T10:54:41.710845,Denmark,Europe,Agat Ejendomme,Unknown,DKK,investpy,,,,,,,,,,,,,,,,,,,,,,,,,,,,,1
WEBO,2025-03-21T10:54:41.725976,Italy,Europe,Websolute,Unknown,EUR,investpy,,,,,,,,,,,,,,,,,,,,,,,,,,,,,1
SNH,2025-03-21T10:54:41.819731,Germany,Europe,Senior Housing Properties,Unknown,EUR,investpy,,,,,,,,,,,,,,,,,,,,,,,,,,,,,1
GSS,2025-03-21T10:54:41.835276,United Kingdom,Europe,Genesis Emerg Mkts,Unknown,GBP,investpy,,,,,,,,,,,,,,,,,,,,,,,,,,,,,1
HD,2025-03-21T10:54:41.962132,Austria,Europe,Home Depot,Unknown,EUR,investpy,,,,,,,,,,,,,,,,,,,,,,,,,,,,,1
PXD,2025-03-21T10:54:41.962132,Germany,Europe,Pioneer Natural,Unknown,EUR,investpy,,,,,,,,,,,,,,,,,,,,,,,,,,,,,1
HASE,2025-03-21T10:54:42.009047,United Kingdom,Europe,Hargreaves Services,Unknown,GBP,investpy,,,,,,,,,,,,,,,,,,,,,,,,,,,,,1
MMSFT,2025-03-21T10:54:42.057136,Italy,Europe,Microsoft,Unknown,EUR,investpy,,,,,,,,,,,,,,,,,,,,,,,,,,,,,1
LASP,2025-03-21T10:54:42.057136,Denmark,Europe,Lan og Spar Bank,Unknown,DKK,investpy,,,,,,,,,,,,,,,,,,,,,,,,,,,,,1
CMA,2025-03-21T10:54:42.073166,Germany,Europe,Comerica,Unknown,EUR,investpy,,,,,,,,,,,,,,,,,,,,,,,,,,,,,1
UNG,2025-03-21T10:54:42.120758,United Kingdom,Europe,Universe,Unknown,GBP,investpy,,,,,,,,,,,,,,,,,,,,,,,,,,,,,1
CFVT,2025-03-21T10:54:42.168106,Italy,Europe,Confinvest,Unknown,EUR,investpy,,,,,,,,,,,,,,,,,,,,,,,,,,,,,1
HYARD,2025-03-21T10:54:42.262088,Norway,Europe,Havyard Group ASA,Unknown,NOK,investpy,,,,,,,,,,,,,,,,,,,,,,,,,,,,,1
PAGR,2025-03-21T10:54:42.340080,Italy,Europe,Panariagroup,Unknown,EUR,investpy,,,,,,,,,,,,,,,,,,,,,,,,,,,,,1
UTG,2025-03-21T10:54:42.371018,United Kingdom,Europe,Unite,Unknown,GBP,investpy,,,,,,,,,,,,,,,,,,,,,,,,,,,,,1
EVTG,2025-03-21T10:54:42.386503,Austria,Europe,Evotec AG,Unknown,EUR,investpy,,,,,,,,,,,,,,,,,,,,,,,,,,,,,1
SWUT,2025-03-21T10:54:42.386503,Austria,Europe,SW Umwelttechnik Stoiser Wolschner,Unknown,EUR,investpy,,,,,,,,,,,,,,,,,,,,,,,,,,,,,1
S2ME,2025-03-21T10:54:42.386503,Sweden,Europe,S2Medical,Unknown,SEK,investpy,,,,,,,,,,,,,,,,,,,,,,,,,,,,,1
XBRANE,2025-03-21T10:54:42.433874,Sweden,Europe,Xbrane Biopharma,Unknown,SEK,investpy,,,,,,,,,,,,,,,,,,,,,,,,,,,,,1
TEVAy,2025-03-21T10:54:42.448856,Germany,Europe,Teva ADR,Unknown,EUR,investpy,,,,,,,,,,,,,,,,,,,,,,,,,,,,,1
PSF,2025-03-21T10:54:42.636586,Italy,Europe,Poligrafica S Faustino,Unknown,EUR,investpy,,,,,,,,,,,,,,,,,,,,,,,,,,,,,1
KIDNOK,2025-03-21T10:54:42.715358,Sweden,Europe,Kid ASA,Unknown,NOK,investpy,,,,,,,,,,,,,,,,,,,,,,,,,,,,,1
ENALYZ,2025-03-21T10:54:42.715876,Denmark,Europe,Enalyzer A/S,Unknown,DKK,investpy,,,,,,,,,,,,,,,,,,,,,,,,,,,,,1
SOU,2025-03-21T10:54:42.731182,United Kingdom,Europe,Sound Energy,Unknown,GBP,investpy,,,,,,,,,,,,,,,,,,,,,,,,,,,,,1
SKBG,2025-03-21T10:54:42.731182,Germany,Europe,Koenig&Bauer AG,Unknown,EUR,investpy,,,,,,,,,,,,,,,,,,,,,,,,,,,,,1
ABT,2025-03-21T10:54:42.731182,Switzerland,Europe,Abbott Labs,Unknown,CHF,investpy,,,,,,,,,,,,,,,,,,,,,,,,,,,,,1
PRSO,2025-03-21T10:54:42.762976,Norway,Europe,Prosafe,Unknown,NOK,investpy,,,,,,,,,,,,,,,,,,,,,,,,,,,,,1
LRE,2025-03-21T10:54:42.763158,United Kingdom,Europe,Lancashire,Unknown,GBP,investpy,,,,,,,,,,,,,,,,,,,,,,,,,,,,,1
PSHG_p,2025-03-21T10:54:42.951443,Germany,Europe,Porsche,Unknown,EUR,investpy,,,,,,,,,,,,,,,,,,,,,,,,,,,,,1
UBIP,2025-03-21T10:54:42.998080,France,Europe,Ubisoft,Unknown,EUR,investpy,,,,,,,,,,,,,,,,,,,,,,,,,,,,,1
ODLNOK,2025-03-21T10:54:42.998080,Sweden,Europe,Odfjell Drilli,Unknown,NOK,investpy,,,,,,,,,,,,,,,,,,,,,,,,,,,,,1
PRY,2025-03-21T10:54:43.030096,Italy,Europe,Prysmian,Unknown,EUR,investpy,,,,,,,,,,,,,,,,,,,,,,,,,,,,,1
FOU,2025-03-21T10:54:43.030096,Belgium,Europe,Fountain,Unknown,EUR,investpy,,,,,,,,,,,,,,,,,,,,,,,,,,,,,1
ARTE,2025-03-21T10:54:43.077097,France,Europe,Artea SA,Unknown,EUR,investpy,,,,,,,,,,,,,,,,,,,,,,,,,,,,,1
LEV_p,2025-03-21T10:54:43.077097,Greece,Europe,N Leventeris,Unknown,EUR,investpy,,,,,,,,,,,,,,,,,,,,,,,,,,,,,1
FDPF,2025-03-21T10:54:43.139517,United Kingdom,Europe,First Derivatives,Unknown,GBP,investpy,,,,,,,,,,,,,,,,,,,,,,,,,,,,,1
SSABAH,2025-03-21T10:54:43.249298,Finland,Europe,SSAB A,Unknown,EUR,investpy,,,,,,,,,,,,,,,,,,,,,,,,,,,,,1
YGMP,2025-03-21T10:54:43.313459,Spain,Europe,GMP Property,Unknown,EUR,investpy,,,,,,,,,,,,,,,,,,,,,,,,,,,,,1
ON,2025-03-21T10:54:43.329489,Italy,Europe,BIO ON,Unknown,EUR,investpy,,,,,,,,,,,,,,,,,,,,,,,,,,,,,1
VBKG,2025-03-21T10:54:43.360429,Germany,Europe,Verbio Vereinigte,Unknown,EUR,investpy,,,,,,,,,,,,,,,,,,,,,,,,,,,,,1
VOF,2025-03-21T10:54:43.376517,United Kingdom,Europe,Vinacapital Vietnam,Unknown,GBP,investpy,,,,,,,,,,,,,,,,,,,,,,,,,,,,,1
SATG,2025-03-21T10:54:43.376517,Germany,Europe,Sartorius AG,Unknown,EUR,investpy,,,,,,,,,,,,,,,,,,,,,,,,,,,,,1
STOB,2025-03-21T10:54:43.392539,United Kingdom,Europe,Stobart,Unknown,GBP,investpy,,,,,,,,,,,,,,,,,,,,,,,,,,,,,1
JDAN,2025-03-21T10:54:43.454262,Denmark,Europe,Jeudan,Unknown,DKK,investpy,,,,,,,,,,,,,,,,,,,,,,,,,,,,,1
RLT,2025-03-21T10:54:43.608628,Italy,Europe,Relatech,Unknown,EUR,investpy,,,,,,,,,,,,,,,,,,,,,,,,,,,,,1
FEWG,2025-03-21T10:54:43.608628,Germany,Europe,Funkwerk AG,Unknown,EUR,investpy,,,,,,,,,,,,,,,,,,,,,,,,,,,,,1
LOCAL,2025-03-21T10:54:43.624327,France,Europe,Solocal,Unknown,EUR,investpy,,,,,,,,,,,,,,,,,,,,,,,,,,,,,1
GENX,2025-03-21T10:54:43.639827,France,Europe,Generix,Unknown,EUR,investpy,,,,,,,,,,,,,,,,,,,,,,,,,,,,,1
CAL,2025-03-21T10:54:43.703904,United Kingdom,Europe,Capital Regional,Unknown,GBP,investpy,,,,,,,,,,,,,,,,,,,,,,,,,,,,,1
PRSW,2025-03-21T10:54:43.703904,France,Europe,Prologue,Unknown,EUR,investpy,,,,,,,,,,,,,,,,,,,,,,,,,,,,,1
IDXX,2025-03-21T10:54:43.751481,Austria,Europe,IDEXX Labs,Unknown,EUR,investpy,,,,,,,,,,,,,,,,,,,,,,,,,,,,,1
SAGAa,2025-03-21T10:54:43.796860,Sweden,Europe,Sagax AB,Unknown,SEK,investpy,,,,,,,,,,,,,,,,,,,,,,,,,,,,,1
PRT,2025-03-21T10:54:43.875544,Italy,Europe,Esprinet,Unknown,EUR,investpy,,,,,,,,,,,,,,,,,,,,,,,,,,,,,1
ALSIM,2025-03-21T10:54:43.907004,France,Europe,Assima PLC,Unknown,EUR,investpy,,,,,,,,,,,,,,,,,,,,,,,,,,,,,1
GLV,2025-03-21T10:54:43.938255,Ireland,Europe,Glenveagh Properties,Unknown,EUR,investpy,,,,,,,,,,,,,,,,,,,,,,,,,,,,,1
AGL,2025-03-21T10:54:43.985311,Italy,Europe,Autogrill,Unknown,EUR,investpy,,,,,,,,,,,,,,,,,,,,,,,,,,,,,1
COME,2025-03-21T10:54:43.985311,Italy,Europe,Comer Industries,Unknown,EUR,investpy,,,,,,,,,,,,,,,,,,,,,,,,,,,,,1
BICP,2025-03-21T10:54:44.016928,France,Europe,BIC,Unknown,EUR,investpy,,,,,,,,,,,,,,,,,,,,,,,,,,,,,1
CFTS,2025-03-21T10:54:44.032939,Italy,Europe,CFT,Unknown,EUR,investpy,,,,,,,,,,,,,,,,,,,,,,,,,,,,,1
JMF,2025-03-21T10:54:44.174705,United Kingdom,Europe,JPMorgan Mid Cap,Unknown,GBP,investpy,,,,,,,,,,,,,,,,,,,,,,,,,,,,,1
PUBP,2025-03-21T10:54:44.206213,France,Europe,Publicis Groupe,Unknown,EUR,investpy,,,,,,,,,,,,,,,,,,,,,,,,,,,,,1
INVP,2025-03-21T10:54:44.237765,United Kingdom,Europe,Investec,Unknown,GBP,investpy,,,,,,,,,,,,,,,,,,,,,,,,,,,,,1
A6W,2025-03-21T10:54:44.269145,Germany,Europe,Alexandria RE,Unknown,EUR,investpy,,,,,,,,,,,,,,,,,,,,,,,,,,,,,1
IBG,2025-03-21T10:54:44.285161,Spain,Europe,Iberpapel Gestion,Unknown,EUR,investpy,,,,,,,,,,,,,,,,,,,,,,,,,,,,,1
AMBEA,2025-03-21T10:54:44.300363,Sweden,Europe,Ambea,Unknown,SEK,investpy,,,,,,,,,,,,,,,,,,,,,,,,,,,,,1
RUSE,2025-03-21T10:54:44.331594,Switzerland,Europe,ENR Russia Invest,Unknown,CHF,investpy,,,,,,,,,,,,,,,,,,,,,,,,,,,,,1
ALFIL,2025-03-21T10:54:44.331594,France,Europe,Filae,Unknown,EUR,investpy,,,,,,,,,,,,,,,,,,,,,,,,,,,,,1
ACUC,2025-03-21T10:54:44.457383,Sweden,Europe,AcuCort,Unknown,SEK,investpy,,,,,,,,,,,,,,,,,,,,,,,,,,,,,1
VRX,2025-03-21T10:54:44.519994,Switzerland,Europe,Bausch Health,Unknown,CHF,investpy,,,,,,,,,,,,,,,,,,,,,,,,,,,,,1
ENC,2025-03-21T10:54:44.582233,Spain,Europe,ENCE,Unknown,EUR,investpy,,,,,,,,,,,,,,,,,,,,,,,,,,,,,1
VLLP,2025-03-21T10:54:44.612540,Switzerland,Europe,Vallourec,Unknown,CHF,investpy,,,,,,,,,,,,,,,,,,,,,,,,,,,,,1
RDM,2025-03-21T10:54:44.612540,Spain,Europe,Reno De Medici,Unknown,EUR,investpy,,,,,,,,,,,,,,,,,,,,,,,,,,,,,1
HTGR,2025-03-21T10:54:44.627777,United Kingdom,Europe,H&T Group,Unknown,GBP,investpy,,,,,,,,,,,,,,,,,,,,,,,,,,,,,1
PHIG,2025-03-21T10:54:44.643729,Sweden,Europe,Phase Holographic,Unknown,SEK,investpy,,,,,,,,,,,,,,,,,,,,,,,,,,,,,1
LUVE,2025-03-21T10:54:44.675018,Italy,Europe,LU-VE,Unknown,EUR,investpy,,,,,,,,,,,,,,,,,,,,,,,,,,,,,1
WAFGn,2025-03-21T10:54:44.753232,Austria,Europe,Siltronic AG,Unknown,EUR,investpy,,,,,,,,,,,,,,,,,,,,,,,,,,,,,1
CAPMAN,2025-03-21T10:54:44.848297,Finland,Europe,CapMan B,Unknown,EUR,investpy,,,,,,,,,,,,,,,,,,,,,,,,,,,,,1
DWNG,2025-03-21T10:54:44.864297,Germany,Europe,Deutsche Wohnen,Unknown,EUR,investpy,,,,,,,,,,,,,,,,,,,,,,,,,,,,,1
ZENZIPb,2025-03-21T10:54:44.879673,Sweden,Europe,Zenergy,Unknown,SEK,investpy,,,,,,,,,,,,,,,,,,,,,,,,,,,,,1
SALMON,2025-03-21T10:54:44.911165,Norway,Europe,Salmones Camanchaca,Unknown,NOK,investpy,,,,,,,,,,,,,,,,,,,,,,,,,,,,,1
YGGC,2025-03-21T10:54:44.942808,Spain,Europe,GGC,Unknown,EUR,investpy,,,,,,,,,,,,,,,,,,,,,,,,,,,,,1
GIGAH,2025-03-21T10:54:44.973378,Spain,Europe,Gigas Hosting SA,Unknown,EUR,investpy,,,,,,,,,,,,,,,,,,,,,,,,,,,,,1
CTH,2025-03-21T10:54:44.973378,United Kingdom,Europe,Caretech,Unknown,GBP,investpy,,,,,,,,,,,,,,,,,,,,,,,,,,,,,1
CSSG,2025-03-21T10:54:45.085622,United Kingdom,Europe,Croma,Unknown,GBP,investpy,,,,,,,,,,,,,,,,,,,,,,,,,,,,,1
DNBNOK,2025-03-21T10:54:45.179227,Sweden,Europe,DnB,Unknown,NOK,investpy,,,,,,,,,,,,,,,,,,,,,,,,,,,,,1
SSM,2025-03-21T10:54:45.210848,Sweden,Europe,SSM Holding,Unknown,SEK,investpy,,,,,,,,,,,,,,,,,,,,,,,,,,,,,1
DRW3,2025-03-21T10:54:45.226381,Austria,Europe,Draegerwerk VZO,Unknown,EUR,investpy,,,,,,,,,,,,,,,,,,,,,,,,,,,,,1
FPIP,2025-03-21T10:54:45.226381,Sweden,Europe,FormPipe Software,Unknown,SEK,investpy,,,,,,,,,,,,,,,,,,,,,,,,,,,,,1
AGTA,2025-03-21T10:54:45.241822,France,Europe,Agta Record,Unknown,EUR,investpy,,,,,,,,,,,,,,,,,,,,,,,,,,,,,1
NXTMH,2025-03-21T10:54:45.319751,Finland,Europe,Nexstim,Unknown,EUR,investpy,,,,,,,,,,,,,,,,,,,,,,,,,,,,,1
ASSAb,2025-03-21T10:54:45.335782,Sweden,Europe,ASSA ABLOY B,Unknown,SEK,investpy,,,,,,,,,,,,,,,,,,,,,,,,,,,,,1
OGN,2025-03-21T10:54:45.446596,United Kingdom,Europe,Origin,Unknown,EUR,investpy,,,,,,,,,,,,,,,,,,,,,,,,,,,,,1
RING,2025-03-21T10:54:45.478224,Norway,Europe,Sparebank 1 Ringerike Hadeland,Unknown,NOK,investpy,,,,,,,,,,,,,,,,,,,,,,,,,,,,,1
PMG,2025-03-21T10:54:45.494250,United Kingdom,Europe,Parkmead Group PLC,Unknown,GBP,investpy,,,,,,,,,,,,,,,,,,,,,,,,,,,,,1
PSHP,2025-03-21T10:54:45.494250,United Kingdom,Europe,Pershing Square,Unknown,GBP,investpy,,,,,,,,,,,,,,,,,,,,,,,,,,,,,1
CALq,2025-03-21T10:54:45.540303,United Kingdom,Europe,Caledonia Mining,Unknown,GBP,investpy,,,,,,,,,,,,,,,,,,,,,,,,,,,,,1
SECUb,2025-03-21T10:54:45.571568,Sweden,Europe,Securitas B,Unknown,SEK,investpy,,,,,,,,,,,,,,,,,,,,,,,,,,,,,1
DCC,2025-03-21T10:54:45.649931,United Kingdom,Europe,DCC,Unknown,GBP,investpy,,,,,,,,,,,,,,,,,,,,,,,,,,,,,1
HIK,2025-03-21T10:54:45.649931,United Kingdom,Europe,Hikma Pharma,Unknown,GBP,investpy,,,,,,,,,,,,,,,,,,,,,,,,,,,,,1
INCU,2025-03-21T10:54:45.745016,Norway,Europe,Incus Investor,Unknown,NOK,investpy,,,,,,,,,,,,,,,,,,,,,,,,,,,,,1
ORSO,2025-03-21T10:54:45.792321,Italy,Europe,Orsero,Unknown,EUR,investpy,,,,,,,,,,,,,,,,,,,,,,,,,,,,,1
TRACb,2025-03-21T10:54:45.839952,Sweden,Europe,Traction B,Unknown,SEK,investpy,,,,,,,,,,,,,,,,,,,,,,,,,,,,,1
CELG,2025-03-21T10:54:45.870360,Austria,Europe,Celgene,Unknown,EUR,investpy,,,,,,,,,,,,,,,,,,,,,,,,,,,,,1
2S7,2025-03-21T10:54:45.901426,Germany,Europe,Sprint,Unknown,EUR,investpy,,,,,,,,,,,,,,,,,,,,,,,,,,,,,1
CFISH,2025-03-21T10:54:45.947879,Sweden,Europe,Crunchfish,Unknown,SEK,investpy,,,,,,,,,,,,,,,,,,,,,,,,,,,,,1
ABNd,2025-03-21T10:54:45.979184,Netherlands,Europe,ABN AMRO,Unknown,EUR,investpy,,,,,,,,,,,,,,,,,,,,,,,,,,,,,1
NBEN,2025-03-21T10:54:46.011234,Switzerland,Europe,Nebag ag,Unknown,CHF,investpy,,,,,,,,,,,,,,,,,,,,,,,,,,,,,1
AMA1,2025-03-21T10:54:46.058562,Germany,Europe,Youbisheng Green,Unknown,EUR,investpy,,,,,,,,,,,,,,,,,,,,,,,,,,,,,1
DB1Gn,2025-03-21T10:54:46.089770,Germany,Europe,Deutsche Boerse,Unknown,EUR,investpy,,,,,,,,,,,,,,,,,,,,,,,,,,,,,1
MGNS,2025-03-21T10:54:46.153272,United Kingdom,Europe,Morgan Sindall,Unknown,GBP,investpy,,,,,,,,,,,,,,,,,,,,,,,,,,,,,1
H9B1,2025-03-21T10:54:46.200417,Germany,Europe,Herc Holdings,Unknown,EUR,investpy,,,,,,,,,,,,,,,,,,,,,,,,,,,,,1
KANC,2025-03-21T10:54:46.247795,Sweden,Europe,Kancera AB,Unknown,SEK,investpy,,,,,,,,,,,,,,,,,,,,,,,,,,,,,1
MRCGEUR,2025-03-21T10:54:46.279392,Switzerland,Europe,Merck,Unknown,EUR,investpy,,,,,,,,,,,,,,,,,,,,,,,,,,,,,1
IMSI,2025-03-21T10:54:46.279392,Italy,Europe,IMMSI,Unknown,EUR,investpy,,,,,,,,,,,,,,,,,,,,,,,,,,,,,1
SCYR,2025-03-21T10:54:46.357621,Spain,Europe,Sacyr,Unknown,EUR,investpy,,,,,,,,,,,,,,,,,,,,,,,,,,,,,1
ODX,2025-03-21T10:54:46.373726,United Kingdom,Europe,Omega,Unknown,GBP,investpy,,,,,,,,,,,,,,,,,,,,,,,,,,,,,1
GLJn,2025-03-21T10:54:46.373726,Germany,Europe,Grenke,Unknown,EUR,investpy,,,,,,,,,,,,,,,,,,,,,,,,,,,,,1
HIG,2025-03-21T10:54:46.421496,Germany,Europe,Hartford,Unknown,EUR,investpy,,,,,,,,,,,,,,,,,,,,,,,,,,,,,1
DAMG,2025-03-21T10:54:46.515626,Germany,Europe,Data Modul AG,Unknown,EUR,investpy,,,,,,,,,,,,,,,,,,,,,,,,,,,,,1
GOOGL,2025-03-21T10:54:46.546856,Austria,Europe,Alphabet A,Unknown,EUR,investpy,,,,,,,,,,,,,,,,,,,,,,,,,,,,,1
SCTS,2025-03-21T10:54:46.640770,United Kingdom,Europe,Softcat PLC,Unknown,GBP,investpy,,,,,,,,,,,,,,,,,,,,,,,,,,,,,1
ASOS,2025-03-21T10:54:46.655961,United Kingdom,Europe,Asos,Unknown,GBP,investpy,,,,,,,,,,,,,,,,,,,,,,,,,,,,,1
GSP,2025-03-21T10:54:46.655961,Italy,Europe,Gas Plus,Unknown,EUR,investpy,,,,,,,,,,,,,,,,,,,,,,,,,,,,,1
MSLH,2025-03-21T10:54:46.719336,United Kingdom,Europe,Marshalls,Unknown,GBP,investpy,,,,,,,,,,,,,,,,,,,,,,,,,,,,,1
STAB,2025-03-21T10:54:46.735349,Germany,Europe,Stabilus,Unknown,EUR,investpy,,,,,,,,,,,,,,,,,,,,,,,,,,,,,1
MNST,2025-03-21T10:54:46.750797,Austria,Europe,Monster Beverage,Unknown,EUR,investpy,,,,,,,,,,,,,,,,,,,,,,,,,,,,,1
ASRNL,2025-03-21T10:54:46.844550,Netherlands,Europe,ASR Nederland,Unknown,EUR,investpy,,,,,,,,,,,,,,,,,,,,,,,,,,,,,1
K1RG,2025-03-21T10:54:46.892475,Germany,Europe,Kromi,Unknown,EUR,investpy,,,,,,,,,,,,,,,,,,,,,,,,,,,,,1
HSTG,2025-03-21T10:54:46.923537,United Kingdom,Europe,Hastings Group Holdings PLC,Unknown,GBP,investpy,,,,,,,,,,,,,,,,,,,,,,,,,,,,,1
SNI,2025-03-21T10:54:46.955564,Norway,Europe,Stolt-Nielsen,Unknown,NOK,investpy,,,,,,,,,,,,,,,,,,,,,,,,,,,,,1
BNZL,2025-03-21T10:54:46.971108,United Kingdom,Europe,Bunzl,Unknown,GBP,investpy,,,,,,,,,,,,,,,,,,,,,,,,,,,,,1
WHC,2025-03-21T10:54:47.034827,Germany,Europe,Whitehaven Coal,Unknown,EUR,investpy,,,,,,,,,,,,,,,,,,,,,,,,,,,,,1
IG,2025-03-21T10:54:47.114391,Italy,Europe,Italgas,Unknown,EUR,investpy,,,,,,,,,,,,,,,,,,,,,,,,,,,,,1
MFBP,2025-03-21T10:54:47.114940,France,Europe,Malteries FCO-Belges,Unknown,EUR,investpy,,,,,,,,,,,,,,,,,,,,,,,,,,,,,1
2F5,2025-03-21T10:54:47.160107,Germany,Europe,Biondvax Pharma ADR,Unknown,EUR,investpy,,,,,,,,,,,,,,,,,,,,,,,,,,,,,1
MVVGn,2025-03-21T10:54:47.223347,Germany,Europe,MVV Energie AG,Unknown,EUR,investpy,,,,,,,,,,,,,,,,,,,,,,,,,,,,,1
CAIV,2025-03-21T10:54:47.286887,Austria,Europe,CA Immobilien Anlagen AG,Unknown,EUR,investpy,,,,,,,,,,,,,,,,,,,,,,,,,,,,,1
LUC,2025-03-21T10:54:47.286887,Sweden,Europe,Lucara Diamond Corp,Unknown,SEK,investpy,,,,,,,,,,,,,,,,,,,,,,,,,,,,,1
BULTEN,2025-03-21T10:54:47.569011,Sweden,Europe,Bulten AB,Unknown,SEK,investpy,,,,,,,,,,,,,,,,,,,,,,,,,,,,,1
AJAX,2025-03-21T10:54:47.585010,Netherlands,Europe,Ajax,Unknown,EUR,investpy,,,,,,,,,,,,,,,,,,,,,,,,,,,,,1
GRIE,2025-03-21T10:54:47.600221,Spain,Europe,Grino Ecologic S.A.,Unknown,EUR,investpy,,,,,,,,,,,,,,,,,,,,,,,,,,,,,1
MTFTy,2025-03-21T10:54:47.616228,Germany,Europe,Mitsubishi UFJ Financial ADR,Unknown,EUR,investpy,,,,,,,,,,,,,,,,,,,,,,,,,,,,,1
SVT,2025-03-21T10:54:47.631912,United Kingdom,Europe,Severn Trent,Unknown,GBP,investpy,,,,,,,,,,,,,,,,,,,,,,,,,,,,,1
UPS,2025-03-21T10:54:47.631912,Germany,Europe,United Parcel Service,Unknown,EUR,investpy,,,,,,,,,,,,,,,,,,,,,,,,,,,,,1
SUH,2025-03-21T10:54:47.647929,United Kingdom,Europe,Sutton Harbour,Unknown,GBP,investpy,,,,,,,,,,,,,,,,,,,,,,,,,,,,,1
PNOR,2025-03-21T10:54:47.679237,Norway,Europe,Petronor E&P,Unknown,NOK,investpy,,,,,,,,,,,,,,,,,,,,,,,,,,,,,1
EWI1,2025-03-21T10:54:47.913109,Germany,Europe,Electrawinds SE A,Unknown,EUR,investpy,,,,,,,,,,,,,,,,,,,,,,,,,,,,,1
DAIGn,2025-03-21T10:54:47.913109,Switzerland,Europe,Daimler,Unknown,CHF,investpy,,,,,,,,,,,,,,,,,,,,,,,,,,,,,1
BALN,2025-03-21T10:54:47.928394,Switzerland,Europe,Baloise Holding,Unknown,CHF,investpy,,,,,,,,,,,,,,,,,,,,,,,,,,,,,1
SHLG,2025-03-21T10:54:47.928394,Germany,Europe,Siemens Healthineers,Unknown,EUR,investpy,,,,,,,,,,,,,,,,,,,,,,,,,,,,,1
EACI,2025-03-21T10:54:47.944473,Denmark,Europe,Santa Fe Group,Unknown,DKK,investpy,,,,,,,,,,,,,,,,,,,,,,,,,,,,,1
SSI,2025-03-21T10:54:47.960469,France,Europe,Supersonic Imagine,Unknown,EUR,investpy,,,,,,,,,,,,,,,,,,,,,,,,,,,,,1
CLAVI,2025-03-21T10:54:47.960469,Sweden,Europe,Clavister Holding AB,Unknown,SEK,investpy,,,,,,,,,,,,,,,,,,,,,,,,,,,,,1
MIPS,2025-03-21T10:54:48.055053,Sweden,Europe,MIPS,Unknown,SEK,investpy,,,,,,,,,,,,,,,,,,,,,,,,,,,,,1
DEMG,2025-03-21T10:54:48.181589,United Kingdom,Europe,Deltex,Unknown,GBP,investpy,,,,,,,,,,,,,,,,,,,,,,,,,,,,,1
ZOT,2025-03-21T10:54:48.197614,Spain,Europe,Zardoya Otis,Unknown,EUR,investpy,,,,,,,,,,,,,,,,,,,,,,,,,,,,,1
ATORX,2025-03-21T10:54:48.213652,Sweden,Europe,Alligator Bioscience,Unknown,SEK,investpy,,,,,,,,,,,,,,,,,,,,,,,,,,,,,1
MRM,2025-03-21T10:54:48.245170,France,Europe,M.R.M,Unknown,EUR,investpy,,,,,,,,,,,,,,,,,,,,,,,,,,,,,1
EDGEW,2025-03-21T10:54:48.261170,Sweden,Europe,Edgeware,Unknown,SEK,investpy,,,,,,,,,,,,,,,,,,,,,,,,,,,,,1
ENRAD,2025-03-21T10:54:48.276608,Sweden,Europe,Enrad,Unknown,SEK,investpy,,,,,,,,,,,,,,,,,,,,,,,,,,,,,1
AAAA,2025-03-21T10:54:48.276608,United Kingdom,Europe,AA Plc,Unknown,GBP,investpy,,,,,,,,,,,,,,,,,,,,,,,,,,,,,1
CVS,2025-03-21T10:54:48.401827,Germany,Europe,CVS Health Corp,Unknown,EUR,investpy,,,,,,,,,,,,,,,,,,,,,,,,,,,,,1
V6CG,2025-03-21T10:54:48.513397,Germany,Europe,Viscom AG,Unknown,EUR,investpy,,,,,,,,,,,,,,,,,,,,,,,,,,,,,1
DBOX,2025-03-21T10:54:48.528907,United Kingdom,Europe,Digitalbox,Unknown,GBP,investpy,,,,,,,,,,,,,,,,,,,,,,,,,,,,,1
ROTH,2025-03-21T10:54:48.528907,France,Europe,Rothschild & Co,Unknown,EUR,investpy,,,,,,,,,,,,,,,,,,,,,,,,,,,,,1
BETR,2025-03-21T10:54:48.544907,Netherlands,Europe,Beter Bed,Unknown,EUR,investpy,,,,,,,,,,,,,,,,,,,,,,,,,,,,,1
HIA,2025-03-21T10:54:48.544907,Italy,Europe,Health Italia,Unknown,EUR,investpy,,,,,,,,,,,,,,,,,,,,,,,,,,,,,1
ELCO,2025-03-21T10:54:48.576907,United Kingdom,Europe,Elecosoft,Unknown,GBP,investpy,,,,,,,,,,,,,,,,,,,,,,,,,,,,,1
AA4,2025-03-21T10:54:48.655584,Italy,Europe,Falck,Unknown,EUR,investpy,,,,,,,,,,,,,,,,,,,,,,,,,,,,,1
HHI,2025-03-21T10:54:48.766686,United Kingdom,Europe,Henderson High Income,Unknown,GBP,investpy,,,,,,,,,,,,,,,,,,,,,,,,,,,,,1
UAI,2025-03-21T10:54:48.798688,United Kingdom,Europe,U and I Group,Unknown,GBP,investpy,,,,,,,,,,,,,,,,,,,,,,,,,,,,,1
MLLED,2025-03-21T10:54:48.814690,France,Europe,Novaday,Unknown,EUR,investpy,,,,,,,,,,,,,,,,,,,,,,,,,,,,,1
REAT,2025-03-21T10:54:48.814690,United Kingdom,Europe,React Group,Unknown,GBP,investpy,,,,,,,,,,,,,,,,,,,,,,,,,,,,,1
VOWG_p,2025-03-21T10:54:48.846203,Germany,Europe,Volkswagen VZO,Unknown,EUR,investpy,,,,,,,,,,,,,,,,,,,,,,,,,,,,,1
BUP,2025-03-21T10:54:48.909421,France,Europe,BIOM UP,Unknown,EUR,investpy,,,,,,,,,,,,,,,,,,,,,,,,,,,,,1
NORDID,2025-03-21T10:54:48.941008,Finland,Europe,Nordic Iron Ore,Unknown,EUR,investpy,,,,,,,,,,,,,,,,,,,,,,,,,,,,,1
CADOn,2025-03-21T10:54:48.956007,Switzerland,Europe,Comercial del Plata N,Unknown,CHF,investpy,,,,,,,,,,,,,,,,,,,,,,,,,,,,,1
IEM,2025-03-21T10:54:49.066567,United Kingdom,Europe,Impax Environmental,Unknown,GBP,investpy,,,,,,,,,,,,,,,,,,,,,,,,,,,,,1
WRT1V,2025-03-21T10:54:49.113625,Finland,Europe,Wartsila,Unknown,EUR,investpy,,,,,,,,,,,,,,,,,,,,,,,,,,,,,1
GLEN,2025-03-21T10:54:49.129137,United Kingdom,Europe,Glencore,Unknown,GBP,investpy,,,,,,,,,,,,,,,,,,,,,,,,,,,,,1
GUGEO,2025-03-21T10:54:49.144359,Sweden,Europe,Guideline Geo,Unknown,SEK,investpy,,,,,,,,,,,,,,,,,,,,,,,,,,,,,1
SFQN,2025-03-21T10:54:49.176455,Austria,Europe,SAF Holland,Unknown,EUR,investpy,,,,,,,,,,,,,,,,,,,,,,,,,,,,,1
SIOO,2025-03-21T10:54:49.256624,Italy,Europe,Sirio,Unknown,EUR,investpy,,,,,,,,,,,,,,,,,,,,,,,,,,,,,1
4BW,2025-03-21T10:54:49.256624,Germany,Europe,BWX Tech,Unknown,EUR,investpy,,,,,,,,,,,,,,,,,,,,,,,,,,,,,1
FHZN,2025-03-21T10:54:49.288638,Switzerland,Europe,Flughafen Zurich,Unknown,CHF,investpy,,,,,,,,,,,,,,,,,,,,,,,,,,,,,1
ASH,2025-03-21T10:54:49.383134,United Kingdom,Europe,Ashley House,Unknown,GBP,investpy,,,,,,,,,,,,,,,,,,,,,,,,,,,,,1
DMG,2025-03-21T10:54:49.383638,Italy,Europe,Digital Magics,Unknown,EUR,investpy,,,,,,,,,,,,,,,,,,,,,,,,,,,,,1
PLANZ,2025-03-21T10:54:49.398272,Switzerland,Europe,Plazza Immobilien AG,Unknown,CHF,investpy,,,,,,,,,,,,,,,,,,,,,,,,,,,,,1
FIVEPG,2025-03-21T10:54:49.428916,Norway,Europe,5Th Planet Games,Unknown,NOK,investpy,,,,,,,,,,,,,,,,,,,,,,,,,,,,,1
CBAX,2025-03-21T10:54:49.492915,Germany,Europe,Commonwealth Bank Australia,Unknown,EUR,investpy,,,,,,,,,,,,,,,,,,,,,,,,,,,,,1
NILS,2025-03-21T10:54:49.588124,Sweden,Europe,Nilsson Special Vehicles publ AB,Unknown,SEK,investpy,,,,,,,,,,,,,,,,,,,,,,,,,,,,,1
MPEN,2025-03-21T10:54:49.588124,Sweden,Europe,MedicPen,Unknown,SEK,investpy,,,,,,,,,,,,,,,,,,,,,,,,,,,,,1
BSGR,2025-03-21T10:54:49.619926,Netherlands,Europe,B&S Group,Unknown,EUR,investpy,,,,,,,,,,,,,,,,,,,,,,,,,,,,,1
GATEG,2025-03-21T10:54:49.699288,Denmark,Europe,Gate Ventures,Unknown,EUR,investpy,,,,,,,,,,,,,,,,,,,,,,,,,,,,,1
COPMa,2025-03-21T10:54:49.715311,Germany,Europe,CompuGroup AG,Unknown,EUR,investpy,,,,,,,,,,,,,,,,,,,,,,,,,,,,,1
TEP,2025-03-21T10:54:49.730868,United Kingdom,Europe,Telecom Plus,Unknown,GBP,investpy,,,,,,,,,,,,,,,,,,,,,,,,,,,,,1
DEMANT,2025-03-21T10:54:49.762901,Denmark,Europe,William Demant,Unknown,DKK,investpy,,,,,,,,,,,,,,,,,,,,,,,,,,,,,1
ALTTI,2025-03-21T10:54:49.762901,France,Europe,Travel Technology Interactive,Unknown,EUR,investpy,,,,,,,,,,,,,,,,,,,,,,,,,,,,,1
OLLI,2025-03-21T10:54:49.904176,France,Europe,Installux,Unknown,EUR,investpy,,,,,,,,,,,,,,,,,,,,,,,,,,,,,1
DIEGK,2025-03-21T10:54:49.919891,Belgium,Europe,Diegem Kennedy,Unknown,EUR,investpy,,,,,,,,,,,,,,,,,,,,,,,,,,,,,1
VITb,2025-03-21T10:54:49.919891,Sweden,Europe,Vitec Software B,Unknown,SEK,investpy,,,,,,,,,,,,,,,,,,,,,,,,,,,,,1
ADLG,2025-03-21T10:54:49.997204,Austria,Europe,Adler Real Estate,Unknown,EUR,investpy,,,,,,,,,,,,,,,,,,,,,,,,,,,,,1
COREpref,2025-03-21T10:54:50.045103,Sweden,Europe,Corem Property,Unknown,SEK,investpy,,,,,,,,,,,,,,,,,,,,,,,,,,,,,1
D8Sy,2025-03-21T10:54:50.076487,Germany,Europe,Itau CorpBanca ADR,Unknown,EUR,investpy,,,,,,,,,,,,,,,,,,,,,,,,,,,,,1
INISSb,2025-03-21T10:54:50.076487,Sweden,Europe,Inission,Unknown,SEK,investpy,,,,,,,,,,,,,,,,,,,,,,,,,,,,,1
XMR,2025-03-21T10:54:50.107137,Sweden,Europe,XMReality,Unknown,SEK,investpy,,,,,,,,,,,,,,,,,,,,,,,,,,,,,1
SGI,2025-03-21T10:54:50.186132,United Kingdom,Europe,Stanley Gibbons,Unknown,GBP,investpy,,,,,,,,,,,,,,,,,,,,,,,,,,,,,1
UBIP,2025-03-21T10:54:50.186132,Switzerland,Europe,Ubisoft,Unknown,CHF,investpy,,,,,,,,,,,,,,,,,,,,,,,,,,,,,1
PFG,2025-03-21T10:54:50.231422,United Kingdom,Europe,Provident Financial,Unknown,GBP,investpy,,,,,,,,,,,,,,,,,,,,,,,,,,,,,1
FABG,2025-03-21T10:54:50.324625,Sweden,Europe,Fabege,Unknown,SEK,investpy,,,,,,,,,,,,,,,,,,,,,,,,,,,,,1
JUNG_p,2025-03-21T10:54:50.324625,Germany,Europe,Jungheinrich AG,Unknown,EUR,investpy,,,,,,,,,,,,,,,,,,,,,,,,,,,,,1
YARNOK,2025-03-21T10:54:50.355780,Sweden,Europe,Yara International,Unknown,NOK,investpy,,,,,,,,,,,,,,,,,,,,,,,,,,,,,1
YEINT,2025-03-21T10:54:50.371815,Finland,Europe,Yleiselektroniikka,Unknown,EUR,investpy,,,,,,,,,,,,,,,,,,,,,,,,,,,,,1
MEDA,2025-03-21T10:54:50.481614,Switzerland,Europe,Medartis,Unknown,CHF,investpy,,,,,,,,,,,,,,,,,,,,,,,,,,,,,1
KUBCq,2025-03-21T10:54:50.497630,United Kingdom,Europe,Kubera,Unknown,USD,investpy,,,,,,,,,,,,,,,,,,,,,,,,,,,,,1
FTC,2025-03-21T10:54:50.512947,United Kingdom,Europe,Filtronic,Unknown,GBP,investpy,,,,,,,,,,,,,,,,,,,,,,,,,,,,,1
LITIU,2025-03-21T10:54:50.544575,Sweden,Europe,Litium,Unknown,SEK,investpy,,,,,,,,,,,,,,,,,,,,,,,,,,,,,1
NUEVOL,2025-03-21T10:54:50.608718,Sweden,Europe,Nuevolution AB,Unknown,SEK,investpy,,,,,,,,,,,,,,,,,,,,,,,,,,,,,1
ORM,2025-03-21T10:54:50.688008,Ireland,Europe,Ormonde Mining,Unknown,EUR,investpy,,,,,,,,,,,,,,,,,,,,,,,,,,,,,1
CHRH,2025-03-21T10:54:50.704083,Denmark,Europe,Chr. Hansen,Unknown,DKK,investpy,,,,,,,,,,,,,,,,,,,,,,,,,,,,,1
ALIDS,2025-03-21T10:54:50.719616,France,Europe,Idsud,Unknown,EUR,investpy,,,,,,,,,,,,,,,,,,,,,,,,,,,,,1
SUSW,2025-03-21T10:54:50.767633,Sweden,Europe,Surgical Science Sweden,Unknown,SEK,investpy,,,,,,,,,,,,,,,,,,,,,,,,,,,,,1
NOR,2025-03-21T10:54:50.783651,Norway,Europe,Norwegian Ener,Unknown,NOK,investpy,,,,,,,,,,,,,,,,,,,,,,,,,,,,,1
STF,2025-03-21T10:54:50.877430,France,Europe,Stef,Unknown,EUR,investpy,,,,,,,,,,,,,,,,,,,,,,,,,,,,,1
LIDDS,2025-03-21T10:54:50.908328,Sweden,Europe,Lidds AB,Unknown,SEK,investpy,,,,,,,,,,,,,,,,,,,,,,,,,,,,,1
SKAb,2025-03-21T10:54:50.970035,Sweden,Europe,Skanska B,Unknown,SEK,investpy,,,,,,,,,,,,,,,,,,,,,,,,,,,,,1
NOHOP,2025-03-21T10:54:50.970035,Finland,Europe,NoHo Partners,Unknown,EUR,investpy,,,,,,,,,,,,,,,,,,,,,,,,,,,,,1
BAYNE,2025-03-21T10:54:50.970035,Sweden,Europe,Bayn Europe AB,Unknown,SEK,investpy,,,,,,,,,,,,,,,,,,,,,,,,,,,,,1
PTEC,2025-03-21T10:54:51.048036,United Kingdom,Europe,Playtech,Unknown,GBP,investpy,,,,,,,,,,,,,,,,,,,,,,,,,,,,,1
NWJ,2025-03-21T10:54:51.079523,Germany,Europe,Eversource Energy,Unknown,EUR,investpy,,,,,,,,,,,,,,,,,,,,,,,,,,,,,1
ALKb,2025-03-21T10:54:51.079523,Denmark,Europe,ALK-Abello B,Unknown,DKK,investpy,,,,,,,,,,,,,,,,,,,,,,,,,,,,,1
BPDG,2025-03-21T10:54:51.220679,Switzerland,Europe,Banque Profil Gestion,Unknown,CHF,investpy,,,,,,,,,,,,,,,,,,,,,,,,,,,,,1
MKO1,2025-03-21T10:54:51.252742,Germany,Europe,Capri Holdings,Unknown,EUR,investpy,,,,,,,,,,,,,,,,,,,,,,,,,,,,,1
VWS,2025-03-21T10:54:51.252742,Denmark,Europe,Vestas Wind,Unknown,DKK,investpy,,,,,,,,,,,,,,,,,,,,,,,,,,,,,1
YSRR,2025-03-21T10:54:51.315355,Spain,Europe,Serrano 61 Desarrollo,Unknown,EUR,investpy,,,,,,,,,,,,,,,,,,,,,,,,,,,,,1
LEBO,2025-03-21T10:54:51.315355,France,Europe,Lebon,Unknown,EUR,investpy,,,,,,,,,,,,,,,,,,,,,,,,,,,,,1
GOFORE,2025-03-21T10:54:51.409391,Finland,Europe,Gofore,Unknown,EUR,investpy,,,,,,,,,,,,,,,,,,,,,,,,,,,,,1
HEFT,2025-03-21T10:54:51.440984,United Kingdom,Europe,Henderson European,Unknown,GBP,investpy,,,,,,,,,,,,,,,,,,,,,,,,,,,,,1
PSON,2025-03-21T10:54:51.440984,United Kingdom,Europe,Pearson,Unknown,GBP,investpy,,,,,,,,,,,,,,,,,,,,,,,,,,,,,1
VOWG,2025-03-21T10:54:51.487677,Belgium,Europe,Volkswagen ST,Unknown,EUR,investpy,,,,,,,,,,,,,,,,,,,,,,,,,,,,,1
DIOR,2025-03-21T10:54:51.535756,France,Europe,Christian Dior,Unknown,EUR,investpy,,,,,,,,,,,,,,,,,,,,,,,,,,,,,1
GATC,2025-03-21T10:54:51.567757,United Kingdom,Europe,GATTACA,Unknown,GBP,investpy,,,,,,,,,,,,,,,,,,,,,,,,,,,,,1
RBIV,2025-03-21T10:54:51.583754,Switzerland,Europe,Raiffeisen Bank,Unknown,CHF,investpy,,,,,,,,,,,,,,,,,,,,,,,,,,,,,1
PSAGn,2025-03-21T10:54:51.677460,Germany,Europe,PSI AG,Unknown,EUR,investpy,,,,,,,,,,,,,,,,,,,,,,,,,,,,,1
NANONOK,2025-03-21T10:54:51.692513,Sweden,Europe,Nordic Nanovector ASA,Unknown,NOK,investpy,,,,,,,,,,,,,,,,,,,,,,,,,,,,,1
HHFGn,2025-03-21T10:54:51.708034,Germany,Europe,Hamburger Hafen A-SP,Unknown,EUR,investpy,,,,,,,,,,,,,,,,,,,,,,,,,,,,,1
RBA,2025-03-21T10:54:51.738699,Germany,Europe,Ritchie Bros Auctioneers,Unknown,EUR,investpy,,,,,,,,,,,,,,,,,,,,,,,,,,,,,1
MANV,2025-03-21T10:54:51.833777,Austria,Europe,Josef Manner Comp AG,Unknown,EUR,investpy,,,,,,,,,,,,,,,,,,,,,,,,,,,,,1
ALNG,2025-03-21T10:54:51.849677,Norway,Europe,Awilco LNG,Unknown,NOK,investpy,,,,,,,,,,,,,,,,,,,,,,,,,,,,,1
DRWG,2025-03-21T10:54:51.865677,Germany,Europe,Draegerwerk ST,Unknown,EUR,investpy,,,,,,,,,,,,,,,,,,,,,,,,,,,,,1
B8JN,2025-03-21T10:54:51.912925,Germany,Europe,Basic Energy Services,Unknown,EUR,investpy,,,,,,,,,,,,,,,,,,,,,,,,,,,,,1
JARB,2025-03-21T10:54:51.991399,United Kingdom,Europe,Jardine Matheson,Unknown,USD,investpy,,,,,,,,,,,,,,,,,,,,,,,,,,,,,1
FORN,2025-03-21T10:54:51.991399,Switzerland,Europe,Forbo Holding AG,Unknown,CHF,investpy,,,,,,,,,,,,,,,,,,,,,,,,,,,,,1
ALPAT,2025-03-21T10:54:52.006578,France,Europe,Plant Advanced Technologies SA,Unknown,EUR,investpy,,,,,,,,,,,,,,,,,,,,,,,,,,,,,1
OPUS,2025-03-21T10:54:52.084991,Sweden,Europe,Opus Group publ AB,Unknown,SEK,investpy,,,,,,,,,,,,,,,,,,,,,,,,,,,,,1
R4ER,2025-03-21T10:54:52.179152,United Kingdom,Europe,Reach4Entertainment,Unknown,GBP,investpy,,,,,,,,,,,,,,,,,,,,,,,,,,,,,1
DOVA,2025-03-21T10:54:52.179152,Italy,Europe,DoValue,Unknown,EUR,investpy,,,,,,,,,,,,,,,,,,,,,,,,,,,,,1
SOON,2025-03-21T10:54:52.242451,Switzerland,Europe,Sonova H Ag,Unknown,CHF,investpy,,,,,,,,,,,,,,,,,,,,,,,,,,,,,1
BSXU,2025-03-21T10:54:52.258475,Germany,Europe,Boston Scientific,Unknown,EUR,investpy,,,,,,,,,,,,,,,,,,,,,,,,,,,,,1
NEWTON,2025-03-21T10:54:52.289939,Sweden,Europe,Newton Nordic,Unknown,SEK,investpy,,,,,,,,,,,,,,,,,,,,,,,,,,,,,1
EYDr,2025-03-21T10:54:52.320730,Greece,Europe,Athens Water,Unknown,EUR,investpy,,,,,,,,,,,,,,,,,,,,,,,,,,,,,1
IDVP,2025-03-21T10:54:52.351790,France,Europe,IDI,Unknown,EUR,investpy,,,,,,,,,,,,,,,,,,,,,,,,,,,,,1
WEB,2025-03-21T10:54:52.429812,Germany,Europe,Webjet,Unknown,EUR,investpy,,,,,,,,,,,,,,,,,,,,,,,,,,,,,1
BKS,2025-03-21T10:54:52.445824,Germany,Europe,Barnes&Noble,Unknown,EUR,investpy,,,,,,,,,,,,,,,,,,,,,,,,,,,,,1
SFPF,2025-03-21T10:54:52.524032,Switzerland,Europe,SF Sustainable Property Fund,Unknown,CHF,investpy,,,,,,,,,,,,,,,,,,,,,,,,,,,,,1
NWOn,2025-03-21T10:54:52.540057,Germany,Europe,New Work,Unknown,EUR,investpy,,,,,,,,,,,,,,,,,,,,,,,,,,,,,1
PHARP,2025-03-21T10:54:52.556085,United Kingdom,Europe,Pharos Energy PLC,Unknown,GBP,investpy,,,,,,,,,,,,,,,,,,,,,,,,,,,,,1
AGAT,2025-03-21T10:54:52.587781,Italy,Europe,Agatos,Unknown,EUR,investpy,,,,,,,,,,,,,,,,,,,,,,,,,,,,,1
CBOE,2025-03-21T10:54:52.603314,Germany,Europe,Cboe Global,Unknown,EUR,investpy,,,,,,,,,,,,,,,,,,,,,,,,,,,,,1
PXSL,2025-03-21T10:54:52.729153,Germany,Europe,Provexis,Unknown,EUR,investpy,,,,,,,,,,,,,,,,,,,,,,,,,,,,,1
KINVa,2025-03-21T10:54:52.729153,Sweden,Europe,Kinnevik A,Unknown,SEK,investpy,,,,,,,,,,,,,,,,,,,,,,,,,,,,,1
ARGR,2025-03-21T10:54:52.729153,United Kingdom,Europe,Argos,Unknown,GBP,investpy,,,,,,,,,,,,,,,,,,,,,,,,,,,,,1
ALGEV,2025-03-21T10:54:52.838487,France,Europe,Gevelot,Unknown,EUR,investpy,,,,,,,,,,,,,,,,,,,,,,,,,,,,,1
PCAT,2025-03-21T10:54:52.884885,Sweden,Europe,Photocat AS,Unknown,SEK,investpy,,,,,,,,,,,,,,,,,,,,,,,,,,,,,1
SAN,2025-03-21T10:54:52.884885,Germany,Europe,Santander,Unknown,EUR,investpy,,,,,,,,,,,,,,,,,,,,,,,,,,,,,1
BIAN,2025-03-21T10:54:52.900916,Italy,Europe,Biancamano,Unknown,EUR,investpy,,,,,,,,,,,,,,,,,,,,,,,,,,,,,1
GBGP,2025-03-21T10:54:52.979637,United Kingdom,Europe,GB Group,Unknown,GBP,investpy,,,,,,,,,,,,,,,,,,,,,,,,,,,,,1
HZM,2025-03-21T10:54:52.995668,United Kingdom,Europe,Horizonte Minerals,Unknown,GBP,investpy,,,,,,,,,,,,,,,,,,,,,,,,,,,,,1
UNIBAP,2025-03-21T10:54:53.011167,Sweden,Europe,Unibap,Unknown,SEK,investpy,,,,,,,,,,,,,,,,,,,,,,,,,,,,,1
STEL,2025-03-21T10:54:53.041848,Germany,Europe,SingTel,Unknown,EUR,investpy,,,,,,,,,,,,,,,,,,,,,,,,,,,,,1
FGG,2025-03-21T10:54:53.135516,Sweden,Europe,Future Gaming Group,Unknown,SEK,investpy,,,,,,,,,,,,,,,,,,,,,,,,,,,,,1
COVI,2025-03-21T10:54:53.198068,Norway,Europe,Contextvision,Unknown,NOK,investpy,,,,,,,,,,,,,,,,,,,,,,,,,,,,,1
ZALG,2025-03-21T10:54:53.214122,Germany,Europe,Zalando SE,Unknown,EUR,investpy,,,,,,,,,,,,,,,,,,,,,,,,,,,,,1
MTGb,2025-03-21T10:54:53.230037,Sweden,Europe,MTG B,Unknown,SEK,investpy,,,,,,,,,,,,,,,,,,,,,,,,,,,,,1
AVG,2025-03-21T10:54:53.277513,United Kingdom,Europe,Avingtrans,Unknown,GBP,investpy,,,,,,,,,,,,,,,,,,,,,,,,,,,,,1
INDUCT-ME,2025-03-21T10:54:53.277513,Norway,Europe,Induct,Unknown,NOK,investpy,,,,,,,,,,,,,,,,,,,,,,,,,,,,,1
FNL,2025-03-21T10:54:53.308532,Italy,Europe,Finlogic,Unknown,EUR,investpy,,,,,,,,,,,,,,,,,,,,,,,,,,,,,1
DESI,2025-03-21T10:54:53.340045,Italy,Europe,Banco Di Desio E Brianza,Unknown,EUR,investpy,,,,,,,,,,,,,,,,,,,,,,,,,,,,,1
ALTAN,2025-03-21T10:54:53.499156,France,Europe,Le Tanneur,Unknown,EUR,investpy,,,,,,,,,,,,,,,,,,,,,,,,,,,,,1
YAST,2025-03-21T10:54:53.514162,Spain,Europe,Asturias Retail,Unknown,EUR,investpy,,,,,,,,,,,,,,,,,,,,,,,,,,,,,1
SLITE,2025-03-21T10:54:53.545309,Sweden,Europe,Slitevind,Unknown,SEK,investpy,,,,,,,,,,,,,,,,,,,,,,,,,,,,,1
VALO,2025-03-21T10:54:53.561321,Spain,Europe,VALE ON,Unknown,EUR,investpy,,,,,,,,,,,,,,,,,,,,,,,,,,,,,1
WYWYN,2025-03-21T10:54:53.561321,United Kingdom,Europe,Wynnstay,Unknown,GBP,investpy,,,,,,,,,,,,,,,,,,,,,,,,,,,,,1
XIOR,2025-03-21T10:54:53.609421,Belgium,Europe,Xior Student Housing BVBA,Unknown,EUR,investpy,,,,,,,,,,,,,,,,,,,,,,,,,,,,,1
GILG,2025-03-21T10:54:53.625457,Austria,Europe,DMG Mori Seiki,Unknown,EUR,investpy,,,,,,,,,,,,,,,,,,,,,,,,,,,,,1
SIKA,2025-03-21T10:54:53.625457,Switzerland,Europe,Sika,Unknown,CHF,investpy,,,,,,,,,,,,,,,,,,,,,,,,,,,,,1
BCPT,2025-03-21T10:54:53.847412,United Kingdom,Europe,BMO Commercial,Unknown,GBP,investpy,,,,,,,,,,,,,,,,,,,,,,,,,,,,,1
SIILI,2025-03-21T10:54:53.847412,Finland,Europe,Siili Solutions Oyj,Unknown,EUR,investpy,,,,,,,,,,,,,,,,,,,,,,,,,,,,,1
VOD,2025-03-21T10:54:53.862856,United Kingdom,Europe,Vodafone Group PLC,Unknown,GBP,investpy,,,,,,,,,,,,,,,,,,,,,,,,,,,,,1
DRIL,2025-03-21T10:54:53.862856,Sweden,Europe,Drillcon AB,Unknown,SEK,investpy,,,,,,,,,,,,,,,,,,,,,,,,,,,,,1
SRSr,2025-03-21T10:54:53.894018,Greece,Europe,Gr Sarantis,Unknown,EUR,investpy,,,,,,,,,,,,,,,,,,,,,,,,,,,,,1
STBNOK,2025-03-21T10:54:53.926063,Sweden,Europe,Storebrand,Unknown,NOK,investpy,,,,,,,,,,,,,,,,,,,,,,,,,,,,,1
SY1G,2025-03-21T10:54:53.942081,Austria,Europe,Symrise AG,Unknown,EUR,investpy,,,,,,,,,,,,,,,,,,,,,,,,,,,,,1
TQK,2025-03-21T10:54:53.973675,Germany,Europe,The Wendy’s Co,Unknown,EUR,investpy,,,,,,,,,,,,,,,,,,,,,,,,,,,,,1
TWTR,2025-03-21T10:54:54.159304,Austria,Europe,Twitter Inc,Unknown,EUR,investpy,,,,,,,,,,,,,,,,,,,,,,,,,,,,,1
ABEO,2025-03-21T10:54:54.206151,France,Europe,Abeo SAS,Unknown,EUR,investpy,,,,,,,,,,,,,,,,,,,,,,,,,,,,,1
IPG,2025-03-21T10:54:54.206151,Germany,Europe,IPG,Unknown,EUR,investpy,,,,,,,,,,,,,,,,,,,,,,,,,,,,,1
ODF,2025-03-21T10:54:54.206151,Norway,Europe,Odfjell,Unknown,NOK,investpy,,,,,,,,,,,,,,,,,,,,,,,,,,,,,1
C0Q,2025-03-21T10:54:54.206151,Germany,Europe,Coca Cola HBC AG,Unknown,EUR,investpy,,,,,,,,,,,,,,,,,,,,,,,,,,,,,1
HANDI,2025-03-21T10:54:54.221705,Sweden,Europe,Handicare,Unknown,SEK,investpy,,,,,,,,,,,,,,,,,,,,,,,,,,,,,1
COMPIT,2025-03-21T10:54:54.285730,Sweden,Europe,Compare-IT Nordic,Unknown,SEK,investpy,,,,,,,,,,,,,,,,,,,,,,,,,,,,,1
ELEKTRA,2025-03-21T10:54:54.333425,Spain,Europe,Grupo Elektra,Unknown,EUR,investpy,,,,,,,,,,,,,,,,,,,,,,,,,,,,,1
ZETA,2025-03-21T10:54:54.443877,Sweden,Europe,ZetaDisplay AB,Unknown,SEK,investpy,,,,,,,,,,,,,,,,,,,,,,,,,,,,,1
CROS,2025-03-21T10:54:54.522682,France,Europe,Crosswood,Unknown,EUR,investpy,,,,,,,,,,,,,,,,,,,,,,,,,,,,,1
ANV,2025-03-21T10:54:54.537854,Italy,Europe,Antares Vision,Unknown,EUR,investpy,,,,,,,,,,,,,,,,,,,,,,,,,,,,,1
GSFNOK,2025-03-21T10:54:54.569891,Sweden,Europe,Grieg Seafood,Unknown,NOK,investpy,,,,,,,,,,,,,,,,,,,,,,,,,,,,,1
MAERSKa,2025-03-21T10:54:54.569891,Denmark,Europe,Moller Maersk A,Unknown,DKK,investpy,,,,,,,,,,,,,,,,,,,,,,,,,,,,,1
PNVA,2025-03-21T10:54:54.585168,Sweden,Europe,Paynova,Unknown,SEK,investpy,,,,,,,,,,,,,,,,,,,,,,,,,,,,,1
HBAN,2025-03-21T10:54:54.631677,Germany,Europe,Huntington Bancshares,Unknown,EUR,investpy,,,,,,,,,,,,,,,,,,,,,,,,,,,,,1
GFII,2025-03-21T10:54:54.662994,France,Europe,Lisi,Unknown,EUR,investpy,,,,,,,,,,,,,,,,,,,,,,,,,,,,,1
PAFR,2025-03-21T10:54:54.756653,Germany,Europe,Pan African Resources,Unknown,EUR,investpy,,,,,,,,,,,,,,,,,,,,,,,,,,,,,1
HOMEb,2025-03-21T10:54:54.787966,Sweden,Europe,HomeMaid,Unknown,SEK,investpy,,,,,,,,,,,,,,,,,,,,,,,,,,,,,1
OSBO,2025-03-21T10:54:54.803966,United Kingdom,Europe,OSB,Unknown,GBP,investpy,,,,,,,,,,,,,,,,,,,,,,,,,,,,,1
SAA1V,2025-03-21T10:54:54.835713,Finland,Europe,Sanoma Oyj,Unknown,EUR,investpy,,,,,,,,,,,,,,,,,,,,,,,,,,,,,1
TWTR,2025-03-21T10:54:54.929997,Switzerland,Europe,Twitter Inc,Unknown,CHF,investpy,,,,,,,,,,,,,,,,,,,,,,,,,,,,,1
CAPLI,2025-03-21T10:54:54.960968,France,Europe,Capelli,Unknown,EUR,investpy,,,,,,,,,,,,,,,,,,,,,,,,,,,,,1
NTSAS,2025-03-21T10:54:54.960968,Norway,Europe,NTS ASA,Unknown,NOK,investpy,,,,,,,,,,,,,,,,,,,,,,,,,,,,,1
AOXG,2025-03-21T10:54:54.977050,Austria,Europe,Alstria,Unknown,EUR,investpy,,,,,,,,,,,,,,,,,,,,,,,,,,,,,1
SYNCS,2025-03-21T10:54:55.055781,United Kingdom,Europe,Syncona,Unknown,GBP,investpy,,,,,,,,,,,,,,,,,,,,,,,,,,,,,1
ALCC,2025-03-21T10:54:55.071796,Switzerland,Europe,Alcon,Unknown,CHF,investpy,,,,,,,,,,,,,,,,,,,,,,,,,,,,,1
NJOB,2025-03-21T10:54:55.103584,Sweden,Europe,NetJobs Group AB,Unknown,SEK,investpy,,,,,,,,,,,,,,,,,,,,,,,,,,,,,1
HNE,2025-03-21T10:54:55.119234,United Kingdom,Europe,Henderson Eurotrust,Unknown,GBP,investpy,,,,,,,,,,,,,,,,,,,,,,,,,,,,,1
CRTO,2025-03-21T10:54:55.244564,France,Europe,Crcam Touraine,Unknown,EUR,investpy,,,,,,,,,,,,,,,,,,,,,,,,,,,,,1
IGC,2025-03-21T10:54:55.244564,United Kingdom,Europe,India Capital,Unknown,GBP,investpy,,,,,,,,,,,,,,,,,,,,,,,,,,,,,1
NETC,2025-03-21T10:54:55.260613,United Kingdom,Europe,Netcall,Unknown,GBP,investpy,,,,,,,,,,,,,,,,,,,,,,,,,,,,,1
HON,2025-03-21T10:54:55.323753,Germany,Europe,Honeywell,Unknown,EUR,investpy,,,,,,,,,,,,,,,,,,,,,,,,,,,,,1
III,2025-03-21T10:54:55.339323,United Kingdom,Europe,3I Group,Unknown,GBP,investpy,,,,,,,,,,,,,,,,,,,,,,,,,,,,,1
TBIRD,2025-03-21T10:54:55.402042,Netherlands,Europe,Thunderbird Resorts,Unknown,USD,investpy,,,,,,,,,,,,,,,,,,,,,,,,,,,,,1
CSP,2025-03-21T10:54:55.432588,Italy,Europe,CSP International,Unknown,EUR,investpy,,,,,,,,,,,,,,,,,,,,,,,,,,,,,1
FCIT,2025-03-21T10:54:55.448613,United Kingdom,Europe,F&C Invest,Unknown,GBP,investpy,,,,,,,,,,,,,,,,,,,,,,,,,,,,,1
BRGD,2025-03-21T10:54:55.543187,Norway,Europe,Borregaard,Unknown,NOK,investpy,,,,,,,,,,,,,,,,,,,,,,,,,,,,,1
BYOT,2025-03-21T10:54:55.559236,United Kingdom,Europe,Byotrol,Unknown,GBP,investpy,,,,,,,,,,,,,,,,,,,,,,,,,,,,,1
ZUMV,2025-03-21T10:54:55.621663,Austria,Europe,Zumtobel AG,Unknown,EUR,investpy,,,,,,,,,,,,,,,,,,,,,,,,,,,,,1
CMCOM,2025-03-21T10:54:55.668821,Netherlands,Europe,Cm,Unknown,EUR,investpy,,,,,,,,,,,,,,,,,,,,,,,,,,,,,1
HELN,2025-03-21T10:54:55.699862,Switzerland,Europe,Helvetia,Unknown,CHF,investpy,,,,,,,,,,,,,,,,,,,,,,,,,,,,,1
ALLN,2025-03-21T10:54:55.699862,Switzerland,Europe,Allreal Holding,Unknown,CHF,investpy,,,,,,,,,,,,,,,,,,,,,,,,,,,,,1
BIOWKS,2025-03-21T10:54:55.699862,Sweden,Europe,Bio-Works,Unknown,SEK,investpy,,,,,,,,,,,,,,,,,,,,,,,,,,,,,1
1BF,2025-03-21T10:54:55.715530,Germany,Europe,Phoenix,Unknown,EUR,investpy,,,,,,,,,,,,,,,,,,,,,,,,,,,,,1
REGN,2025-03-21T10:54:55.871120,Germany,Europe,Regeneron Pharma,Unknown,EUR,investpy,,,,,,,,,,,,,,,,,,,,,,,,,,,,,1
AALD,2025-03-21T10:54:55.902898,Austria,Europe,American Airlines,Unknown,EUR,investpy,,,,,,,,,,,,,,,,,,,,,,,,,,,,,1
BYGGP,2025-03-21T10:54:55.918843,Sweden,Europe,Bygg Partner i Dalarna,Unknown,SEK,investpy,,,,,,,,,,,,,,,,,,,,,,,,,,,,,1
DTEGnEUR,2025-03-21T10:54:55.998210,Switzerland,Europe,Deutsche Telekom AG,Unknown,EUR,investpy,,,,,,,,,,,,,,,,,,,,,,,,,,,,,1
ABI,2025-03-21T10:54:56.014218,Italy,Europe,Anheuser Busch Inbev,Unknown,EUR,investpy,,,,,,,,,,,,,,,,,,,,,,,,,,,,,1
LGEN,2025-03-21T10:54:56.062266,United Kingdom,Europe,Legal & General,Unknown,GBP,investpy,,,,,,,,,,,,,,,,,,,,,,,,,,,,,1
ABF,2025-03-21T10:54:56.077268,United Kingdom,Europe,Associated British Foods,Unknown,GBP,investpy,,,,,,,,,,,,,,,,,,,,,,,,,,,,,1
SOPH,2025-03-21T10:54:56.093269,United Kingdom,Europe,Sophos Group PLC,Unknown,GBP,investpy,,,,,,,,,,,,,,,,,,,,,,,,,,,,,1
TOTF,2025-03-21T10:54:56.155409,Switzerland,Europe,Total,Unknown,CHF,investpy,,,,,,,,,,,,,,,,,,,,,,,,,,,,,1
BEZG,2025-03-21T10:54:56.216450,United Kingdom,Europe,Beazley,Unknown,GBP,investpy,,,,,,,,,,,,,,,,,,,,,,,,,,,,,1
ZCCM,2025-03-21T10:54:56.264074,France,Europe,ZCCM Investments,Unknown,EUR,investpy,,,,,,,,,,,,,,,,,,,,,,,,,,,,,1
BGHL,2025-03-21T10:54:56.343690,Netherlands,Europe,Boussard Gavaudan,Unknown,EUR,investpy,,,,,,,,,,,,,,,,,,,,,,,,,,,,,1
SAPGEUR,2025-03-21T10:54:56.359704,Switzerland,Europe,SAP,Unknown,EUR,investpy,,,,,,,,,,,,,,,,,,,,,,,,,,,,,1
MLDTB,2025-03-21T10:54:56.375738,France,Europe,Datbim SA,Unknown,EUR,investpy,,,,,,,,,,,,,,,,,,,,,,,,,,,,,1
UW,2025-03-21T10:54:56.407791,Germany,Europe,Waste Management,Unknown,EUR,investpy,,,,,,,,,,,,,,,,,,,,,,,,,,,,,1
SIAT,2025-03-21T10:54:56.423886,Switzerland,Europe,CS RE Siat,Unknown,CHF,investpy,,,,,,,,,,,,,,,,,,,,,,,,,,,,,1
GDWN,2025-03-21T10:54:56.455288,United Kingdom,Europe,Goodwin,Unknown,GBP,investpy,,,,,,,,,,,,,,,,,,,,,,,,,,,,,1
YPARK,2025-03-21T10:54:56.532726,Spain,Europe,Inmobiliaria Park Rose,Unknown,EUR,investpy,,,,,,,,,,,,,,,,,,,,,,,,,,,,,1
AFPD,2025-03-21T10:54:56.532726,Switzerland,Europe,Aluflexpack,Unknown,CHF,investpy,,,,,,,,,,,,,,,,,,,,,,,,,,,,,1
MOLDC,2025-03-21T10:54:56.657196,Italy,Europe,Costamp,Unknown,EUR,investpy,,,,,,,,,,,,,,,,,,,,,,,,,,,,,1
SOSI1,2025-03-21T10:54:56.688469,Finland,Europe,Sotkamo Silver AB,Unknown,EUR,investpy,,,,,,,,,,,,,,,,,,,,,,,,,,,,,1
MULQ,2025-03-21T10:54:56.720468,Sweden,Europe,MultiQ International,Unknown,SEK,investpy,,,,,,,,,,,,,,,,,,,,,,,,,,,,,1
RAAG,2025-03-21T10:54:56.784065,Germany,Europe,Rational AG,Unknown,EUR,investpy,,,,,,,,,,,,,,,,,,,,,,,,,,,,,1
CVN,2025-03-21T10:54:56.784065,Germany,Europe,Carnarvon Petroleum,Unknown,EUR,investpy,,,,,,,,,,,,,,,,,,,,,,,,,,,,,1
NY7,2025-03-21T10:54:56.800085,Germany,Europe,Molson Coors Brewing B,Unknown,EUR,investpy,,,,,,,,,,,,,,,,,,,,,,,,,,,,,1
LHN,2025-03-21T10:54:56.863782,France,Europe,LafargeHolcim,Unknown,EUR,investpy,,,,,,,,,,,,,,,,,,,,,,,,,,,,,1
NKR,2025-03-21T10:54:56.911907,Norway,Europe,Nekkar Asa,Unknown,NOK,investpy,,,,,,,,,,,,,,,,,,,,,,,,,,,,,1
ALVER,2025-03-21T10:54:56.957700,France,Europe,Vergnet,Unknown,EUR,investpy,,,,,,,,,,,,,,,,,,,,,,,,,,,,,1
JHD,2025-03-21T10:54:56.988210,United Kingdom,Europe,James Halstead,Unknown,GBP,investpy,,,,,,,,,,,,,,,,,,,,,,,,,,,,,1
ALSS,2025-03-21T10:54:57.050979,Portugal,Europe,Altri,Unknown,EUR,investpy,,,,,,,,,,,,,,,,,,,,,,,,,,,,,1
ABVX,2025-03-21T10:54:57.050979,France,Europe,Abivax SA,Unknown,EUR,investpy,,,,,,,,,,,,,,,,,,,,,,,,,,,,,1
BKNGUSD,2025-03-21T10:54:57.128829,Switzerland,Europe,Booking,Unknown,EUR,investpy,,,,,,,,,,,,,,,,,,,,,,,,,,,,,1
SCOR,2025-03-21T10:54:57.159726,France,Europe,SCOR,Unknown,EUR,investpy,,,,,,,,,,,,,,,,,,,,,,,,,,,,,1
GRLA,2025-03-21T10:54:57.207651,Denmark,Europe,Gronlandsbanken,Unknown,DKK,investpy,,,,,,,,,,,,,,,,,,,,,,,,,,,,,1
SIC,2025-03-21T10:54:57.238452,Switzerland,Europe,Swisscanto CH RE Ifca,Unknown,CHF,investpy,,,,,,,,,,,,,,,,,,,,,,,,,,,,,1
PSCF,2025-03-21T10:54:57.315986,Switzerland,Europe,Procimmo Swiss Commercial,Unknown,CHF,investpy,,,,,,,,,,,,,,,,,,,,,,,,,,,,,1
CMO,2025-03-21T10:54:57.315986,France,Europe,Crcam Morbihan,Unknown,EUR,investpy,,,,,,,,,,,,,,,,,,,,,,,,,,,,,1
MLVAP,2025-03-21T10:54:57.331497,France,Europe,Kumulus Vape,Unknown,EUR,investpy,,,,,,,,,,,,,,,,,,,,,,,,,,,,,1
AIBG,2025-03-21T10:54:57.378813,Ireland,Europe,AIB,Unknown,EUR,investpy,,,,,,,,,,,,,,,,,,,,,,,,,,,,,1
AIKb,2025-03-21T10:54:57.394883,Sweden,Europe,AIK Fotboll,Unknown,SEK,investpy,,,,,,,,,,,,,,,,,,,,,,,,,,,,,1
PQR,2025-03-21T10:54:57.472133,Spain,Europe,Parques Reunidos,Unknown,EUR,investpy,,,,,,,,,,,,,,,,,,,,,,,,,,,,,1
TOWNT,2025-03-21T10:54:57.502934,United Kingdom,Europe,Town Centre,Unknown,GBP,investpy,,,,,,,,,,,,,,,,,,,,,,,,,,,,,1
ALBOU,2025-03-21T10:54:57.549168,France,Europe,Bourrelier,Unknown,EUR,investpy,,,,,,,,,,,,,,,,,,,,,,,,,,,,,1
BRWM,2025-03-21T10:54:57.642786,United Kingdom,Europe,Blackrock World Mining,Unknown,GBP,investpy,,,,,,,,,,,,,,,,,,,,,,,,,,,,,1
CTH1V,2025-03-21T10:54:57.642786,Finland,Europe,Componenta Oyj,Unknown,EUR,investpy,,,,,,,,,,,,,,,,,,,,,,,,,,,,,1
LEADD,2025-03-21T10:54:57.689966,Finland,Europe,Leaddesk,Unknown,EUR,investpy,,,,,,,,,,,,,,,,,,,,,,,,,,,,,1
BEG,2025-03-21T10:54:57.720834,United Kingdom,Europe,Begbies Traynor,Unknown,GBP,investpy,,,,,,,,,,,,,,,,,,,,,,,,,,,,,1
FTON,2025-03-21T10:54:57.766644,Switzerland,Europe,Feintool International Holding,Unknown,CHF,investpy,,,,,,,,,,,,,,,,,,,,,,,,,,,,,1
VJBA,2025-03-21T10:54:57.766644,Denmark,Europe,Vestjysk Bank,Unknown,DKK,investpy,,,,,,,,,,,,,,,,,,,,,,,,,,,,,1
SIE,2025-03-21T10:54:57.829674,Italy,Europe,Siemens AG,Unknown,EUR,investpy,,,,,,,,,,,,,,,,,,,,,,,,,,,,,1
MAREL,2025-03-21T10:54:57.877174,Netherlands,Europe,Marel hf,Unknown,EUR,investpy,,,,,,,,,,,,,,,,,,,,,,,,,,,,,1
INGI,2025-03-21T10:54:57.987514,United Kingdom,Europe,Ingenta,Unknown,GBP,investpy,,,,,,,,,,,,,,,,,,,,,,,,,,,,,1
FPO,2025-03-21T10:54:58.019055,Germany,Europe,Petra Diamonds,Unknown,EUR,investpy,,,,,,,,,,,,,,,,,,,,,,,,,,,,,1
NEXTNOK,2025-03-21T10:54:58.019055,Sweden,Europe,Next Biometrics,Unknown,NOK,investpy,,,,,,,,,,,,,,,,,,,,,,,,,,,,,1
ABBN,2025-03-21T10:54:58.065548,Switzerland,Europe,ABB,Unknown,CHF,investpy,,,,,,,,,,,,,,,,,,,,,,,,,,,,,1
DEDIC,2025-03-21T10:54:58.097137,Sweden,Europe,Dedicare B,Unknown,SEK,investpy,,,,,,,,,,,,,,,,,,,,,,,,,,,,,1
STAF,2025-03-21T10:54:58.127577,United Kingdom,Europe,Staffline,Unknown,GBP,investpy,,,,,,,,,,,,,,,,,,,,,,,,,,,,,1
WINEW,2025-03-21T10:54:58.143603,United Kingdom,Europe,Majestic Wine,Unknown,GBP,investpy,,,,,,,,,,,,,,,,,,,,,,,,,,,,,1
ETO,2025-03-21T10:54:58.159602,United Kingdom,Europe,Entertainment One,Unknown,GBP,investpy,,,,,,,,,,,,,,,,,,,,,,,,,,,,,1
H2Fn,2025-03-21T10:54:58.284559,Germany,Europe,Heliocentris Energy Solutions,Unknown,EUR,investpy,,,,,,,,,,,,,,,,,,,,,,,,,,,,,1
ANP,2025-03-21T10:54:58.316565,United Kingdom,Europe,Anpario,Unknown,GBP,investpy,,,,,,,,,,,,,,,,,,,,,,,,,,,,,1
CAH,2025-03-21T10:54:58.331698,Germany,Europe,Cardinal Health,Unknown,EUR,investpy,,,,,,,,,,,,,,,,,,,,,,,,,,,,,1
ARYN,2025-03-21T10:54:58.362361,Ireland,Europe,Aryzta,Unknown,EUR,investpy,,,,,,,,,,,,,,,,,,,,,,,,,,,,,1
EVE,2025-03-21T10:54:58.362865,Switzerland,Europe,Evolva Holding,Unknown,CHF,investpy,,,,,,,,,,,,,,,,,,,,,,,,,,,,,1
RIB,2025-03-21T10:54:58.425609,Germany,Europe,RIB Software AG,Unknown,EUR,investpy,,,,,,,,,,,,,,,,,,,,,,,,,,,,,1
REDD,2025-03-21T10:54:58.503565,United Kingdom,Europe,Redde,Unknown,GBP,investpy,,,,,,,,,,,,,,,,,,,,,,,,,,,,,1
MBO,2025-03-21T10:54:58.503565,United Kingdom,Europe,Mobilityone,Unknown,GBP,investpy,,,,,,,,,,,,,,,,,,,,,,,,,,,,,1
SLB,2025-03-21T10:54:58.614835,Switzerland,Europe,Schlumberger,Unknown,CHF,investpy,,,,,,,,,,,,,,,,,,,,,,,,,,,,,1
SGOB,2025-03-21T10:54:58.630672,Italy,Europe,Saint Gobain,Unknown,EUR,investpy,,,,,,,,,,,,,,,,,,,,,,,,,,,,,1
IRLABa,2025-03-21T10:54:58.662402,Sweden,Europe,IRLAB Therapeutics,Unknown,SEK,investpy,,,,,,,,,,,,,,,,,,,,,,,,,,,,,1
TENr,2025-03-21T10:54:58.724349,Greece,Europe,Terna Energy,Unknown,EUR,investpy,,,,,,,,,,,,,,,,,,,,,,,,,,,,,1
INTEGb,2025-03-21T10:54:58.739532,Sweden,Europe,Integrum,Unknown,SEK,investpy,,,,,,,,,,,,,,,,,,,,,,,,,,,,,1
IVXG,2025-03-21T10:54:58.739532,Germany,Europe,Invision AG,Unknown,EUR,investpy,,,,,,,,,,,,,,,,,,,,,,,,,,,,,1
RAIKV,2025-03-21T10:54:58.802783,Finland,Europe,Raisio,Unknown,EUR,investpy,,,,,,,,,,,,,,,,,,,,,,,,,,,,,1
NEPA,2025-03-21T10:54:58.881530,Sweden,Europe,Nepa,Unknown,SEK,investpy,,,,,,,,,,,,,,,,,,,,,,,,,,,,,1
CRGIn,2025-03-21T10:54:58.881530,Italy,Europe,Banca Carige RSP,Unknown,EUR,investpy,,,,,,,,,,,,,,,,,,,,,,,,,,,,,1
MBBG,2025-03-21T10:54:58.960924,Germany,Europe,MBB Industries AG,Unknown,EUR,investpy,,,,,,,,,,,,,,,,,,,,,,,,,,,,,1
BET,2025-03-21T10:54:58.992821,Italy,Europe,BE,Unknown,EUR,investpy,,,,,,,,,,,,,,,,,,,,,,,,,,,,,1
HOC,2025-03-21T10:54:59.008838,Germany,Europe,HolidayCheck,Unknown,EUR,investpy,,,,,,,,,,,,,,,,,,,,,,,,,,,,,1
SIEGnEUR,2025-03-21T10:54:59.008838,Switzerland,Europe,Siemens AG,Unknown,EUR,investpy,,,,,,,,,,,,,,,,,,,,,,,,,,,,,1
PVAC,2025-03-21T10:54:59.056461,France,Europe,Pierre Vacances,Unknown,EUR,investpy,,,,,,,,,,,,,,,,,,,,,,,,,,,,,1
REE,2025-03-21T10:54:59.119337,Spain,Europe,Red Electrica,Unknown,EUR,investpy,,,,,,,,,,,,,,,,,,,,,,,,,,,,,1
HOFI,2025-03-21T10:54:59.165141,Sweden,Europe,Hoist Finance AB,Unknown,SEK,investpy,,,,,,,,,,,,,,,,,,,,,,,,,,,,,1
ELEC,2025-03-21T10:54:59.258980,Sweden,Europe,Electra Gruppen,Unknown,SEK,investpy,,,,,,,,,,,,,,,,,,,,,,,,,,,,,1
ELY,2025-03-21T10:54:59.258980,Germany,Europe,Callaway Golf,Unknown,EUR,investpy,,,,,,,,,,,,,,,,,,,,,,,,,,,,,1
UIAV,2025-03-21T10:54:59.274260,Austria,Europe,Unternehmens Invest AG,Unknown,EUR,investpy,,,,,,,,,,,,,,,,,,,,,,,,,,,,,1
ATVI,2025-03-21T10:54:59.321043,Austria,Europe,Activision Blizzard,Unknown,EUR,investpy,,,,,,,,,,,,,,,,,,,,,,,,,,,,,1
JBOG,2025-03-21T10:54:59.384353,France,Europe,Jacques Bogart,Unknown,EUR,investpy,,,,,,,,,,,,,,,,,,,,,,,,,,,,,1
VEMFsdb,2025-03-21T10:54:59.384353,Sweden,Europe,Vostok Emerging Finance Ltd,Unknown,SEK,investpy,,,,,,,,,,,,,,,,,,,,,,,,,,,,,1
V3VGn,2025-03-21T10:54:59.430865,Germany,Europe,Vita 34 AG,Unknown,EUR,investpy,,,,,,,,,,,,,,,,,,,,,,,,,,,,,1
FUGRc,2025-03-21T10:54:59.446881,Netherlands,Europe,Fugro,Unknown,EUR,investpy,,,,,,,,,,,,,,,,,,,,,,,,,,,,,1
ALNGNOK,2025-03-21T10:54:59.586936,Sweden,Europe,Awilco LNG,Unknown,NOK,investpy,,,,,,,,,,,,,,,,,,,,,,,,,,,,,1
LXSG,2025-03-21T10:54:59.586936,Germany,Europe,Lanxess AG,Unknown,EUR,investpy,,,,,,,,,,,,,,,,,,,,,,,,,,,,,1
CRDA,2025-03-21T10:54:59.618779,United Kingdom,Europe,Croda Intl,Unknown,GBP,investpy,,,,,,,,,,,,,,,,,,,,,,,,,,,,,1
CONFRZ,2025-03-21T10:54:59.681672,Denmark,Europe,Conferize,Unknown,DKK,investpy,,,,,,,,,,,,,,,,,,,,,,,,,,,,,1
2DBn,2025-03-21T10:54:59.712932,Germany,Europe,Dunkin Brands,Unknown,EUR,investpy,,,,,,,,,,,,,,,,,,,,,,,,,,,,,1
VLTZ,2025-03-21T10:54:59.712932,France,Europe,Graines Voltz,Unknown,EUR,investpy,,,,,,,,,,,,,,,,,,,,,,,,,,,,,1
AAL,2025-03-21T10:54:59.728063,Switzerland,Europe,Anglo American,Unknown,CHF,investpy,,,,,,,,,,,,,,,,,,,,,,,,,,,,,1
DB1GnEUR,2025-03-21T10:54:59.743345,Switzerland,Europe,Deutsche Boerse,Unknown,EUR,investpy,,,,,,,,,,,,,,,,,,,,,,,,,,,,,1
GIRO,2025-03-21T10:54:59.852045,France,Europe,Signaux Girod,Unknown,EUR,investpy,,,,,,,,,,,,,,,,,,,,,,,,,,,,,1
AEDAS,2025-03-21T10:54:59.882598,Spain,Europe,Aedas Homes,Unknown,EUR,investpy,,,,,,,,,,,,,,,,,,,,,,,,,,,,,1
ALNN6,2025-03-21T10:54:59.928830,France,Europe,Enensys Technologies,Unknown,EUR,investpy,,,,,,,,,,,,,,,,,,,,,,,,,,,,,1
CPRC,2025-03-21T10:55:00.005782,United Kingdom,Europe,Carpetright,Unknown,GBP,investpy,,,,,,,,,,,,,,,,,,,,,,,,,,,,,1
MNL,2025-03-21T10:55:00.021806,United Kingdom,Europe,Manchester and London,Unknown,GBP,investpy,,,,,,,,,,,,,,,,,,,,,,,,,,,,,1
GSK,2025-03-21T10:55:00.021806,Switzerland,Europe,GlaxoSmithKline,Unknown,CHF,investpy,,,,,,,,,,,,,,,,,,,,,,,,,,,,,1
MLTR,2025-03-21T10:55:00.021806,Sweden,Europe,Uni Light LED,Unknown,SEK,investpy,,,,,,,,,,,,,,,,,,,,,,,,,,,,,1
NDADK,2025-03-21T10:55:00.085231,Denmark,Europe,Nordea Bank,Unknown,DKK,investpy,,,,,,,,,,,,,,,,,,,,,,,,,,,,,1
ALERS,2025-03-21T10:55:00.164078,France,Europe,Eurobio Scientific,Unknown,EUR,investpy,,,,,,,,,,,,,,,,,,,,,,,,,,,,,1
HOLCO,2025-03-21T10:55:00.179172,Netherlands,Europe,Holland Colours,Unknown,EUR,investpy,,,,,,,,,,,,,,,,,,,,,,,,,,,,,1
SVS,2025-03-21T10:55:00.194430,United Kingdom,Europe,Savills,Unknown,GBP,investpy,,,,,,,,,,,,,,,,,,,,,,,,,,,,,1
VZ,2025-03-21T10:55:00.289406,Austria,Europe,Verizon,Unknown,EUR,investpy,,,,,,,,,,,,,,,,,,,,,,,,,,,,,1
RISK,2025-03-21T10:55:00.368545,Sweden,Europe,Risk Intelligence,Unknown,SEK,investpy,,,,,,,,,,,,,,,,,,,,,,,,,,,,,1
ANEA,2025-03-21T10:55:00.368545,United Kingdom,Europe,Anglo-Eastern Plantations,Unknown,GBP,investpy,,,,,,,,,,,,,,,,,,,,,,,,,,,,,1
HELIO,2025-03-21T10:55:00.400532,Sweden,Europe,Heliospectra publ AB,Unknown,SEK,investpy,,,,,,,,,,,,,,,,,,,,,,,,,,,,,1
DOKA,2025-03-21T10:55:00.448117,Switzerland,Europe,Dorma Kaba Holding,Unknown,CHF,investpy,,,,,,,,,,,,,,,,,,,,,,,,,,,,,1
TRVX,2025-03-21T10:55:00.448117,Norway,Europe,Targovax,Unknown,NOK,investpy,,,,,,,,,,,,,,,,,,,,,,,,,,,,,1
BIOa,2025-03-21T10:55:00.527196,Germany,Europe,Bio-Rad Labs,Unknown,EUR,investpy,,,,,,,,,,,,,,,,,,,,,,,,,,,,,1
HYR,2025-03-21T10:55:00.527196,United Kingdom,Europe,Hydrodec,Unknown,GBP,investpy,,,,,,,,,,,,,,,,,,,,,,,,,,,,,1
SCST,2025-03-21T10:55:00.605601,Sweden,Europe,Scandi Standard publ AB,Unknown,SEK,investpy,,,,,,,,,,,,,,,,,,,,,,,,,,,,,1
PCA,2025-03-21T10:55:00.699584,United Kingdom,Europe,Palace Capital PLC,Unknown,GBP,investpy,,,,,,,,,,,,,,,,,,,,,,,,,,,,,1
ROSER,2025-03-21T10:55:00.715650,United Kingdom,Europe,Rose Petroleum,Unknown,GBP,investpy,,,,,,,,,,,,,,,,,,,,,,,,,,,,,1
CTNGk,2025-03-21T10:55:00.715650,Germany,Europe,Centrotherm,Unknown,EUR,investpy,,,,,,,,,,,,,,,,,,,,,,,,,,,,,1
ABM,2025-03-21T10:55:00.746390,Germany,Europe,ABM Industries,Unknown,EUR,investpy,,,,,,,,,,,,,,,,,,,,,,,,,,,,,1
DIVIb,2025-03-21T10:55:00.762396,Sweden,Europe,Dividend Sweden,Unknown,SEK,investpy,,,,,,,,,,,,,,,,,,,,,,,,,,,,,1
UTDI,2025-03-21T10:55:00.855917,Austria,Europe,United Internet AG,Unknown,EUR,investpy,,,,,,,,,,,,,,,,,,,,,,,,,,,,,1
NETG,2025-03-21T10:55:00.871965,Sweden,Europe,Net Gaming,Unknown,SEK,investpy,,,,,,,,,,,,,,,,,,,,,,,,,,,,,1
SCAb,2025-03-21T10:55:00.966297,Switzerland,Europe,SCA B,Unknown,CHF,investpy,,,,,,,,,,,,,,,,,,,,,,,,,,,,,1
CRR,2025-03-21T10:55:00.997856,Italy,Europe,Carrefour,Unknown,EUR,investpy,,,,,,,,,,,,,,,,,,,,,,,,,,,,,1
CBKG,2025-03-21T10:55:01.013356,Germany,Europe,Commerzbank,Unknown,EUR,investpy,,,,,,,,,,,,,,,,,,,,,,,,,,,,,1
AAP,2025-03-21T10:55:01.028363,Germany,Europe,Azure Health,Unknown,AUD,investpy,,,,,,,,,,,,,,,,,,,,,,,,,,,,,1
FPE4y,2025-03-21T10:55:01.028363,Germany,Europe,Fuchs Petrolub ADR,Unknown,EUR,investpy,,,,,,,,,,,,,,,,,,,,,,,,,,,,,1
CVX,2025-03-21T10:55:01.091253,Switzerland,Europe,Chevron,Unknown,CHF,investpy,,,,,,,,,,,,,,,,,,,,,,,,,,,,,1
FATL,2025-03-21T10:55:01.154498,France,Europe,Fonciere Atland,Unknown,EUR,investpy,,,,,,,,,,,,,,,,,,,,,,,,,,,,,1
A4Y,2025-03-21T10:55:01.185730,Germany,Europe,Accentro Real Estate,Unknown,EUR,investpy,,,,,,,,,,,,,,,,,,,,,,,,,,,,,1
SORR,2025-03-21T10:55:01.249733,Norway,Europe,Sparebanken Sor,Unknown,NOK,investpy,,,,,,,,,,,,,,,,,,,,,,,,,,,,,1
SAGAG,2025-03-21T10:55:01.328601,United Kingdom,Europe,Saga,Unknown,GBP,investpy,,,,,,,,,,,,,,,,,,,,,,,,,,,,,1
1T1,2025-03-21T10:55:01.343625,Germany,Europe,TechnipFMC,Unknown,EUR,investpy,,,,,,,,,,,,,,,,,,,,,,,,,,,,,1
ATEO,2025-03-21T10:55:01.359615,Belgium,Europe,Atenor,Unknown,EUR,investpy,,,,,,,,,,,,,,,,,,,,,,,,,,,,,1
VOG,2025-03-21T10:55:01.375075,United Kingdom,Europe,Victoria Oil,Unknown,GBP,investpy,,,,,,,,,,,,,,,,,,,,,,,,,,,,,1
ALBFR,2025-03-21T10:55:01.406299,France,Europe,Sidetrade,Unknown,EUR,investpy,,,,,,,,,,,,,,,,,,,,,,,,,,,,,1
SBUX,2025-03-21T10:55:01.436849,Switzerland,Europe,Starbucks,Unknown,CHF,investpy,,,,,,,,,,,,,,,,,,,,,,,,,,,,,1
CGT,2025-03-21T10:55:01.484482,United Kingdom,Europe,Capital Gearing,Unknown,GBP,investpy,,,,,,,,,,,,,,,,,,,,,,,,,,,,,1
GIBG,2025-03-21T10:55:01.610354,Germany,Europe,GSW Immobilien AG,Unknown,EUR,investpy,,,,,,,,,,,,,,,,,,,,,,,,,,,,,1
ZO1G,2025-03-21T10:55:01.626569,Switzerland,Europe,Zooplus AG,Unknown,CHF,investpy,,,,,,,,,,,,,,,,,,,,,,,,,,,,,1
IPF,2025-03-21T10:55:01.626569,United Kingdom,Europe,Intl Personal Finance,Unknown,GBP,investpy,,,,,,,,,,,,,,,,,,,,,,,,,,,,,1
RM11,2025-03-21T10:55:01.689545,Germany,Europe,Endologix,Unknown,EUR,investpy,,,,,,,,,,,,,,,,,,,,,,,,,,,,,1
IPCOR,2025-03-21T10:55:01.689545,Sweden,Europe,Intl Petroleum,Unknown,SEK,investpy,,,,,,,,,,,,,,,,,,,,,,,,,,,,,1
BKY,2025-03-21T10:55:01.689545,United Kingdom,Europe,Berkeley Energy,Unknown,GBP,investpy,,,,,,,,,,,,,,,,,,,,,,,,,,,,,1
PARP,2025-03-21T10:55:01.752189,France,Europe,Groupe Partouche,Unknown,EUR,investpy,,,,,,,,,,,,,,,,,,,,,,,,,,,,,1
MURG,2025-03-21T10:55:01.783392,United Kingdom,Europe,Murgitroyd,Unknown,GBP,investpy,,,,,,,,,,,,,,,,,,,,,,,,,,,,,1
GREENM,2025-03-21T10:55:01.907189,Denmark,Europe,GreenMobility,Unknown,DKK,investpy,,,,,,,,,,,,,,,,,,,,,,,,,,,,,1
2UH,2025-03-21T10:55:01.907189,Germany,Europe,ANGI Homeservices,Unknown,EUR,investpy,,,,,,,,,,,,,,,,,,,,,,,,,,,,,1
ENVI,2025-03-21T10:55:01.985001,Netherlands,Europe,Envipco,Unknown,EUR,investpy,,,,,,,,,,,,,,,,,,,,,,,,,,,,,1
ZV,2025-03-21T10:55:02.001019,Italy,Europe,Zignago Vetro,Unknown,EUR,investpy,,,,,,,,,,,,,,,,,,,,,,,,,,,,,1
GFS,2025-03-21T10:55:02.032160,United Kingdom,Europe,G4S,Unknown,GBP,investpy,,,,,,,,,,,,,,,,,,,,,,,,,,,,,1
MAR,2025-03-21T10:55:02.048215,Austria,Europe,Marriott Int,Unknown,EUR,investpy,,,,,,,,,,,,,,,,,,,,,,,,,,,,,1
PHLYS,2025-03-21T10:55:02.064109,Norway,Europe,Philly Shipyard ASA,Unknown,NOK,investpy,,,,,,,,,,,,,,,,,,,,,,,,,,,,,1
HLE,2025-03-21T10:55:02.110158,Austria,Europe,Hella KGaA Hueck & Co,Unknown,EUR,investpy,,,,,,,,,,,,,,,,,,,,,,,,,,,,,1
NWRN,2025-03-21T10:55:02.251784,Switzerland,Europe,Newron Pharmaceuticals,Unknown,CHF,investpy,,,,,,,,,,,,,,,,,,,,,,,,,,,,,1
G4S,2025-03-21T10:55:02.267830,Denmark,Europe,G4S,Unknown,DKK,investpy,,,,,,,,,,,,,,,,,,,,,,,,,,,,,1
MLSML,2025-03-21T10:55:02.299842,France,Europe,Smalto,Unknown,EUR,investpy,,,,,,,,,,,,,,,,,,,,,,,,,,,,,1
IOL,2025-03-21T10:55:02.331356,Italy,Europe,Italiaonline,Unknown,EUR,investpy,,,,,,,,,,,,,,,,,,,,,,,,,,,,,1
LAGA,2025-03-21T10:55:02.363355,France,Europe,Lagardere,Unknown,EUR,investpy,,,,,,,,,,,,,,,,,,,,,,,,,,,,,1
MEMS,2025-03-21T10:55:02.363355,France,Europe,Memscap,Unknown,EUR,investpy,,,,,,,,,,,,,,,,,,,,,,,,,,,,,1
FNOX,2025-03-21T10:55:02.395353,Sweden,Europe,Fortnox,Unknown,SEK,investpy,,,,,,,,,,,,,,,,,,,,,,,,,,,,,1
SGC,2025-03-21T10:55:02.457613,United Kingdom,Europe,Stagecoach,Unknown,GBP,investpy,,,,,,,,,,,,,,,,,,,,,,,,,,,,,1
GGGA,2025-03-21T10:55:02.566435,Germany,Europe,Greenland Minerals&Energy,Unknown,EUR,investpy,,,,,,,,,,,,,,,,,,,,,,,,,,,,,1
TRH1V,2025-03-21T10:55:02.628610,Finland,Europe,Trainers House,Unknown,EUR,investpy,,,,,,,,,,,,,,,,,,,,,,,,,,,,,1
SCI,2025-03-21T10:55:02.628610,Germany,Europe,SCI,Unknown,EUR,investpy,,,,,,,,,,,,,,,,,,,,,,,,,,,,,1
CAF,2025-03-21T10:55:02.644639,Spain,Europe,Construcciones y Auxiliar,Unknown,EUR,investpy,,,,,,,,,,,,,,,,,,,,,,,,,,,,,1
HNRGn,2025-03-21T10:55:02.659649,Austria,Europe,Hannover Rueckversicherung SE,Unknown,EUR,investpy,,,,,,,,,,,,,,,,,,,,,,,,,,,,,1
BILL,2025-03-21T10:55:02.659649,Sweden,Europe,BillerudKorsnas,Unknown,SEK,investpy,,,,,,,,,,,,,,,,,,,,,,,,,,,,,1
SDFGn,2025-03-21T10:55:02.675665,Italy,Europe,K+S AG,Unknown,EUR,investpy,,,,,,,,,,,,,,,,,,,,,,,,,,,,,1
SYMA,2025-03-21T10:55:02.722783,Belgium,Europe,Softimat,Unknown,EUR,investpy,,,,,,,,,,,,,,,,,,,,,,,,,,,,,1
MTV,2025-03-21T10:55:02.879560,Italy,Europe,Mondo TV,Unknown,EUR,investpy,,,,,,,,,,,,,,,,,,,,,,,,,,,,,1
SLBEN,2025-03-21T10:55:02.925967,Portugal,Europe,Benfica,Unknown,EUR,investpy,,,,,,,,,,,,,,,,,,,,,,,,,,,,,1
CNDR,2025-03-21T10:55:02.956275,United Kingdom,Europe,Condor,Unknown,GBP,investpy,,,,,,,,,,,,,,,,,,,,,,,,,,,,,1
STI,2025-03-21T10:55:02.971883,Germany,Europe,SunTrust Banks,Unknown,EUR,investpy,,,,,,,,,,,,,,,,,,,,,,,,,,,,,1
DUEG,2025-03-21T10:55:03.003984,Switzerland,Europe,Duerr AG,Unknown,CHF,investpy,,,,,,,,,,,,,,,,,,,,,,,,,,,,,1
FUM,2025-03-21T10:55:03.019403,United Kingdom,Europe,Futura,Unknown,GBP,investpy,,,,,,,,,,,,,,,,,,,,,,,,,,,,,1
PANI,2025-03-21T10:55:03.034909,United Kingdom,Europe,Pantheon,Unknown,GBP,investpy,,,,,,,,,,,,,,,,,,,,,,,,,,,,,1
MDM,2025-03-21T10:55:03.066950,France,Europe,Maisons du Monde,Unknown,EUR,investpy,,,,,,,,,,,,,,,,,,,,,,,,,,,,,1
ISP,2025-03-21T10:55:03.191739,Switzerland,Europe,Intesa Sanpaolo,Unknown,CHF,investpy,,,,,,,,,,,,,,,,,,,,,,,,,,,,,1
KOANOK,2025-03-21T10:55:03.223800,Sweden,Europe,Kongsberg Automotive,Unknown,NOK,investpy,,,,,,,,,,,,,,,,,,,,,,,,,,,,,1
VDLO,2025-03-21T10:55:03.239591,France,Europe,Videlio SA,Unknown,EUR,investpy,,,,,,,,,,,,,,,,,,,,,,,,,,,,,1
ARCMA,2025-03-21T10:55:03.285803,United Kingdom,Europe,ARC Minerals,Unknown,GBP,investpy,,,,,,,,,,,,,,,,,,,,,,,,,,,,,1
BVI,2025-03-21T10:55:03.348478,France,Europe,Bureau Veritas,Unknown,EUR,investpy,,,,,,,,,,,,,,,,,,,,,,,,,,,,,1
DPWGn,2025-03-21T10:55:03.364481,Germany,Europe,Deutsche Post,Unknown,EUR,investpy,,,,,,,,,,,,,,,,,,,,,,,,,,,,,1
BZT,2025-03-21T10:55:03.380482,United Kingdom,Europe,Bezant,Unknown,GBP,investpy,,,,,,,,,,,,,,,,,,,,,,,,,,,,,1
COF,2025-03-21T10:55:03.396480,Germany,Europe,Capital One Financial,Unknown,EUR,investpy,,,,,,,,,,,,,,,,,,,,,,,,,,,,,1
THRG,2025-03-21T10:55:03.523053,United Kingdom,Europe,Throgmorton,Unknown,GBP,investpy,,,,,,,,,,,,,,,,,,,,,,,,,,,,,1
BLY,2025-03-21T10:55:03.523053,Germany,Europe,Boart Longyear,Unknown,EUR,investpy,,,,,,,,,,,,,,,,,,,,,,,,,,,,,1
DICn,2025-03-21T10:55:03.570567,Germany,Europe,DIC Asset AG,Unknown,EUR,investpy,,,,,,,,,,,,,,,,,,,,,,,,,,,,,1
SREI,2025-03-21T10:55:03.570567,United Kingdom,Europe,Schroder RE,Unknown,GBP,investpy,,,,,,,,,,,,,,,,,,,,,,,,,,,,,1
CCAG,2025-03-21T10:55:03.602567,Germany,Europe,Corestate,Unknown,EUR,investpy,,,,,,,,,,,,,,,,,,,,,,,,,,,,,1
BMMG,2025-03-21T10:55:03.681137,Germany,Europe,Brueder Mannesmann,Unknown,EUR,investpy,,,,,,,,,,,,,,,,,,,,,,,,,,,,,1
DB1Gn,2025-03-21T10:55:03.681137,Switzerland,Europe,Deutsche Boerse,Unknown,CHF,investpy,,,,,,,,,,,,,,,,,,,,,,,,,,,,,1
SBRY,2025-03-21T10:55:03.744717,United Kingdom,Europe,J Sainsbury,Unknown,GBP,investpy,,,,,,,,,,,,,,,,,,,,,,,,,,,,,1
IRRAS,2025-03-21T10:55:03.840291,Sweden,Europe,Irras,Unknown,SEK,investpy,,,,,,,,,,,,,,,,,,,,,,,,,,,,,1
SFQN,2025-03-21T10:55:03.872346,Germany,Europe,SAF Holland,Unknown,EUR,investpy,,,,,,,,,,,,,,,,,,,,,,,,,,,,,1
BEFB,2025-03-21T10:55:03.872346,Belgium,Europe,Befimmo-Sicafi,Unknown,EUR,investpy,,,,,,,,,,,,,,,,,,,,,,,,,,,,,1
0TDE,2025-03-21T10:55:03.903348,United Kingdom,Europe,Telefonica,Unknown,EUR,investpy,,,,,,,,,,,,,,,,,,,,,,,,,,,,,1
ALPN,2025-03-21T10:55:03.934862,Switzerland,Europe,Alpine Select AG,Unknown,CHF,investpy,,,,,,,,,,,,,,,,,,,,,,,,,,,,,1
ALKE,2025-03-21T10:55:03.981861,Italy,Europe,Alkemy,Unknown,EUR,investpy,,,,,,,,,,,,,,,,,,,,,,,,,,,,,1
ATEANOK,2025-03-21T10:55:03.997862,Sweden,Europe,Atea,Unknown,NOK,investpy,,,,,,,,,,,,,,,,,,,,,,,,,,,,,1
NBI,2025-03-21T10:55:04.044380,United Kingdom,Europe,Northbridge Industrial,Unknown,GBP,investpy,,,,,,,,,,,,,,,,,,,,,,,,,,,,,1
DOX,2025-03-21T10:55:04.124434,Germany,Europe,Amdocs,Unknown,EUR,investpy,,,,,,,,,,,,,,,,,,,,,,,,,,,,,1
FDOP,2025-03-21T10:55:04.171942,Italy,Europe,Giorgio Fedon & Figli,Unknown,EUR,investpy,,,,,,,,,,,,,,,,,,,,,,,,,,,,,1
NLFSK,2025-03-21T10:55:04.187995,Denmark,Europe,Nilfisk,Unknown,DKK,investpy,,,,,,,,,,,,,,,,,,,,,,,,,,,,,1
NHCBHFFS,2025-03-21T10:55:04.250401,Sweden,Europe,Baltic Horizon Fund,Unknown,SEK,investpy,,,,,,,,,,,,,,,,,,,,,,,,,,,,,1
TSCOA,2025-03-21T10:55:04.250401,Austria,Europe,Tractor Supply,Unknown,EUR,investpy,,,,,,,,,,,,,,,,,,,,,,,,,,,,,1
EXEL,2025-03-21T10:55:04.282452,Germany,Europe,Exelixis,Unknown,EUR,investpy,,,,,,,,,,,,,,,,,,,,,,,,,,,,,1
COKG,2025-03-21T10:55:04.282452,Germany,Europe,Cancom SE,Unknown,EUR,investpy,,,,,,,,,,,,,,,,,,,,,,,,,,,,,1
ILK1S,2025-03-21T10:55:04.362039,Finland,Europe,Ilkka Yhtyma,Unknown,EUR,investpy,,,,,,,,,,,,,,,,,,,,,,,,,,,,,1
POST,2025-03-21T10:55:04.409115,Austria,Europe,Oesterr. Post AG,Unknown,EUR,investpy,,,,,,,,,,,,,,,,,,,,,,,,,,,,,1
BONEX,2025-03-21T10:55:04.521417,Sweden,Europe,Bonesupport,Unknown,SEK,investpy,,,,,,,,,,,,,,,,,,,,,,,,,,,,,1
SEIFT,2025-03-21T10:55:04.537493,Italy,Europe,Societa Editoriale Il,Unknown,EUR,investpy,,,,,,,,,,,,,,,,,,,,,,,,,,,,,1
AKRr,2025-03-21T10:55:04.537493,Greece,Europe,Akritas SA,Unknown,EUR,investpy,,,,,,,,,,,,,,,,,,,,,,,,,,,,,1
OC,2025-03-21T10:55:04.584529,Germany,Europe,Owens Corning,Unknown,EUR,investpy,,,,,,,,,,,,,,,,,,,,,,,,,,,,,1
ADSGn,2025-03-21T10:55:04.584529,Italy,Europe,Adidas,Unknown,EUR,investpy,,,,,,,,,,,,,,,,,,,,,,,,,,,,,1
BUEy,2025-03-21T10:55:04.631739,Germany,Europe,Buenaventura Mining ADR,Unknown,EUR,investpy,,,,,,,,,,,,,,,,,,,,,,,,,,,,,1
BC8G,2025-03-21T10:55:04.662846,Germany,Europe,Bechtle AG,Unknown,EUR,investpy,,,,,,,,,,,,,,,,,,,,,,,,,,,,,1
SAVOH,2025-03-21T10:55:04.678426,Finland,Europe,Savo Solar Oy,Unknown,EUR,investpy,,,,,,,,,,,,,,,,,,,,,,,,,,,,,1
EMMN,2025-03-21T10:55:04.834589,Switzerland,Europe,Emmi AG,Unknown,CHF,investpy,,,,,,,,,,,,,,,,,,,,,,,,,,,,,1
KRMr,2025-03-21T10:55:04.850494,Greece,Europe,Karamolengos Bakery Industry SA,Unknown,EUR,investpy,,,,,,,,,,,,,,,,,,,,,,,,,,,,,1
IIJIy,2025-03-21T10:55:04.865634,Germany,Europe,Internet Initiative Japan ADR,Unknown,EUR,investpy,,,,,,,,,,,,,,,,,,,,,,,,,,,,,1
NOEJ,2025-03-21T10:55:04.911950,Austria,Europe,Norma AG,Unknown,EUR,investpy,,,,,,,,,,,,,,,,,,,,,,,,,,,,,1
YHAB,2025-03-21T10:55:04.927996,Spain,Europe,Heref Habaneras,Unknown,EUR,investpy,,,,,,,,,,,,,,,,,,,,,,,,,,,,,1
CLBM,2025-03-21T10:55:04.943524,Denmark,Europe,Cleantech Building,Unknown,EUR,investpy,,,,,,,,,,,,,,,,,,,,,,,,,,,,,1
CVLT,2025-03-21T10:55:04.990903,Germany,Europe,CommVault,Unknown,EUR,investpy,,,,,,,,,,,,,,,,,,,,,,,,,,,,,1
0QYC,2025-03-21T10:55:05.022909,United Kingdom,Europe,First Majestic Silver,Unknown,CAD,investpy,,,,,,,,,,,,,,,,,,,,,,,,,,,,,1
PRES,2025-03-21T10:55:05.130242,United Kingdom,Europe,Pressure,Unknown,GBP,investpy,,,,,,,,,,,,,,,,,,,,,,,,,,,,,1
ADVN,2025-03-21T10:55:05.209110,Switzerland,Europe,Adval Tech Holding AG,Unknown,CHF,investpy,,,,,,,,,,,,,,,,,,,,,,,,,,,,,1
IKG,2025-03-21T10:55:05.224629,Italy,Europe,Intek,Unknown,EUR,investpy,,,,,,,,,,,,,,,,,,,,,,,,,,,,,1
IBES,2025-03-21T10:55:05.271284,Spain,Europe,Nyesa Valores,Unknown,EUR,investpy,,,,,,,,,,,,,,,,,,,,,,,,,,,,,1
2U4,2025-03-21T10:55:05.302567,Germany,Europe,HICL Infrastructure,Unknown,EUR,investpy,,,,,,,,,,,,,,,,,,,,,,,,,,,,,1
ALMAC,2025-03-21T10:55:05.302567,Finland,Europe,Alma Media,Unknown,EUR,investpy,,,,,,,,,,,,,,,,,,,,,,,,,,,,,1
BAP,2025-03-21T10:55:05.302567,Switzerland,Europe,Groupe Baumgartner Holding,Unknown,CHF,investpy,,,,,,,,,,,,,,,,,,,,,,,,,,,,,1
AMZN,2025-03-21T10:55:05.364266,Italy,Europe,Amazon.com,Unknown,EUR,investpy,,,,,,,,,,,,,,,,,,,,,,,,,,,,,1
SJG,2025-03-21T10:55:05.443112,United Kingdom,Europe,Schroder Japan,Unknown,GBP,investpy,,,,,,,,,,,,,,,,,,,,,,,,,,,,,1
AWDR,2025-03-21T10:55:05.504141,Norway,Europe,Awilco Drilling,Unknown,NOK,investpy,,,,,,,,,,,,,,,,,,,,,,,,,,,,,1
RISH,2025-03-21T10:55:05.535657,Norway,Europe,Gc Rieber Ship,Unknown,NOK,investpy,,,,,,,,,,,,,,,,,,,,,,,,,,,,,1
SEYE,2025-03-21T10:55:05.567656,Sweden,Europe,Smart Eye,Unknown,SEK,investpy,,,,,,,,,,,,,,,,,,,,,,,,,,,,,1
AKERBP,2025-03-21T10:55:05.583656,Norway,Europe,Aker BP,Unknown,NOK,investpy,,,,,,,,,,,,,,,,,,,,,,,,,,,,,1
NEXS,2025-03-21T10:55:05.615660,France,Europe,Nexans,Unknown,EUR,investpy,,,,,,,,,,,,,,,,,,,,,,,,,,,,,1
APPS,2025-03-21T10:55:05.630897,Spain,Europe,Applus Services SA,Unknown,EUR,investpy,,,,,,,,,,,,,,,,,,,,,,,,,,,,,1
ATYM,2025-03-21T10:55:05.630897,United Kingdom,Europe,Atalaya Mining,Unknown,GBP,investpy,,,,,,,,,,,,,,,,,,,,,,,,,,,,,1
GCOR,2025-03-21T10:55:05.727089,Sweden,Europe,Gaming Corps AB,Unknown,SEK,investpy,,,,,,,,,,,,,,,,,,,,,,,,,,,,,1
ADLG,2025-03-21T10:55:05.806599,Germany,Europe,Adler Real Estate,Unknown,EUR,investpy,,,,,,,,,,,,,,,,,,,,,,,,,,,,,1
PTCM,2025-03-21T10:55:05.854170,United Kingdom,Europe,Porta,Unknown,GBP,investpy,,,,,,,,,,,,,,,,,,,,,,,,,,,,,1
SGKN,2025-03-21T10:55:05.870128,Switzerland,Europe,St Galler Kantonalbank AG,Unknown,CHF,investpy,,,,,,,,,,,,,,,,,,,,,,,,,,,,,1
KLAC,2025-03-21T10:55:05.885903,Austria,Europe,KLA-Tencor,Unknown,EUR,investpy,,,,,,,,,,,,,,,,,,,,,,,,,,,,,1
NORTH,2025-03-21T10:55:05.917954,Norway,Europe,North Energy,Unknown,NOK,investpy,,,,,,,,,,,,,,,,,,,,,,,,,,,,,1
GYC,2025-03-21T10:55:05.917954,Germany,Europe,Grand City,Unknown,EUR,investpy,,,,,,,,,,,,,,,,,,,,,,,,,,,,,1
HDFr,2025-03-21T10:55:05.964445,Greece,Europe,Folli Follie,Unknown,EUR,investpy,,,,,,,,,,,,,,,,,,,,,,,,,,,,,1
PHLX,2025-03-21T10:55:06.106149,Netherlands,Europe,Inverko,Unknown,EUR,investpy,,,,,,,,,,,,,,,,,,,,,,,,,,,,,1
NTRS,2025-03-21T10:55:06.137969,Germany,Europe,Northern Trust,Unknown,EUR,investpy,,,,,,,,,,,,,,,,,,,,,,,,,,,,,1
KDNC,2025-03-21T10:55:06.168195,United Kingdom,Europe,Cadence Minerals,Unknown,GBP,investpy,,,,,,,,,,,,,,,,,,,,,,,,,,,,,1
ALFRE,2025-03-21T10:55:06.215434,France,Europe,Freelance.Com,Unknown,EUR,investpy,,,,,,,,,,,,,,,,,,,,,,,,,,,,,1
MRON,2025-03-21T10:55:06.215434,United Kingdom,Europe,Melrose Industries,Unknown,GBP,investpy,,,,,,,,,,,,,,,,,,,,,,,,,,,,,1
VELOX,2025-03-21T10:55:06.230956,Denmark,Europe,Veloxis,Unknown,DKK,investpy,,,,,,,,,,,,,,,,,,,,,,,,,,,,,1
TAALA,2025-03-21T10:55:06.263059,Finland,Europe,Taaleri,Unknown,EUR,investpy,,,,,,,,,,,,,,,,,,,,,,,,,,,,,1
MLMMC,2025-03-21T10:55:06.278841,France,Europe,Multimicrocloud,Unknown,EUR,investpy,,,,,,,,,,,,,,,,,,,,,,,,,,,,,1
C19,2025-03-21T10:55:06.422534,Germany,Europe,C&J Energy,Unknown,EUR,investpy,,,,,,,,,,,,,,,,,,,,,,,,,,,,,1
MONC,2025-03-21T10:55:06.454109,Italy,Europe,Moncler SpA,Unknown,EUR,investpy,,,,,,,,,,,,,,,,,,,,,,,,,,,,,1
SHBa,2025-03-21T10:55:06.485272,Sweden,Europe,Svenska Handelsbanken A,Unknown,SEK,investpy,,,,,,,,,,,,,,,,,,,,,,,,,,,,,1
GBFG,2025-03-21T10:55:06.532130,Switzerland,Europe,Bilfinger SE,Unknown,CHF,investpy,,,,,,,,,,,,,,,,,,,,,,,,,,,,,1
TFW,2025-03-21T10:55:06.548153,United Kingdom,Europe,FW Thorpe PLC,Unknown,GBP,investpy,,,,,,,,,,,,,,,,,,,,,,,,,,,,,1
NOEJ,2025-03-21T10:55:06.548153,Switzerland,Europe,Norma AG,Unknown,CHF,investpy,,,,,,,,,,,,,,,,,,,,,,,,,,,,,1
INGC,2025-03-21T10:55:06.564171,France,Europe,Ingenico,Unknown,EUR,investpy,,,,,,,,,,,,,,,,,,,,,,,,,,,,,1
AKOyb,2025-03-21T10:55:06.642004,Germany,Europe,Andina B,Unknown,EUR,investpy,,,,,,,,,,,,,,,,,,,,,,,,,,,,,1
MICP,2025-03-21T10:55:06.767851,France,Europe,Michelin,Unknown,EUR,investpy,,,,,,,,,,,,,,,,,,,,,,,,,,,,,1
CASS,2025-03-21T10:55:06.783924,Italy,Europe,Cattolica Assicurazioni,Unknown,EUR,investpy,,,,,,,,,,,,,,,,,,,,,,,,,,,,,1
VALN,2025-03-21T10:55:06.799154,Switzerland,Europe,Valora Holding,Unknown,CHF,investpy,,,,,,,,,,,,,,,,,,,,,,,,,,,,,1
WCMKk,2025-03-21T10:55:06.846590,Germany,Europe,WCM Beteiligungs und Grundbesitz,Unknown,EUR,investpy,,,,,,,,,,,,,,,,,,,,,,,,,,,,,1
FMEG,2025-03-21T10:55:06.862592,Switzerland,Europe,Fresenius ST,Unknown,CHF,investpy,,,,,,,,,,,,,,,,,,,,,,,,,,,,,1
IVUG,2025-03-21T10:55:06.877844,Germany,Europe,IVU Traffic,Unknown,EUR,investpy,,,,,,,,,,,,,,,,,,,,,,,,,,,,,1
ROL,2025-03-21T10:55:06.892867,Switzerland,Europe,Von Roll Holding AG,Unknown,CHF,investpy,,,,,,,,,,,,,,,,,,,,,,,,,,,,,1
DNAO,2025-03-21T10:55:06.954927,Finland,Europe,DNA,Unknown,EUR,investpy,,,,,,,,,,,,,,,,,,,,,,,,,,,,,1
PEUP,2025-03-21T10:55:07.048615,Switzerland,Europe,Peugeot,Unknown,CHF,investpy,,,,,,,,,,,,,,,,,,,,,,,,,,,,,1
IGG,2025-03-21T10:55:07.064335,United Kingdom,Europe,IG Group,Unknown,GBP,investpy,,,,,,,,,,,,,,,,,,,,,,,,,,,,,1
ZZb,2025-03-21T10:55:07.127803,Sweden,Europe,Zinzino AB,Unknown,SEK,investpy,,,,,,,,,,,,,,,,,,,,,,,,,,,,,1
RWE,2025-03-21T10:55:07.174772,Italy,Europe,RWE AG ST,Unknown,EUR,investpy,,,,,,,,,,,,,,,,,,,,,,,,,,,,,1
KGF,2025-03-21T10:55:07.221789,United Kingdom,Europe,Kingfisher,Unknown,GBP,investpy,,,,,,,,,,,,,,,,,,,,,,,,,,,,,1
FIR,2025-03-21T10:55:07.253208,Switzerland,Europe,FIR,Unknown,CHF,investpy,,,,,,,,,,,,,,,,,,,,,,,,,,,,,1
PMED,2025-03-21T10:55:07.253208,Sweden,Europe,Peptonic Medical,Unknown,SEK,investpy,,,,,,,,,,,,,,,,,,,,,,,,,,,,,1
RLE,2025-03-21T10:55:07.316881,United Kingdom,Europe,Real Estate Investors,Unknown,GBP,investpy,,,,,,,,,,,,,,,,,,,,,,,,,,,,,1
GWMO,2025-03-21T10:55:07.427423,United Kingdom,Europe,Great Western Mining,Unknown,GBP,investpy,,,,,,,,,,,,,,,,,,,,,,,,,,,,,1
PVR1,2025-03-21T10:55:07.427423,Germany,Europe,Patagonia Gold,Unknown,EUR,investpy,,,,,,,,,,,,,,,,,,,,,,,,,,,,,1
JFJ,2025-03-21T10:55:07.741749,United Kingdom,Europe,JPMorgan Japanese,Unknown,GBP,investpy,,,,,,,,,,,,,,,,,,,,,,,,,,,,,1
CSCO,2025-03-21T10:55:07.741749,Belgium,Europe,Cisco,Unknown,USD,investpy,,,,,,,,,,,,,,,,,,,,,,,,,,,,,1
ADVr,2025-03-21T10:55:07.757798,Greece,Europe,Audio Visual,Unknown,EUR,investpy,,,,,,,,,,,,,,,,,,,,,,,,,,,,,1
ALARF,2025-03-21T10:55:07.757798,France,Europe,Adeunis,Unknown,EUR,investpy,,,,,,,,,,,,,,,,,,,,,,,,,,,,,1
JBHT,2025-03-21T10:55:07.757798,Austria,Europe,JB Hunt,Unknown,EUR,investpy,,,,,,,,,,,,,,,,,,,,,,,,,,,,,1
XIL,2025-03-21T10:55:07.773511,France,Europe,Xilam,Unknown,EUR,investpy,,,,,,,,,,,,,,,,,,,,,,,,,,,,,1
V,2025-03-21T10:55:07.820050,Austria,Europe,Visa A,Unknown,EUR,investpy,,,,,,,,,,,,,,,,,,,,,,,,,,,,,1
BIMOB,2025-03-21T10:55:07.820050,Sweden,Europe,Bimobject,Unknown,SEK,investpy,,,,,,,,,,,,,,,,,,,,,,,,,,,,,1
LEGn,2025-03-21T10:55:08.008030,Germany,Europe,LEG Immobilien AG,Unknown,EUR,investpy,,,,,,,,,,,,,,,,,,,,,,,,,,,,,1
MANGS,2025-03-21T10:55:08.054118,Sweden,Europe,Mangold AB,Unknown,SEK,investpy,,,,,,,,,,,,,,,,,,,,,,,,,,,,,1
NEM,2025-03-21T10:55:08.070116,Austria,Europe,Newmont Goldcorp,Unknown,EUR,investpy,,,,,,,,,,,,,,,,,,,,,,,,,,,,,1
AXP,2025-03-21T10:55:08.086118,Switzerland,Europe,American Express,Unknown,CHF,investpy,,,,,,,,,,,,,,,,,,,,,,,,,,,,,1
CDH1,2025-03-21T10:55:08.086118,Germany,Europe,Cedar Realty,Unknown,EUR,investpy,,,,,,,,,,,,,,,,,,,,,,,,,,,,,1
INAn,2025-03-21T10:55:08.102120,Portugal,Europe,Inapa Inv NV,Unknown,EUR,investpy,,,,,,,,,,,,,,,,,,,,,,,,,,,,,1
NOKIA,2025-03-21T10:55:08.102120,Sweden,Europe,Nokia Oyj,Unknown,SEK,investpy,,,,,,,,,,,,,,,,,,,,,,,,,,,,,1
MONNA,2025-03-21T10:55:08.118122,Italy,Europe,Monnalisa,Unknown,EUR,investpy,,,,,,,,,,,,,,,,,,,,,,,,,,,,,1
CBHB,2025-03-21T10:55:08.382891,Belgium,Europe,Co.Br.Ha D,Unknown,EUR,investpy,,,,,,,,,,,,,,,,,,,,,,,,,,,,,1
SSCOM,2025-03-21T10:55:08.382891,Norway,Europe,Scottish Salmon,Unknown,NOK,investpy,,,,,,,,,,,,,,,,,,,,,,,,,,,,,1
ALAMG,2025-03-21T10:55:08.398384,France,Europe,Auplata,Unknown,EUR,investpy,,,,,,,,,,,,,,,,,,,,,,,,,,,,,1
DURCb,2025-03-21T10:55:08.398384,Sweden,Europe,Duroc B,Unknown,SEK,investpy,,,,,,,,,,,,,,,,,,,,,,,,,,,,,1
O,2025-03-21T10:55:08.398384,Germany,Europe,Realty Income,Unknown,EUR,investpy,,,,,,,,,,,,,,,,,,,,,,,,,,,,,1
SWK,2025-03-21T10:55:08.428431,Germany,Europe,Stanley Black Decker,Unknown,EUR,investpy,,,,,,,,,,,,,,,,,,,,,,,,,,,,,1
STID,2025-03-21T10:55:08.444436,France,Europe,Streit Mecanique,Unknown,EUR,investpy,,,,,,,,,,,,,,,,,,,,,,,,,,,,,1
COB,2025-03-21T10:55:08.476156,United Kingdom,Europe,Cobham,Unknown,GBP,investpy,,,,,,,,,,,,,,,,,,,,,,,,,,,,,1
SDGI,2025-03-21T10:55:08.666808,France,Europe,Synergie,Unknown,EUR,investpy,,,,,,,,,,,,,,,,,,,,,,,,,,,,,1
ASWN,2025-03-21T10:55:08.682808,Switzerland,Europe,Asmallworld,Unknown,CHF,investpy,,,,,,,,,,,,,,,,,,,,,,,,,,,,,1
R2RCy,2025-03-21T10:55:08.697808,Germany,Europe,Renren,Unknown,EUR,investpy,,,,,,,,,,,,,,,,,,,,,,,,,,,,,1
ELANb,2025-03-21T10:55:08.729814,Sweden,Europe,Elanders B,Unknown,SEK,investpy,,,,,,,,,,,,,,,,,,,,,,,,,,,,,1
BAES,2025-03-21T10:55:08.729814,United Kingdom,Europe,BAE Systems,Unknown,GBP,investpy,,,,,,,,,,,,,,,,,,,,,,,,,,,,,1
ASCNOK,2025-03-21T10:55:08.744993,Sweden,Europe,ABG Sundal Collier,Unknown,NOK,investpy,,,,,,,,,,,,,,,,,,,,,,,,,,,,,1
RMM,2025-03-21T10:55:08.776991,United Kingdom,Europe,Rambler Metals&Mining,Unknown,GBP,investpy,,,,,,,,,,,,,,,,,,,,,,,,,,,,,1
CLL,2025-03-21T10:55:08.824997,United Kingdom,Europe,Cello,Unknown,GBP,investpy,,,,,,,,,,,,,,,,,,,,,,,,,,,,,1
INWI,2025-03-21T10:55:08.968056,Sweden,Europe,Inwido,Unknown,SEK,investpy,,,,,,,,,,,,,,,,,,,,,,,,,,,,,1
LBTYK,2025-03-21T10:55:09.000054,Austria,Europe,Liberty Global C,Unknown,EUR,investpy,,,,,,,,,,,,,,,,,,,,,,,,,,,,,1
RHMG,2025-03-21T10:55:09.015636,Austria,Europe,Rheinmetall AG,Unknown,EUR,investpy,,,,,,,,,,,,,,,,,,,,,,,,,,,,,1
BOND,2025-03-21T10:55:09.046988,France,Europe,Bonduelle,Unknown,EUR,investpy,,,,,,,,,,,,,,,,,,,,,,,,,,,,,1
COTNE,2025-03-21T10:55:09.046988,Switzerland,Europe,Comet,Unknown,CHF,investpy,,,,,,,,,,,,,,,,,,,,,,,,,,,,,1
WPL,2025-03-21T10:55:09.062126,Switzerland,Europe,Woodside Petroleum,Unknown,CHF,investpy,,,,,,,,,,,,,,,,,,,,,,,,,,,,,1
ZIN,2025-03-21T10:55:09.110174,United Kingdom,Europe,Zinc Media Group,Unknown,GBP,investpy,,,,,,,,,,,,,,,,,,,,,,,,,,,,,1
ECRE,2025-03-21T10:55:09.204779,United Kingdom,Europe,ECR Minerals,Unknown,GBP,investpy,,,,,,,,,,,,,,,,,,,,,,,,,,,,,1
URW,2025-03-21T10:55:09.252347,Italy,Europe,WFD Unibail Rodamco,Unknown,EUR,investpy,,,,,,,,,,,,,,,,,,,,,,,,,,,,,1
ABCA,2025-03-21T10:55:09.284355,United Kingdom,Europe,Abcam,Unknown,GBP,investpy,,,,,,,,,,,,,,,,,,,,,,,,,,,,,1
NCLH,2025-03-21T10:55:09.284355,Austria,Europe,Norwegian Cruise Line,Unknown,EUR,investpy,,,,,,,,,,,,,,,,,,,,,,,,,,,,,1
SBANKNOK,2025-03-21T10:55:09.332186,Sweden,Europe,Skandiabanken,Unknown,NOK,investpy,,,,,,,,,,,,,,,,,,,,,,,,,,,,,1
EIH,2025-03-21T10:55:09.379248,United Kingdom,Europe,EIH,Unknown,USD,investpy,,,,,,,,,,,,,,,,,,,,,,,,,,,,,1
3SM,2025-03-21T10:55:09.379248,Germany,Europe,AO Smith,Unknown,EUR,investpy,,,,,,,,,,,,,,,,,,,,,,,,,,,,,1
AEGN,2025-03-21T10:55:09.410613,Netherlands,Europe,Aegon,Unknown,EUR,investpy,,,,,,,,,,,,,,,,,,,,,,,,,,,,,1
AIR,2025-03-21T10:55:09.504293,Italy,Europe,Airbus Group,Unknown,EUR,investpy,,,,,,,,,,,,,,,,,,,,,,,,,,,,,1
CRWEN,2025-03-21T10:55:09.566050,Sweden,Europe,Crown Energy,Unknown,SEK,investpy,,,,,,,,,,,,,,,,,,,,,,,,,,,,,1
CBL,2025-03-21T10:55:09.612282,Germany,Europe,CBL & Associates,Unknown,EUR,investpy,,,,,,,,,,,,,,,,,,,,,,,,,,,,,1
MTTI,2025-03-21T10:55:09.628347,Italy,Europe,Mittel,Unknown,EUR,investpy,,,,,,,,,,,,,,,,,,,,,,,,,,,,,1
BERGb,2025-03-21T10:55:09.643704,Sweden,Europe,B&B Tools,Unknown,SEK,investpy,,,,,,,,,,,,,,,,,,,,,,,,,,,,,1
MAV,2025-03-21T10:55:09.674988,Sweden,Europe,Mavshack publ AB,Unknown,SEK,investpy,,,,,,,,,,,,,,,,,,,,,,,,,,,,,1
ADXN,2025-03-21T10:55:09.706224,Switzerland,Europe,Addex Therapeutics Ltd,Unknown,CHF,investpy,,,,,,,,,,,,,,,,,,,,,,,,,,,,,1
ALEUP,2025-03-21T10:55:09.753990,France,Europe,Europlasma SA,Unknown,EUR,investpy,,,,,,,,,,,,,,,,,,,,,,,,,,,,,1
NFGAB,2025-03-21T10:55:09.785999,Sweden,Europe,Nordic Flanges,Unknown,SEK,investpy,,,,,,,,,,,,,,,,,,,,,,,,,,,,,1
SNR,2025-03-21T10:55:09.832304,United Kingdom,Europe,Senior,Unknown,GBP,investpy,,,,,,,,,,,,,,,,,,,,,,,,,,,,,1
ACPH,2025-03-21T10:55:09.895773,Belgium,Europe,Acacia Pharma,Unknown,EUR,investpy,,,,,,,,,,,,,,,,,,,,,,,,,,,,,1
OERL,2025-03-21T10:55:09.927770,Switzerland,Europe,OC Oerlikon Corp,Unknown,CHF,investpy,,,,,,,,,,,,,,,,,,,,,,,,,,,,,1
ADBE,2025-03-21T10:55:09.943289,Austria,Europe,Adobe,Unknown,EUR,investpy,,,,,,,,,,,,,,,,,,,,,,,,,,,,,1
GAGV,2025-03-21T10:55:10.005216,Austria,Europe,Gurktaler AG VZ,Unknown,EUR,investpy,,,,,,,,,,,,,,,,,,,,,,,,,,,,,1
REL,2025-03-21T10:55:10.021252,Netherlands,Europe,Relx,Unknown,EUR,investpy,,,,,,,,,,,,,,,,,,,,,,,,,,,,,1
TLGG,2025-03-21T10:55:10.052764,Austria,Europe,TLG Immobilien AG,Unknown,EUR,investpy,,,,,,,,,,,,,,,,,,,,,,,,,,,,,1
PUMG,2025-03-21T10:55:10.116374,Germany,Europe,Puma SE,Unknown,EUR,investpy,,,,,,,,,,,,,,,,,,,,,,,,,,,,,1
NEDP,2025-03-21T10:55:10.164096,Netherlands,Europe,Nedap,Unknown,EUR,investpy,,,,,,,,,,,,,,,,,,,,,,,,,,,,,1
EKTL,2025-03-21T10:55:10.164096,Spain,Europe,Euskaltel SA,Unknown,EUR,investpy,,,,,,,,,,,,,,,,,,,,,,,,,,,,,1
CHD,2025-03-21T10:55:10.258862,Germany,Europe,Church&Dwight,Unknown,EUR,investpy,,,,,,,,,,,,,,,,,,,,,,,,,,,,,1
LEOGn,2025-03-21T10:55:10.258862,Austria,Europe,Leoni AG,Unknown,EUR,investpy,,,,,,,,,,,,,,,,,,,,,,,,,,,,,1
AIRG,2025-03-21T10:55:10.323036,Germany,Europe,Airbus Group,Unknown,EUR,investpy,,,,,,,,,,,,,,,,,,,,,,,,,,,,,1
SAVOS,2025-03-21T10:55:10.323036,Sweden,Europe,Savo Solar Oy,Unknown,SEK,investpy,,,,,,,,,,,,,,,,,,,,,,,,,,,,,1
ALALO,2025-03-21T10:55:10.371126,France,Europe,Acheter Louer,Unknown,EUR,investpy,,,,,,,,,,,,,,,,,,,,,,,,,,,,,1
SIPH,2025-03-21T10:55:10.387171,France,Europe,SIPH,Unknown,EUR,investpy,,,,,,,,,,,,,,,,,,,,,,,,,,,,,1
TYNN,2025-03-21T10:55:10.450050,France,Europe,Tayninh,Unknown,EUR,investpy,,,,,,,,,,,,,,,,,,,,,,,,,,,,,1
LAND,2025-03-21T10:55:10.529338,United Kingdom,Europe,Land Securities,Unknown,GBP,investpy,,,,,,,,,,,,,,,,,,,,,,,,,,,,,1
WWIBNOK,2025-03-21T10:55:10.529338,Sweden,Europe,Wilhelm Wilhelmsen B,Unknown,NOK,investpy,,,,,,,,,,,,,,,,,,,,,,,,,,,,,1
ALNOR,2025-03-21T10:55:10.545380,Portugal,Europe,Nexponor Sociedade Especial Invest,Unknown,EUR,investpy,,,,,,,,,,,,,,,,,,,,,,,,,,,,,1
CLNBB,2025-03-21T10:55:10.622620,Italy,Europe,Cleanbnb,Unknown,EUR,investpy,,,,,,,,,,,,,,,,,,,,,,,,,,,,,1
PSSL,2025-03-21T10:55:10.685734,United Kingdom,Europe,Pollen Street,Unknown,GBP,investpy,,,,,,,,,,,,,,,,,,,,,,,,,,,,,1
URU,2025-03-21T10:55:10.701372,United Kingdom,Europe,URU Metals,Unknown,GBP,investpy,,,,,,,,,,,,,,,,,,,,,,,,,,,,,1
I9DN,2025-03-21T10:55:10.717250,Germany,Europe,Arbutus Biopharma,Unknown,EUR,investpy,,,,,,,,,,,,,,,,,,,,,,,,,,,,,1
AVT,2025-03-21T10:55:10.732756,Germany,Europe,Avnet,Unknown,EUR,investpy,,,,,,,,,,,,,,,,,,,,,,,,,,,,,1
SPIRA,2025-03-21T10:55:10.796037,Sweden,Europe,DalsSpira Mejeri AB,Unknown,SEK,investpy,,,,,,,,,,,,,,,,,,,,,,,,,,,,,1
ALMED,2025-03-21T10:55:10.875944,France,Europe,Medicrea Int.,Unknown,EUR,investpy,,,,,,,,,,,,,,,,,,,,,,,,,,,,,1
BRIG,2025-03-21T10:55:10.907200,Sweden,Europe,Brighter publ AB,Unknown,SEK,investpy,,,,,,,,,,,,,,,,,,,,,,,,,,,,,1
WEBH,2025-03-21T10:55:10.953857,United Kingdom,Europe,Webis,Unknown,GBP,investpy,,,,,,,,,,,,,,,,,,,,,,,,,,,,,1
SRBANK,2025-03-21T10:55:11.033693,Norway,Europe,Sparebank 1Sr,Unknown,NOK,investpy,,,,,,,,,,,,,,,,,,,,,,,,,,,,,1
GPEP,2025-03-21T10:55:11.033693,France,Europe,GPE Group Pizzorno,Unknown,EUR,investpy,,,,,,,,,,,,,,,,,,,,,,,,,,,,,1
MSFT,2025-03-21T10:55:11.033693,Switzerland,Europe,Microsoft,Unknown,CHF,investpy,,,,,,,,,,,,,,,,,,,,,,,,,,,,,1
CLEME,2025-03-21T10:55:11.049702,Sweden,Europe,NC Lahega,Unknown,SEK,investpy,,,,,,,,,,,,,,,,,,,,,,,,,,,,,1
EIOF,2025-03-21T10:55:11.175558,Norway,Europe,Eidesvik Offshore,Unknown,NOK,investpy,,,,,,,,,,,,,,,,,,,,,,,,,,,,,1
MLPFX,2025-03-21T10:55:11.175558,France,Europe,Parfex,Unknown,EUR,investpy,,,,,,,,,,,,,,,,,,,,,,,,,,,,,1
STBS,2025-03-21T10:55:11.191427,United Kingdom,Europe,Secure Trust Bank,Unknown,GBP,investpy,,,,,,,,,,,,,,,,,,,,,,,,,,,,,1
ALREA,2025-03-21T10:55:11.238045,France,Europe,Realites,Unknown,EUR,investpy,,,,,,,,,,,,,,,,,,,,,,,,,,,,,1
STORM,2025-03-21T10:55:11.301536,Norway,Europe,Storm Real,Unknown,NOK,investpy,,,,,,,,,,,,,,,,,,,,,,,,,,,,,1
ALORD,2025-03-21T10:55:11.379458,France,Europe,Ordissimo,Unknown,EUR,investpy,,,,,,,,,,,,,,,,,,,,,,,,,,,,,1
TSEM,2025-03-21T10:55:11.395527,Germany,Europe,Tower,Unknown,EUR,investpy,,,,,,,,,,,,,,,,,,,,,,,,,,,,,1
MTHH,2025-03-21T10:55:11.411528,Denmark,Europe,MT Hoejgaard,Unknown,DKK,investpy,,,,,,,,,,,,,,,,,,,,,,,,,,,,,1
WATURU,2025-03-21T10:55:11.474166,Denmark,Europe,Waturu,Unknown,DKK,investpy,,,,,,,,,,,,,,,,,,,,,,,,,,,,,1
PYHE,2025-03-21T10:55:11.505787,France,Europe,Haulotte,Unknown,EUR,investpy,,,,,,,,,,,,,,,,,,,,,,,,,,,,,1
AUCP,2025-03-21T10:55:11.552612,France,Europe,Augros,Unknown,EUR,investpy,,,,,,,,,,,,,,,,,,,,,,,,,,,,,1
PANGO,2025-03-21T10:55:11.583906,Spain,Europe,Pangaea Oncology,Unknown,EUR,investpy,,,,,,,,,,,,,,,,,,,,,,,,,,,,,1
ALHX,2025-03-21T10:55:11.646885,Sweden,Europe,AlphaHelix Molecular,Unknown,SEK,investpy,,,,,,,,,,,,,,,,,,,,,,,,,,,,,1
BMTt,2025-03-21T10:55:11.678935,United Kingdom,Europe,TF & JH Braime,Unknown,GBP,investpy,,,,,,,,,,,,,,,,,,,,,,,,,,,,,1
NIBC,2025-03-21T10:55:11.694935,Netherlands,Europe,NIBC Holding,Unknown,EUR,investpy,,,,,,,,,,,,,,,,,,,,,,,,,,,,,1
BGBN,2025-03-21T10:55:11.726996,France,Europe,Bigben,Unknown,EUR,investpy,,,,,,,,,,,,,,,,,,,,,,,,,,,,,1
CNP,2025-03-21T10:55:11.791054,Germany,Europe,CenterPoint Energy,Unknown,EUR,investpy,,,,,,,,,,,,,,,,,,,,,,,,,,,,,1
ATCB,2025-03-21T10:55:11.837557,Netherlands,Europe,Altice NV B,Unknown,EUR,investpy,,,,,,,,,,,,,,,,,,,,,,,,,,,,,1
SPRINT,2025-03-21T10:55:11.869556,Sweden,Europe,Sprint Bioscience AB,Unknown,SEK,investpy,,,,,,,,,,,,,,,,,,,,,,,,,,,,,1
DWNG,2025-03-21T10:55:11.869556,Austria,Europe,Deutsche Wohnen,Unknown,EUR,investpy,,,,,,,,,,,,,,,,,,,,,,,,,,,,,1
DHG,2025-03-21T10:55:11.964214,Ireland,Europe,Dalata Hotel,Unknown,EUR,investpy,,,,,,,,,,,,,,,,,,,,,,,,,,,,,1
MAJE,2025-03-21T10:55:12.011090,United Kingdom,Europe,Majedie,Unknown,GBP,investpy,,,,,,,,,,,,,,,,,,,,,,,,,,,,,1
SBONOK,2025-03-21T10:55:12.011090,Sweden,Europe,Selvaag Bolig,Unknown,NOK,investpy,,,,,,,,,,,,,,,,,,,,,,,,,,,,,1
G4U,2025-03-21T10:55:12.072020,Germany,Europe,Globe Metals & Mining,Unknown,EUR,investpy,,,,,,,,,,,,,,,,,,,,,,,,,,,,,1
RR5,2025-03-21T10:55:12.135632,Germany,Europe,Range Resources Ltd,Unknown,EUR,investpy,,,,,,,,,,,,,,,,,,,,,,,,,,,,,1
VGAS,2025-03-21T10:55:12.150922,United Kingdom,Europe,Volga Gas,Unknown,GBP,investpy,,,,,,,,,,,,,,,,,,,,,,,,,,,,,1
ALFAA,2025-03-21T10:55:12.166371,Spain,Europe,Alfa,Unknown,EUR,investpy,,,,,,,,,,,,,,,,,,,,,,,,,,,,,1
FCMC,2025-03-21T10:55:12.242906,France,Europe,Ferm. Casino Mun. Canne,Unknown,EUR,investpy,,,,,,,,,,,,,,,,,,,,,,,,,,,,,1
ALINN,2025-03-21T10:55:12.242906,France,Europe,Millet Innov.,Unknown,EUR,investpy,,,,,,,,,,,,,,,,,,,,,,,,,,,,,1
MASIA,2025-03-21T10:55:12.290160,Italy,Europe,Masi Agricola SpA,Unknown,EUR,investpy,,,,,,,,,,,,,,,,,,,,,,,,,,,,,1
SY1G,2025-03-21T10:55:12.337762,Germany,Europe,Symrise AG,Unknown,EUR,investpy,,,,,,,,,,,,,,,,,,,,,,,,,,,,,1
BXP,2025-03-21T10:55:12.369533,Germany,Europe,Boston Properties,Unknown,EUR,investpy,,,,,,,,,,,,,,,,,,,,,,,,,,,,,1
ALGLD,2025-03-21T10:55:12.449507,France,Europe,Gold By Gold,Unknown,EUR,investpy,,,,,,,,,,,,,,,,,,,,,,,,,,,,,1
CCK,2025-03-21T10:55:12.510532,Germany,Europe,Crown,Unknown,EUR,investpy,,,,,,,,,,,,,,,,,,,,,,,,,,,,,1
STM,2025-03-21T10:55:12.510532,Italy,Europe,STMicroelectronics,Unknown,EUR,investpy,,,,,,,,,,,,,,,,,,,,,,,,,,,,,1
CL,2025-03-21T10:55:12.510532,Austria,Europe,Colgate-Palmolive,Unknown,EUR,investpy,,,,,,,,,,,,,,,,,,,,,,,,,,,,,1
SAF,2025-03-21T10:55:12.541689,France,Europe,Safran,Unknown,EUR,investpy,,,,,,,,,,,,,,,,,,,,,,,,,,,,,1
SGE,2025-03-21T10:55:12.557709,United Kingdom,Europe,Sage,Unknown,GBP,investpy,,,,,,,,,,,,,,,,,,,,,,,,,,,,,1
LAGA,2025-03-21T10:55:12.620440,Germany,Europe,Lagardere,Unknown,EUR,investpy,,,,,,,,,,,,,,,,,,,,,,,,,,,,,1
ZUGN,2025-03-21T10:55:12.652488,Switzerland,Europe,Zug Estates Holding AG,Unknown,CHF,investpy,,,,,,,,,,,,,,,,,,,,,,,,,,,,,1
EER,2025-03-21T10:55:12.778056,Germany,Europe,East Energy Resources,Unknown,EUR,investpy,,,,,,,,,,,,,,,,,,,,,,,,,,,,,1
DEI,2025-03-21T10:55:12.825356,Germany,Europe,Douglas Emmett,Unknown,EUR,investpy,,,,,,,,,,,,,,,,,,,,,,,,,,,,,1
ERYP,2025-03-21T10:55:12.841100,France,Europe,Erytech Pharma,Unknown,EUR,investpy,,,,,,,,,,,,,,,,,,,,,,,,,,,,,1
FINr,2025-03-21T10:55:12.856836,Greece,Europe,Philippos Nakas SA,Unknown,EUR,investpy,,,,,,,,,,,,,,,,,,,,,,,,,,,,,1
DANT,2025-03-21T10:55:12.887876,Denmark,Europe,Dantax,Unknown,DKK,investpy,,,,,,,,,,,,,,,,,,,,,,,,,,,,,1
M5ZG,2025-03-21T10:55:12.887876,Germany,Europe,Manz AG,Unknown,EUR,investpy,,,,,,,,,,,,,,,,,,,,,,,,,,,,,1
BOCH,2025-03-21T10:55:12.903258,United Kingdom,Europe,Bank of Cyprus,Unknown,GBP,investpy,,,,,,,,,,,,,,,,,,,,,,,,,,,,,1
SRS,2025-03-21T10:55:12.935316,Italy,Europe,Saras,Unknown,EUR,investpy,,,,,,,,,,,,,,,,,,,,,,,,,,,,,1
NOKy,2025-03-21T10:55:13.107470,Germany,Europe,Nokia ADR,Unknown,EUR,investpy,,,,,,,,,,,,,,,,,,,,,,,,,,,,,1
CARRA,2025-03-21T10:55:13.154944,Italy,Europe,Carraro,Unknown,EUR,investpy,,,,,,,,,,,,,,,,,,,,,,,,,,,,,1
AZNPy,2025-03-21T10:55:13.154944,Germany,Europe,AstraZeneca ADR,Unknown,EUR,investpy,,,,,,,,,,,,,,,,,,,,,,,,,,,,,1
DLTA,2025-03-21T10:55:13.170945,France,Europe,Delta Plus,Unknown,EUR,investpy,,,,,,,,,,,,,,,,,,,,,,,,,,,,,1
NMAN,2025-03-21T10:55:13.202241,Sweden,Europe,Nederman,Unknown,SEK,investpy,,,,,,,,,,,,,,,,,,,,,,,,,,,,,1
MANTEX,2025-03-21T10:55:13.217399,Sweden,Europe,Mantex,Unknown,SEK,investpy,,,,,,,,,,,,,,,,,,,,,,,,,,,,,1
CRME,2025-03-21T10:55:13.248750,Austria,Europe,Salesforce.com,Unknown,EUR,investpy,,,,,,,,,,,,,,,,,,,,,,,,,,,,,1
MUVGn,2025-03-21T10:55:13.309846,Germany,Europe,Muench. Rueckvers.,Unknown,EUR,investpy,,,,,,,,,,,,,,,,,,,,,,,,,,,,,1
WACGn,2025-03-21T10:55:13.450672,Switzerland,Europe,Wacker Neuson,Unknown,CHF,investpy,,,,,,,,,,,,,,,,,,,,,,,,,,,,,1
GVNV,2025-03-21T10:55:13.450672,Netherlands,Europe,Grandvision BV,Unknown,EUR,investpy,,,,,,,,,,,,,,,,,,,,,,,,,,,,,1
ERIBR,2025-03-21T10:55:13.466736,Finland,Europe,LM Ericsson B,Unknown,EUR,investpy,,,,,,,,,,,,,,,,,,,,,,,,,,,,,1
CHBE,2025-03-21T10:55:13.498723,France,Europe,Beneteau,Unknown,EUR,investpy,,,,,,,,,,,,,,,,,,,,,,,,,,,,,1
CMBN,2025-03-21T10:55:13.498723,Switzerland,Europe,Cembra Money Bank AG,Unknown,CHF,investpy,,,,,,,,,,,,,,,,,,,,,,,,,,,,,1
ACEL,2025-03-21T10:55:13.513892,Germany,Europe,Chubb,Unknown,EUR,investpy,,,,,,,,,,,,,,,,,,,,,,,,,,,,,1
CBAV,2025-03-21T10:55:13.513892,Spain,Europe,Clinica Baviera,Unknown,EUR,investpy,,,,,,,,,,,,,,,,,,,,,,,,,,,,,1
HEMFpref,2025-03-21T10:55:13.608170,Sweden,Europe,Hemfosa Fastigheter Pref,Unknown,SEK,investpy,,,,,,,,,,,,,,,,,,,,,,,,,,,,,1
HARBb,2025-03-21T10:55:13.766381,Denmark,Europe,Harboes Bryggeri B,Unknown,DKK,investpy,,,,,,,,,,,,,,,,,,,,,,,,,,,,,1
DOXA,2025-03-21T10:55:13.782414,Sweden,Europe,Doxa AB,Unknown,SEK,investpy,,,,,,,,,,,,,,,,,,,,,,,,,,,,,1
KLEEb,2025-03-21T10:55:13.798447,Denmark,Europe,Brd. Klee B,Unknown,DKK,investpy,,,,,,,,,,,,,,,,,,,,,,,,,,,,,1
BREI,2025-03-21T10:55:13.813991,United Kingdom,Europe,BMO Real Estate,Unknown,GBP,investpy,,,,,,,,,,,,,,,,,,,,,,,,,,,,,1
ALTXC,2025-03-21T10:55:13.830502,France,Europe,Txcom,Unknown,EUR,investpy,,,,,,,,,,,,,,,,,,,,,,,,,,,,,1
MA2,2025-03-21T10:55:13.862525,Germany,Europe,Macmahon Holdings,Unknown,EUR,investpy,,,,,,,,,,,,,,,,,,,,,,,,,,,,,1
CLTN,2025-03-21T10:55:13.878544,Switzerland,Europe,Coltene Holding AG,Unknown,CHF,investpy,,,,,,,,,,,,,,,,,,,,,,,,,,,,,1
TKTT,2025-03-21T10:55:13.926603,France,Europe,Tarkett,Unknown,EUR,investpy,,,,,,,,,,,,,,,,,,,,,,,,,,,,,1
GIMA,2025-03-21T10:55:14.053791,Italy,Europe,Gima TT,Unknown,EUR,investpy,,,,,,,,,,,,,,,,,,,,,,,,,,,,,1
ENVIRb,2025-03-21T10:55:14.100651,Sweden,Europe,Envirologic,Unknown,SEK,investpy,,,,,,,,,,,,,,,,,,,,,,,,,,,,,1
AHM1,2025-03-21T10:55:14.116676,Finland,Europe,Ahlstrom-Munksjo,Unknown,EUR,investpy,,,,,,,,,,,,,,,,,,,,,,,,,,,,,1
EING_p,2025-03-21T10:55:14.147925,Germany,Europe,Einhell VZO,Unknown,EUR,investpy,,,,,,,,,,,,,,,,,,,,,,,,,,,,,1
ESENSE,2025-03-21T10:55:14.163992,Finland,Europe,Enersense,Unknown,EUR,investpy,,,,,,,,,,,,,,,,,,,,,,,,,,,,,1
0R0J,2025-03-21T10:55:14.163992,United Kingdom,Europe,Zynga,Unknown,USD,investpy,,,,,,,,,,,,,,,,,,,,,,,,,,,,,1
INVEb,2025-03-21T10:55:14.226541,Sweden,Europe,Investor B,Unknown,SEK,investpy,,,,,,,,,,,,,,,,,,,,,,,,,,,,,1
GHS,2025-03-21T10:55:14.241739,United Kingdom,Europe,Gresham House Strategic,Unknown,GBP,investpy,,,,,,,,,,,,,,,,,,,,,,,,,,,,,1
DOM,2025-03-21T10:55:14.351806,United Kingdom,Europe,Domino’s Pizza,Unknown,GBP,investpy,,,,,,,,,,,,,,,,,,,,,,,,,,,,,1
SOFF,2025-03-21T10:55:14.430680,Norway,Europe,Solstad Offsho,Unknown,NOK,investpy,,,,,,,,,,,,,,,,,,,,,,,,,,,,,1
DVTM,2025-03-21T10:55:14.446698,France,Europe,Devoteam,Unknown,EUR,investpy,,,,,,,,,,,,,,,,,,,,,,,,,,,,,1
WUWGn,2025-03-21T10:55:14.446698,Austria,Europe,Wuestenrot Wuerttembergische,Unknown,EUR,investpy,,,,,,,,,,,,,,,,,,,,,,,,,,,,,1
ENDOM,2025-03-21T10:55:14.461707,Finland,Europe,Endomines AB,Unknown,EUR,investpy,,,,,,,,,,,,,,,,,,,,,,,,,,,,,1
PNHO,2025-03-21T10:55:14.461707,Switzerland,Europe,Poenina,Unknown,CHF,investpy,,,,,,,,,,,,,,,,,,,,,,,,,,,,,1
SMIN,2025-03-21T10:55:14.554307,United Kingdom,Europe,Smiths Group,Unknown,GBP,investpy,,,,,,,,,,,,,,,,,,,,,,,,,,,,,1
KP5,2025-03-21T10:55:14.554307,Norway,Europe,Kitron,Unknown,NOK,investpy,,,,,,,,,,,,,,,,,,,,,,,,,,,,,1
EVDG,2025-03-21T10:55:14.697153,Germany,Europe,CTS Eventim AG,Unknown,EUR,investpy,,,,,,,,,,,,,,,,,,,,,,,,,,,,,1
EQV1V,2025-03-21T10:55:14.728537,Finland,Europe,eQ Oyj,Unknown,EUR,investpy,,,,,,,,,,,,,,,,,,,,,,,,,,,,,1
CTPC,2025-03-21T10:55:14.728537,United Kingdom,Europe,Castleton Tech,Unknown,GBP,investpy,,,,,,,,,,,,,,,,,,,,,,,,,,,,,1
DEL,2025-03-21T10:55:14.744514,Germany,Europe,Delta Air Lines,Unknown,EUR,investpy,,,,,,,,,,,,,,,,,,,,,,,,,,,,,1
RXL,2025-03-21T10:55:14.760522,France,Europe,Rexel,Unknown,EUR,investpy,,,,,,,,,,,,,,,,,,,,,,,,,,,,,1
WEHB,2025-03-21T10:55:14.791193,Belgium,Europe,Wereldhav B-Sicafi,Unknown,EUR,investpy,,,,,,,,,,,,,,,,,,,,,,,,,,,,,1
MAP,2025-03-21T10:55:14.838678,Spain,Europe,Mapfre,Unknown,EUR,investpy,,,,,,,,,,,,,,,,,,,,,,,,,,,,,1
VRKP,2025-03-21T10:55:14.917340,France,Europe,Vranken-Pommery,Unknown,EUR,investpy,,,,,,,,,,,,,,,,,,,,,,,,,,,,,1
SEBa,2025-03-21T10:55:15.026856,Sweden,Europe,SEB A,Unknown,SEK,investpy,,,,,,,,,,,,,,,,,,,,,,,,,,,,,1
PWOG,2025-03-21T10:55:15.057347,Germany,Europe,Progress Werk Oberkirch,Unknown,EUR,investpy,,,,,,,,,,,,,,,,,,,,,,,,,,,,,1
IBAB,2025-03-21T10:55:15.057347,Belgium,Europe,Ion Beam Applications,Unknown,EUR,investpy,,,,,,,,,,,,,,,,,,,,,,,,,,,,,1
PREVb,2025-03-21T10:55:15.073374,Sweden,Europe,Prevas B,Unknown,SEK,investpy,,,,,,,,,,,,,,,,,,,,,,,,,,,,,1
O2Dn,2025-03-21T10:55:15.089377,Switzerland,Europe,Telefonica Deutschland AG,Unknown,CHF,investpy,,,,,,,,,,,,,,,,,,,,,,,,,,,,,1
COPMa,2025-03-21T10:55:15.167170,Austria,Europe,CompuGroup AG,Unknown,EUR,investpy,,,,,,,,,,,,,,,,,,,,,,,,,,,,,1
HOYLU,2025-03-21T10:55:15.167170,Sweden,Europe,Hoylu,Unknown,SEK,investpy,,,,,,,,,,,,,,,,,,,,,,,,,,,,,1
RDI,2025-03-21T10:55:15.278314,United Kingdom,Europe,RDI Reit,Unknown,GBP,investpy,,,,,,,,,,,,,,,,,,,,,,,,,,,,,1
DY2,2025-03-21T10:55:15.357418,Germany,Europe,Dentsply,Unknown,EUR,investpy,,,,,,,,,,,,,,,,,,,,,,,,,,,,,1
ALMDT,2025-03-21T10:55:15.357418,France,Europe,Mediantechn,Unknown,EUR,investpy,,,,,,,,,,,,,,,,,,,,,,,,,,,,,1
TAS,2025-03-21T10:55:15.388670,Italy,Europe,TAS,Unknown,EUR,investpy,,,,,,,,,,,,,,,,,,,,,,,,,,,,,1
CODC,2025-03-21T10:55:15.404692,United Kingdom,Europe,Saint Gobain,Unknown,EUR,investpy,,,,,,,,,,,,,,,,,,,,,,,,,,,,,1
ORAN,2025-03-21T10:55:15.435995,Italy,Europe,Orange,Unknown,EUR,investpy,,,,,,,,,,,,,,,,,,,,,,,,,,,,,1
TOT,2025-03-21T10:55:15.466903,Italy,Europe,Total,Unknown,EUR,investpy,,,,,,,,,,,,,,,,,,,,,,,,,,,,,1
FAAS,2025-03-21T10:55:15.515029,Germany,Europe,Fabasoft AG,Unknown,EUR,investpy,,,,,,,,,,,,,,,,,,,,,,,,,,,,,1
SCF,2025-03-21T10:55:15.562269,United Kingdom,Europe,Schroder Income,Unknown,GBP,investpy,,,,,,,,,,,,,,,,,,,,,,,,,,,,,1
ADOC,2025-03-21T10:55:15.623809,France,Europe,Adocia,Unknown,EUR,investpy,,,,,,,,,,,,,,,,,,,,,,,,,,,,,1
ODHN,2025-03-21T10:55:15.671605,Germany,Europe,Orascom Development,Unknown,EUR,investpy,,,,,,,,,,,,,,,,,,,,,,,,,,,,,1
LIO,2025-03-21T10:55:15.702851,United Kingdom,Europe,Liontrust,Unknown,GBP,investpy,,,,,,,,,,,,,,,,,,,,,,,,,,,,,1
LOUDS,2025-03-21T10:55:15.702851,Sweden,Europe,Cleantech Invest,Unknown,SEK,investpy,,,,,,,,,,,,,,,,,,,,,,,,,,,,,1
ULE,2025-03-21T10:55:15.796312,United Kingdom,Europe,Ultra Electronics,Unknown,GBP,investpy,,,,,,,,,,,,,,,,,,,,,,,,,,,,,1
FIEG,2025-03-21T10:55:15.812336,Germany,Europe,Fielmann AG,Unknown,EUR,investpy,,,,,,,,,,,,,,,,,,,,,,,,,,,,,1
NTGNT,2025-03-21T10:55:15.859786,Denmark,Europe,Neurosearch,Unknown,DKK,investpy,,,,,,,,,,,,,,,,,,,,,,,,,,,,,1
IRIST,2025-03-21T10:55:15.939985,Sweden,Europe,Irisity,Unknown,SEK,investpy,,,,,,,,,,,,,,,,,,,,,,,,,,,,,1
SFM1,2025-03-21T10:55:15.939985,Germany,Europe,Sundance Resources,Unknown,EUR,investpy,,,,,,,,,,,,,,,,,,,,,,,,,,,,,1
MUVGn,2025-03-21T10:55:15.972030,Switzerland,Europe,Muench. Rueckvers.,Unknown,CHF,investpy,,,,,,,,,,,,,,,,,,,,,,,,,,,,,1
DJUR,2025-03-21T10:55:16.020176,Denmark,Europe,Djurslands Bank,Unknown,DKK,investpy,,,,,,,,,,,,,,,,,,,,,,,,,,,,,1
TEPRF,2025-03-21T10:55:16.051764,France,Europe,Teleperformance,Unknown,EUR,investpy,,,,,,,,,,,,,,,,,,,,,,,,,,,,,1
SESTS,2025-03-21T10:55:16.099832,United Kingdom,Europe,Securities Scotland,Unknown,GBP,investpy,,,,,,,,,,,,,,,,,,,,,,,,,,,,,1
SPGP,2025-03-21T10:55:16.115855,Denmark,Europe,SP Group,Unknown,DKK,investpy,,,,,,,,,,,,,,,,,,,,,,,,,,,,,1
CRNT,2025-03-21T10:55:16.178106,Germany,Europe,Ceragon,Unknown,EUR,investpy,,,,,,,,,,,,,,,,,,,,,,,,,,,,,1
HMSN,2025-03-21T10:55:16.272770,Sweden,Europe,HMS Networks,Unknown,SEK,investpy,,,,,,,,,,,,,,,,,,,,,,,,,,,,,1
BELE,2025-03-21T10:55:16.288821,Sweden,Europe,Beijer Electronics,Unknown,SEK,investpy,,,,,,,,,,,,,,,,,,,,,,,,,,,,,1
GOEG,2025-03-21T10:55:16.304506,France,Europe,Groupe Gorge,Unknown,EUR,investpy,,,,,,,,,,,,,,,,,,,,,,,,,,,,,1
RDSb,2025-03-21T10:55:16.319744,Netherlands,Europe,Royal Dutch Shell B,Unknown,EUR,investpy,,,,,,,,,,,,,,,,,,,,,,,,,,,,,1
7DIG,2025-03-21T10:55:16.319744,United Kingdom,Europe,7Digital Group,Unknown,GBP,investpy,,,,,,,,,,,,,,,,,,,,,,,,,,,,,1
NDAFI,2025-03-21T10:55:16.474584,Finland,Europe,Nordea Bank,Unknown,EUR,investpy,,,,,,,,,,,,,,,,,,,,,,,,,,,,,1
LTD,2025-03-21T10:55:16.474584,Germany,Europe,L Brands,Unknown,EUR,investpy,,,,,,,,,,,,,,,,,,,,,,,,,,,,,1
VAF,2025-03-21T10:55:16.490597,Portugal,Europe,VAA Vista Alegre,Unknown,EUR,investpy,,,,,,,,,,,,,,,,,,,,,,,,,,,,,1
GSUSD,2025-03-21T10:55:16.553656,Switzerland,Europe,Goldman Sachs,Unknown,EUR,investpy,,,,,,,,,,,,,,,,,,,,,,,,,,,,,1
TFI,2025-03-21T10:55:16.569689,Italy,Europe,Trevi Fin Industriale,Unknown,EUR,investpy,,,,,,,,,,,,,,,,,,,,,,,,,,,,,1
IMPN,2025-03-21T10:55:16.585729,Switzerland,Europe,Implenia,Unknown,CHF,investpy,,,,,,,,,,,,,,,,,,,,,,,,,,,,,1
MYFC,2025-03-21T10:55:16.585729,Sweden,Europe,myFC AB,Unknown,SEK,investpy,,,,,,,,,,,,,,,,,,,,,,,,,,,,,1
CRSL,2025-03-21T10:55:16.617771,United Kingdom,Europe,Crystal Amber,Unknown,GBP,investpy,,,,,,,,,,,,,,,,,,,,,,,,,,,,,1
PLP,2025-03-21T10:55:16.791813,United Kingdom,Europe,Polypipe Group,Unknown,GBP,investpy,,,,,,,,,,,,,,,,,,,,,,,,,,,,,1
RBASE,2025-03-21T10:55:16.807832,Sweden,Europe,Raybased,Unknown,SEK,investpy,,,,,,,,,,,,,,,,,,,,,,,,,,,,,1
EXSY,2025-03-21T10:55:16.823385,Italy,Europe,Expert System,Unknown,EUR,investpy,,,,,,,,,,,,,,,,,,,,,,,,,,,,,1
QY1,2025-03-21T10:55:16.823385,Germany,Europe,Nextgen Healthcare,Unknown,EUR,investpy,,,,,,,,,,,,,,,,,,,,,,,,,,,,,1
SW1,2025-03-21T10:55:16.885619,Germany,Europe,SHW AG,Unknown,EUR,investpy,,,,,,,,,,,,,,,,,,,,,,,,,,,,,1
NAVA,2025-03-21T10:55:16.900910,Norway,Europe,Navamedic,Unknown,NOK,investpy,,,,,,,,,,,,,,,,,,,,,,,,,,,,,1
EIG,2025-03-21T10:55:16.900910,Germany,Europe,Employers,Unknown,EUR,investpy,,,,,,,,,,,,,,,,,,,,,,,,,,,,,1
ANA,2025-03-21T10:55:16.996187,Spain,Europe,Acciona,Unknown,EUR,investpy,,,,,,,,,,,,,,,,,,,,,,,,,,,,,1
DANSKE,2025-03-21T10:55:17.106064,Denmark,Europe,Danske Bank,Unknown,DKK,investpy,,,,,,,,,,,,,,,,,,,,,,,,,,,,,1
SASY,2025-03-21T10:55:17.151689,Switzerland,Europe,Sanofi,Unknown,CHF,investpy,,,,,,,,,,,,,,,,,,,,,,,,,,,,,1
FDA,2025-03-21T10:55:17.167756,Italy,Europe,Fidia,Unknown,EUR,investpy,,,,,,,,,,,,,,,,,,,,,,,,,,,,,1
JDE,2025-03-21T10:55:17.182981,Austria,Europe,Jd.Com Inc Adr,Unknown,EUR,investpy,,,,,,,,,,,,,,,,,,,,,,,,,,,,,1
STEN,2025-03-21T10:55:17.214360,France,Europe,Stentys,Unknown,EUR,investpy,,,,,,,,,,,,,,,,,,,,,,,,,,,,,1
EVERYa,2025-03-21T10:55:17.260776,Sweden,Europe,Everysport Media,Unknown,SEK,investpy,,,,,,,,,,,,,,,,,,,,,,,,,,,,,1
AOO,2025-03-21T10:55:17.260776,Belgium,Europe,Aedifica,Unknown,EUR,investpy,,,,,,,,,,,,,,,,,,,,,,,,,,,,,1
8SO,2025-03-21T10:55:17.370385,Germany,Europe,Sonos,Unknown,EUR,investpy,,,,,,,,,,,,,,,,,,,,,,,,,,,,,1
DRX,2025-03-21T10:55:17.433395,United Kingdom,Europe,Drax Group,Unknown,GBP,investpy,,,,,,,,,,,,,,,,,,,,,,,,,,,,,1
INHG,2025-03-21T10:55:17.448556,Germany,Europe,Indus AG,Unknown,EUR,investpy,,,,,,,,,,,,,,,,,,,,,,,,,,,,,1
METSA,2025-03-21T10:55:17.525453,Finland,Europe,Metsa Board Oyj A,Unknown,EUR,investpy,,,,,,,,,,,,,,,,,,,,,,,,,,,,,1
MLSKN,2025-03-21T10:55:17.525453,France,Europe,Microskin,Unknown,EUR,investpy,,,,,,,,,,,,,,,,,,,,,,,,,,,,,1
SGCO,2025-03-21T10:55:17.601530,Italy,Europe,Sg Company,Unknown,EUR,investpy,,,,,,,,,,,,,,,,,,,,,,,,,,,,,1
ITM,2025-03-21T10:55:17.601530,United Kingdom,Europe,ITM Power,Unknown,GBP,investpy,,,,,,,,,,,,,,,,,,,,,,,,,,,,,1
EEPC,2025-03-21T10:55:17.616772,France,Europe,Explosifs Prod Chimiques,Unknown,EUR,investpy,,,,,,,,,,,,,,,,,,,,,,,,,,,,,1
MRCM,2025-03-21T10:55:17.664357,United Kingdom,Europe,Mercantile Investment Trust,Unknown,GBP,investpy,,,,,,,,,,,,,,,,,,,,,,,,,,,,,1
SBS,2025-03-21T10:55:17.696329,Denmark,Europe,SBS,Unknown,DKK,investpy,,,,,,,,,,,,,,,,,,,,,,,,,,,,,1
SDTC,2025-03-21T10:55:17.727275,France,Europe,Soditech Ingenierie,Unknown,EUR,investpy,,,,,,,,,,,,,,,,,,,,,,,,,,,,,1
LEOV,2025-03-21T10:55:17.821856,Sweden,Europe,LeoVegas,Unknown,SEK,investpy,,,,,,,,,,,,,,,,,,,,,,,,,,,,,1
PFE,2025-03-21T10:55:17.837361,Austria,Europe,Pfizer,Unknown,CHF,investpy,,,,,,,,,,,,,,,,,,,,,,,,,,,,,1
CYH,2025-03-21T10:55:17.884710,Germany,Europe,Community Health Systems,Unknown,EUR,investpy,,,,,,,,,,,,,,,,,,,,,,,,,,,,,1
NUOG,2025-03-21T10:55:17.916750,United Kingdom,Europe,Nu-Oil and Gas,Unknown,GBP,investpy,,,,,,,,,,,,,,,,,,,,,,,,,,,,,1
SBX-ME,2025-03-21T10:55:17.916750,Norway,Europe,SeaBird Exploration,Unknown,NOK,investpy,,,,,,,,,,,,,,,,,,,,,,,,,,,,,1
0JSJ,2025-03-21T10:55:18.011223,United Kingdom,Europe,LKQ,Unknown,USD,investpy,,,,,,,,,,,,,,,,,,,,,,,,,,,,,1
GPRO,2025-03-21T10:55:18.043002,Austria,Europe,GoPro Inc,Unknown,EUR,investpy,,,,,,,,,,,,,,,,,,,,,,,,,,,,,1
CLNKb,2025-03-21T10:55:18.089439,Sweden,Europe,Cellink,Unknown,SEK,investpy,,,,,,,,,,,,,,,,,,,,,,,,,,,,,1
EDF,2025-03-21T10:55:18.168267,France,Europe,Electricite de France,Unknown,EUR,investpy,,,,,,,,,,,,,,,,,,,,,,,,,,,,,1
BRDY,2025-03-21T10:55:18.184287,United Kingdom,Europe,Brady,Unknown,GBP,investpy,,,,,,,,,,,,,,,,,,,,,,,,,,,,,1
COMAE,2025-03-21T10:55:18.199940,Portugal,Europe,Compta,Unknown,EUR,investpy,,,,,,,,,,,,,,,,,,,,,,,,,,,,,1
LHAG,2025-03-21T10:55:18.215964,Italy,Europe,Lufthansa,Unknown,EUR,investpy,,,,,,,,,,,,,,,,,,,,,,,,,,,,,1
VOLO,2025-03-21T10:55:18.247983,Sweden,Europe,Volati,Unknown,SEK,investpy,,,,,,,,,,,,,,,,,,,,,,,,,,,,,1
THRU,2025-03-21T10:55:18.311352,United Kingdom,Europe,Thruvision,Unknown,GBP,investpy,,,,,,,,,,,,,,,,,,,,,,,,,,,,,1
GYC,2025-03-21T10:55:18.404975,Austria,Europe,Grand City,Unknown,EUR,investpy,,,,,,,,,,,,,,,,,,,,,,,,,,,,,1
MRS,2025-03-21T10:55:18.404975,United Kingdom,Europe,MRS PLC,Unknown,GBP,investpy,,,,,,,,,,,,,,,,,,,,,,,,,,,,,1
NCM,2025-03-21T10:55:18.450931,Switzerland,Europe,Newcrest Mining,Unknown,CHF,investpy,,,,,,,,,,,,,,,,,,,,,,,,,,,,,1
CPPG,2025-03-21T10:55:18.466931,United Kingdom,Europe,CPP Group,Unknown,GBP,investpy,,,,,,,,,,,,,,,,,,,,,,,,,,,,,1
METSB,2025-03-21T10:55:18.482932,Finland,Europe,Metsa Board Oyj B,Unknown,EUR,investpy,,,,,,,,,,,,,,,,,,,,,,,,,,,,,1
TSLAUSD,2025-03-21T10:55:18.546591,Switzerland,Europe,Tesla,Unknown,USD,investpy,,,,,,,,,,,,,,,,,,,,,,,,,,,,,1
REDWPH,2025-03-21T10:55:18.561852,Sweden,Europe,Redwood Pharma,Unknown,SEK,investpy,,,,,,,,,,,,,,,,,,,,,,,,,,,,,1
MATRA,2025-03-21T10:55:18.625047,Sweden,Europe,Matra Petroleum,Unknown,SEK,investpy,,,,,,,,,,,,,,,,,,,,,,,,,,,,,1
SWOR,2025-03-21T10:55:18.671421,France,Europe,Sword,Unknown,EUR,investpy,,,,,,,,,,,,,,,,,,,,,,,,,,,,,1
CBOT,2025-03-21T10:55:18.734199,France,Europe,CBO Territoria,Unknown,EUR,investpy,,,,,,,,,,,,,,,,,,,,,,,,,,,,,1
IGS,2025-03-21T10:55:18.749637,Italy,Europe,Isagro,Unknown,EUR,investpy,,,,,,,,,,,,,,,,,,,,,,,,,,,,,1
HEEROS,2025-03-21T10:55:18.780686,Finland,Europe,Heeros,Unknown,EUR,investpy,,,,,,,,,,,,,,,,,,,,,,,,,,,,,1
SIPG,2025-03-21T10:55:18.828253,Germany,Europe,Simon Property,Unknown,EUR,investpy,,,,,,,,,,,,,,,,,,,,,,,,,,,,,1
1P6,2025-03-21T10:55:18.875329,Germany,Europe,Berry Petroleum,Unknown,EUR,investpy,,,,,,,,,,,,,,,,,,,,,,,,,,,,,1
MING,2025-03-21T10:55:18.890850,Norway,Europe,Sparebank 1 SMN,Unknown,NOK,investpy,,,,,,,,,,,,,,,,,,,,,,,,,,,,,1
REDS,2025-03-21T10:55:18.890850,Sweden,Europe,Redsense Medical,Unknown,SEK,investpy,,,,,,,,,,,,,,,,,,,,,,,,,,,,,1
NEXT,2025-03-21T10:55:19.044950,Norway,Europe,Next Biometrics,Unknown,NOK,investpy,,,,,,,,,,,,,,,,,,,,,,,,,,,,,1
BYG,2025-03-21T10:55:19.075989,United Kingdom,Europe,Big Yellow,Unknown,GBP,investpy,,,,,,,,,,,,,,,,,,,,,,,,,,,,,1
VRTX,2025-03-21T10:55:19.091988,Austria,Europe,Vertex,Unknown,EUR,investpy,,,,,,,,,,,,,,,,,,,,,,,,,,,,,1
SRP,2025-03-21T10:55:19.107976,United Kingdom,Europe,Serco,Unknown,GBP,investpy,,,,,,,,,,,,,,,,,,,,,,,,,,,,,1
AT1,2025-03-21T10:55:19.154897,Germany,Europe,Aroundtown,Unknown,EUR,investpy,,,,,,,,,,,,,,,,,,,,,,,,,,,,,1
OEX,2025-03-21T10:55:19.185917,United Kingdom,Europe,Oilex,Unknown,GBP,investpy,,,,,,,,,,,,,,,,,,,,,,,,,,,,,1
PANR,2025-03-21T10:55:19.201202,United Kingdom,Europe,Pantheon Resources,Unknown,GBP,investpy,,,,,,,,,,,,,,,,,,,,,,,,,,,,,1
UKWG,2025-03-21T10:55:19.265369,United Kingdom,Europe,Greencoat,Unknown,GBP,investpy,,,,,,,,,,,,,,,,,,,,,,,,,,,,,1
ADBE,2025-03-21T10:55:19.344688,Germany,Europe,Adobe,Unknown,EUR,investpy,,,,,,,,,,,,,,,,,,,,,,,,,,,,,1
MLGDI,2025-03-21T10:55:19.408251,France,Europe,Guandao Puer,Unknown,EUR,investpy,,,,,,,,,,,,,,,,,,,,,,,,,,,,,1
WSG,2025-03-21T10:55:19.408251,United Kingdom,Europe,Westminster,Unknown,GBP,investpy,,,,,,,,,,,,,,,,,,,,,,,,,,,,,1
AXP,2025-03-21T10:55:19.486455,Austria,Europe,American Express,Unknown,EUR,investpy,,,,,,,,,,,,,,,,,,,,,,,,,,,,,1
RDEDy,2025-03-21T10:55:19.486455,Germany,Europe,Relx ADR,Unknown,EUR,investpy,,,,,,,,,,,,,,,,,,,,,,,,,,,,,1
PP4A,2025-03-21T10:55:19.501756,Germany,Europe,Popular,Unknown,EUR,investpy,,,,,,,,,,,,,,,,,,,,,,,,,,,,,1
ANOT,2025-03-21T10:55:19.563879,Sweden,Europe,Anoto,Unknown,SEK,investpy,,,,,,,,,,,,,,,,,,,,,,,,,,,,,1
ADJ,2025-03-21T10:55:19.563879,Germany,Europe,ADO Properties SARL,Unknown,EUR,investpy,,,,,,,,,,,,,,,,,,,,,,,,,,,,,1
MLPG,2025-03-21T10:55:19.689267,Austria,Europe,MLP AG,Unknown,EUR,investpy,,,,,,,,,,,,,,,,,,,,,,,,,,,,,1
ERMA,2025-03-21T10:55:19.751863,Sweden,Europe,Enorama Pharma,Unknown,SEK,investpy,,,,,,,,,,,,,,,,,,,,,,,,,,,,,1
DIB,2025-03-21T10:55:19.751863,Italy,Europe,Digital Bros,Unknown,EUR,investpy,,,,,,,,,,,,,,,,,,,,,,,,,,,,,1
GILD,2025-03-21T10:55:19.798009,Austria,Europe,Gilead,Unknown,EUR,investpy,,,,,,,,,,,,,,,,,,,,,,,,,,,,,1
PPCr,2025-03-21T10:55:19.829369,Greece,Europe,Paperpack Printing Box Manufact,Unknown,EUR,investpy,,,,,,,,,,,,,,,,,,,,,,,,,,,,,1
LUV,2025-03-21T10:55:19.829369,Germany,Europe,Southwest Airlines,Unknown,EUR,investpy,,,,,,,,,,,,,,,,,,,,,,,,,,,,,1
JENGn,2025-03-21T10:55:19.844621,Germany,Europe,Jenoptik,Unknown,EUR,investpy,,,,,,,,,,,,,,,,,,,,,,,,,,,,,1
SBSTA,2025-03-21T10:55:19.860130,Norway,Europe,Schibsted A,Unknown,NOK,investpy,,,,,,,,,,,,,,,,,,,,,,,,,,,,,1
ECA,2025-03-21T10:55:19.971313,Germany,Europe,Encana,Unknown,EUR,investpy,,,,,,,,,,,,,,,,,,,,,,,,,,,,,1
RAUTE,2025-03-21T10:55:20.097008,Finland,Europe,Raute,Unknown,EUR,investpy,,,,,,,,,,,,,,,,,,,,,,,,,,,,,1
DAST,2025-03-21T10:55:20.112163,France,Europe,Dassault Systemes,Unknown,EUR,investpy,,,,,,,,,,,,,,,,,,,,,,,,,,,,,1
FNTGn,2025-03-21T10:55:20.128187,Germany,Europe,Freenet AG,Unknown,EUR,investpy,,,,,,,,,,,,,,,,,,,,,,,,,,,,,1
RPM,2025-03-21T10:55:20.143708,Germany,Europe,RPM,Unknown,EUR,investpy,,,,,,,,,,,,,,,,,,,,,,,,,,,,,1
ZALG,2025-03-21T10:55:20.143708,Austria,Europe,Zalando SE,Unknown,EUR,investpy,,,,,,,,,,,,,,,,,,,,,,,,,,,,,1
BBAR,2025-03-21T10:55:20.143708,Spain,Europe,BBVA Banco Frances,Unknown,EUR,investpy,,,,,,,,,,,,,,,,,,,,,,,,,,,,,1
ALCOF,2025-03-21T10:55:20.191839,France,Europe,Cofidur,Unknown,EUR,investpy,,,,,,,,,,,,,,,,,,,,,,,,,,,,,1
MULT,2025-03-21T10:55:20.332681,Sweden,Europe,MultiDocker Cargo,Unknown,SEK,investpy,,,,,,,,,,,,,,,,,,,,,,,,,,,,,1
CCORb,2025-03-21T10:55:20.396681,Sweden,Europe,Concordia Maritime B,Unknown,SEK,investpy,,,,,,,,,,,,,,,,,,,,,,,,,,,,,1
RSTP,2025-03-21T10:55:20.411882,United Kingdom,Europe,Restore,Unknown,GBP,investpy,,,,,,,,,,,,,,,,,,,,,,,,,,,,,1
LFG,2025-03-21T10:55:20.443508,Italy,Europe,Leone Film Group SpA,Unknown,EUR,investpy,,,,,,,,,,,,,,,,,,,,,,,,,,,,,1
EXRS,2025-03-21T10:55:20.474557,Germany,Europe,Extra Space Storage,Unknown,EUR,investpy,,,,,,,,,,,,,,,,,,,,,,,,,,,,,1
NOMIN,2025-03-21T10:55:20.489865,Norway,Europe,Nordic Mining,Unknown,NOK,investpy,,,,,,,,,,,,,,,,,,,,,,,,,,,,,1
HBRN,2025-03-21T10:55:20.521855,Ireland,Europe,Hibernia,Unknown,EUR,investpy,,,,,,,,,,,,,,,,,,,,,,,,,,,,,1
ALANT,2025-03-21T10:55:20.521855,France,Europe,Antevenio,Unknown,EUR,investpy,,,,,,,,,,,,,,,,,,,,,,,,,,,,,1
SCEU,2025-03-21T10:55:20.645373,United Kingdom,Europe,Surface Transforms,Unknown,GBP,investpy,,,,,,,,,,,,,,,,,,,,,,,,,,,,,1
SDP,2025-03-21T10:55:20.740110,United Kingdom,Europe,Schroder Asia Pacific,Unknown,GBP,investpy,,,,,,,,,,,,,,,,,,,,,,,,,,,,,1
UTX,2025-03-21T10:55:20.740110,Germany,Europe,United Technologies,Unknown,EUR,investpy,,,,,,,,,,,,,,,,,,,,,,,,,,,,,1
FKRAFT,2025-03-21T10:55:20.756172,Norway,Europe,Fjordkraft,Unknown,NOK,investpy,,,,,,,,,,,,,,,,,,,,,,,,,,,,,1
WIRTEK,2025-03-21T10:55:20.772172,Denmark,Europe,Wirtek A/S,Unknown,DKK,investpy,,,,,,,,,,,,,,,,,,,,,,,,,,,,,1
VIAFIN,2025-03-21T10:55:20.772172,Finland,Europe,Viafin Service,Unknown,EUR,investpy,,,,,,,,,,,,,,,,,,,,,,,,,,,,,1
LRES,2025-03-21T10:55:20.803243,Spain,Europe,Lar Espana Real Estate SOCIMI SA,Unknown,EUR,investpy,,,,,,,,,,,,,,,,,,,,,,,,,,,,,1
AMAT,2025-03-21T10:55:20.880185,Germany,Europe,Applied Materials,Unknown,EUR,investpy,,,,,,,,,,,,,,,,,,,,,,,,,,,,,1
DTG,2025-03-21T10:55:20.927620,United Kingdom,Europe,Dart Group,Unknown,GBP,investpy,,,,,,,,,,,,,,,,,,,,,,,,,,,,,1
SNNS,2025-03-21T10:55:21.051372,United Kingdom,Europe,Sanne Group PLC,Unknown,GBP,investpy,,,,,,,,,,,,,,,,,,,,,,,,,,,,,1
JMAT,2025-03-21T10:55:21.051372,United Kingdom,Europe,Johnson Matthey,Unknown,GBP,investpy,,,,,,,,,,,,,,,,,,,,,,,,,,,,,1
ITPG,2025-03-21T10:55:21.066224,Italy,Europe,Interpump,Unknown,EUR,investpy,,,,,,,,,,,,,,,,,,,,,,,,,,,,,1
HLGZ,2025-03-21T10:55:21.113319,Germany,Europe,Highlight Communications,Unknown,EUR,investpy,,,,,,,,,,,,,,,,,,,,,,,,,,,,,1
CARLa,2025-03-21T10:55:21.144398,Denmark,Europe,Carlsberg A,Unknown,DKK,investpy,,,,,,,,,,,,,,,,,,,,,,,,,,,,,1
TAU,2025-03-21T10:55:21.160423,United Kingdom,Europe,Tau Capital,Unknown,USD,investpy,,,,,,,,,,,,,,,,,,,,,,,,,,,,,1
DWSG,2025-03-21T10:55:21.191984,Germany,Europe,DWS Group,Unknown,EUR,investpy,,,,,,,,,,,,,,,,,,,,,,,,,,,,,1
CMCX,2025-03-21T10:55:21.223005,United Kingdom,Europe,CMC Markets,Unknown,GBP,investpy,,,,,,,,,,,,,,,,,,,,,,,,,,,,,1
SABF,2025-03-21T10:55:21.366509,Italy,Europe,Sabaf,Unknown,EUR,investpy,,,,,,,,,,,,,,,,,,,,,,,,,,,,,1
CAP,2025-03-21T10:55:21.382541,Germany,Europe,Cai,Unknown,EUR,investpy,,,,,,,,,,,,,,,,,,,,,,,,,,,,,1
PRICb,2025-03-21T10:55:21.413824,Sweden,Europe,Pricer B,Unknown,SEK,investpy,,,,,,,,,,,,,,,,,,,,,,,,,,,,,1
G7BG,2025-03-21T10:55:21.429727,Germany,Europe,GWB Immobilien,Unknown,EUR,investpy,,,,,,,,,,,,,,,,,,,,,,,,,,,,,1
RIEN,2025-03-21T10:55:21.460187,Switzerland,Europe,Rieter Holding,Unknown,CHF,investpy,,,,,,,,,,,,,,,,,,,,,,,,,,,,,1
PID,2025-03-21T10:55:21.476221,France,Europe,Paragon Id,Unknown,EUR,investpy,,,,,,,,,,,,,,,,,,,,,,,,,,,,,1
YAR,2025-03-21T10:55:21.507216,Norway,Europe,Yara International,Unknown,NOK,investpy,,,,,,,,,,,,,,,,,,,,,,,,,,,,,1
4I1,2025-03-21T10:55:21.599619,Germany,Europe,Philip Morris,Unknown,EUR,investpy,,,,,,,,,,,,,,,,,,,,,,,,,,,,,1
YVBA,2025-03-21T10:55:21.677020,Spain,Europe,VBARE Iberian Properties,Unknown,EUR,investpy,,,,,,,,,,,,,,,,,,,,,,,,,,,,,1
VOD,2025-03-21T10:55:21.692227,Switzerland,Europe,Vodafone Group PLC,Unknown,CHF,investpy,,,,,,,,,,,,,,,,,,,,,,,,,,,,,1
MIDWb,2025-03-21T10:55:21.708323,Sweden,Europe,Midway Holding B,Unknown,SEK,investpy,,,,,,,,,,,,,,,,,,,,,,,,,,,,,1
TBCG,2025-03-21T10:55:21.739686,United Kingdom,Europe,TBC Bank Group,Unknown,GBP,investpy,,,,,,,,,,,,,,,,,,,,,,,,,,,,,1
STCM,2025-03-21T10:55:21.739686,United Kingdom,Europe,Steppe Cement,Unknown,GBP,investpy,,,,,,,,,,,,,,,,,,,,,,,,,,,,,1
DDD,2025-03-21T10:55:21.786711,Switzerland,Europe,3D Systems,Unknown,CHF,investpy,,,,,,,,,,,,,,,,,,,,,,,,,,,,,1
GCO,2025-03-21T10:55:21.786711,Spain,Europe,Grupo Catalana Occidente,Unknown,EUR,investpy,,,,,,,,,,,,,,,,,,,,,,,,,,,,,1
FCM,2025-03-21T10:55:21.926246,Italy,Europe,Friulchem,Unknown,EUR,investpy,,,,,,,,,,,,,,,,,,,,,,,,,,,,,1
CTSH,2025-03-21T10:55:21.973554,Switzerland,Europe,Cognizant A,Unknown,CHF,investpy,,,,,,,,,,,,,,,,,,,,,,,,,,,,,1
CMM,2025-03-21T10:55:21.973554,Spain,Europe,CommCenter,Unknown,EUR,investpy,,,,,,,,,,,,,,,,,,,,,,,,,,,,,1
ALMNG,2025-03-21T10:55:22.021639,France,Europe,Madvertise,Unknown,EUR,investpy,,,,,,,,,,,,,,,,,,,,,,,,,,,,,1
SNAPC,2025-03-21T10:55:22.052313,Switzerland,Europe,Snap,Unknown,USD,investpy,,,,,,,,,,,,,,,,,,,,,,,,,,,,,1
DUM,2025-03-21T10:55:22.052313,Germany,Europe,Ducommun,Unknown,EUR,investpy,,,,,,,,,,,,,,,,,,,,,,,,,,,,,1
TUBA,2025-03-21T10:55:22.068330,Spain,Europe,Tubacex,Unknown,EUR,investpy,,,,,,,,,,,,,,,,,,,,,,,,,,,,,1
MEEK,2025-03-21T10:55:22.114483,Sweden,Europe,Modern Ekonomi Sverige Holding,Unknown,SEK,investpy,,,,,,,,,,,,,,,,,,,,,,,,,,,,,1
BSKP,2025-03-21T10:55:22.239359,Switzerland,Europe,Basler Kantonalbank,Unknown,CHF,investpy,,,,,,,,,,,,,,,,,,,,,,,,,,,,,1
ARCUSNOK,2025-03-21T10:55:22.254982,Sweden,Europe,Arcus,Unknown,NOK,investpy,,,,,,,,,,,,,,,,,,,,,,,,,,,,,1
DEQGn,2025-03-21T10:55:22.270649,Germany,Europe,Deutsche Euroshop AG,Unknown,EUR,investpy,,,,,,,,,,,,,,,,,,,,,,,,,,,,,1
T7O,2025-03-21T10:55:22.286664,Ireland,Europe,Total Produce,Unknown,EUR,investpy,,,,,,,,,,,,,,,,,,,,,,,,,,,,,1
GHH,2025-03-21T10:55:22.332155,United Kingdom,Europe,Gooch&Housego,Unknown,GBP,investpy,,,,,,,,,,,,,,,,,,,,,,,,,,,,,1
FPEG_p,2025-03-21T10:55:22.332155,Austria,Europe,Fuchs Petrolub AG VZO Pref,Unknown,EUR,investpy,,,,,,,,,,,,,,,,,,,,,,,,,,,,,1
TW,2025-03-21T10:55:22.379573,United Kingdom,Europe,Taylor Wimpey,Unknown,GBP,investpy,,,,,,,,,,,,,,,,,,,,,,,,,,,,,1
CAGR,2025-03-21T10:55:22.443132,Italy,Europe,Credit Agricole,Unknown,EUR,investpy,,,,,,,,,,,,,,,,,,,,,,,,,,,,,1
EGENTY,2025-03-21T10:55:22.521553,Denmark,Europe,EgnsINVEST Ejendomme,Unknown,DKK,investpy,,,,,,,,,,,,,,,,,,,,,,,,,,,,,1
SKISb,2025-03-21T10:55:22.552687,Sweden,Europe,SkiStar,Unknown,SEK,investpy,,,,,,,,,,,,,,,,,,,,,,,,,,,,,1
CNKS,2025-03-21T10:55:22.599178,United Kingdom,Europe,Cenkos,Unknown,GBP,investpy,,,,,,,,,,,,,,,,,,,,,,,,,,,,,1
RWEG_p,2025-03-21T10:55:22.599178,Germany,Europe,RWE AG VZO,Unknown,EUR,investpy,,,,,,,,,,,,,,,,,,,,,,,,,,,,,1
SCENS,2025-03-21T10:55:22.646448,Sweden,Europe,Scandinavian Enviro Systems AB,Unknown,SEK,investpy,,,,,,,,,,,,,,,,,,,,,,,,,,,,,1
QBT,2025-03-21T10:55:22.676752,Spain,Europe,Quabit,Unknown,EUR,investpy,,,,,,,,,,,,,,,,,,,,,,,,,,,,,1
YTRA,2025-03-21T10:55:22.692770,Spain,Europe,Trajano Iberia Socimi SA,Unknown,EUR,investpy,,,,,,,,,,,,,,,,,,,,,,,,,,,,,1
ECASA,2025-03-21T10:55:22.831703,France,Europe,ECA,Unknown,EUR,investpy,,,,,,,,,,,,,,,,,,,,,,,,,,,,,1
BHPy,2025-03-21T10:55:22.862805,Germany,Europe,BHP Billiton Ltd ADR,Unknown,EUR,investpy,,,,,,,,,,,,,,,,,,,,,,,,,,,,,1
GNW,2025-03-21T10:55:22.878741,Germany,Europe,Genworth,Unknown,EUR,investpy,,,,,,,,,,,,,,,,,,,,,,,,,,,,,1
APAM,2025-03-21T10:55:22.926883,Spain,Europe,Aperam,Unknown,EUR,investpy,,,,,,,,,,,,,,,,,,,,,,,,,,,,,1
PANION,2025-03-21T10:55:22.926883,Sweden,Europe,Panion Animal,Unknown,SEK,investpy,,,,,,,,,,,,,,,,,,,,,,,,,,,,,1
K2Ab,2025-03-21T10:55:23.006213,Sweden,Europe,K2A Knaust & Andersson Fastigheter,Unknown,SEK,investpy,,,,,,,,,,,,,,,,,,,,,,,,,,,,,1
BIBB,2025-03-21T10:55:23.022221,Sweden,Europe,BibbInstruments,Unknown,SEK,investpy,,,,,,,,,,,,,,,,,,,,,,,,,,,,,1
MTCM,2025-03-21T10:55:23.037518,Italy,Europe,Maire Tecnimont,Unknown,EUR,investpy,,,,,,,,,,,,,,,,,,,,,,,,,,,,,1
SAGT,2025-03-21T10:55:23.162730,Norway,Europe,Saga Tankers,Unknown,NOK,investpy,,,,,,,,,,,,,,,,,,,,,,,,,,,,,1
HBC,2025-03-21T10:55:23.177953,France,Europe,HSBC,Unknown,EUR,investpy,,,,,,,,,,,,,,,,,,,,,,,,,,,,,1
BOLIGA,2025-03-21T10:55:23.177953,Denmark,Europe,Boliga,Unknown,DKK,investpy,,,,,,,,,,,,,,,,,,,,,,,,,,,,,1
IGRI,2025-03-21T10:55:23.193339,United Kingdom,Europe,IG Design,Unknown,GBP,investpy,,,,,,,,,,,,,,,,,,,,,,,,,,,,,1
ACBr,2025-03-21T10:55:23.193339,Greece,Europe,Alpha Bank,Unknown,EUR,investpy,,,,,,,,,,,,,,,,,,,,,,,,,,,,,1
PAGE,2025-03-21T10:55:23.331828,United Kingdom,Europe,Pagegroup,Unknown,GBP,investpy,,,,,,,,,,,,,,,,,,,,,,,,,,,,,1
BRMS,2025-03-21T10:55:23.346954,United Kingdom,Europe,Braemar,Unknown,GBP,investpy,,,,,,,,,,,,,,,,,,,,,,,,,,,,,1
PHLOGb,2025-03-21T10:55:23.362962,Sweden,Europe,Pharmacolog i Uppsala,Unknown,SEK,investpy,,,,,,,,,,,,,,,,,,,,,,,,,,,,,1
FXI,2025-03-21T10:55:23.456908,Sweden,Europe,FX International,Unknown,SEK,investpy,,,,,,,,,,,,,,,,,,,,,,,,,,,,,1
REL,2025-03-21T10:55:23.503390,United Kingdom,Europe,Relx,Unknown,GBP,investpy,,,,,,,,,,,,,,,,,,,,,,,,,,,,,1
NBIB,2025-03-21T10:55:23.534967,Spain,Europe,NBI Bearings Europe,Unknown,EUR,investpy,,,,,,,,,,,,,,,,,,,,,,,,,,,,,1
ORANW,2025-03-21T10:55:23.550473,Netherlands,Europe,Oranjewoud NV,Unknown,EUR,investpy,,,,,,,,,,,,,,,,,,,,,,,,,,,,,1
SU,2025-03-21T10:55:23.565489,Germany,Europe,Suncor Energy,Unknown,EUR,investpy,,,,,,,,,,,,,,,,,,,,,,,,,,,,,1
TEDGE,2025-03-21T10:55:23.706419,Italy,Europe,Techedge,Unknown,EUR,investpy,,,,,,,,,,,,,,,,,,,,,,,,,,,,,1
SALVS,2025-03-21T10:55:23.706419,United Kingdom,Europe,SalvaRx,Unknown,GBP,investpy,,,,,,,,,,,,,,,,,,,,,,,,,,,,,1
CFEB,2025-03-21T10:55:23.722284,Belgium,Europe,CFE SA,Unknown,EUR,investpy,,,,,,,,,,,,,,,,,,,,,,,,,,,,,1
AOJp,2025-03-21T10:55:23.768574,Denmark,Europe,Broedrene A & O Johansen,Unknown,DKK,investpy,,,,,,,,,,,,,,,,,,,,,,,,,,,,,1
IMAF,2025-03-21T10:55:23.831861,France,Europe,Altarea,Unknown,EUR,investpy,,,,,,,,,,,,,,,,,,,,,,,,,,,,,1
BAB,2025-03-21T10:55:23.831861,Germany,Europe,Babcock International,Unknown,EUR,investpy,,,,,,,,,,,,,,,,,,,,,,,,,,,,,1
SNBN,2025-03-21T10:55:23.862893,Switzerland,Europe,Schweizerische Nationalbank,Unknown,CHF,investpy,,,,,,,,,,,,,,,,,,,,,,,,,,,,,1
HKSAV,2025-03-21T10:55:23.878694,Finland,Europe,HKScan Oyj A,Unknown,EUR,investpy,,,,,,,,,,,,,,,,,,,,,,,,,,,,,1
KCOGn,2025-03-21T10:55:23.987678,Germany,Europe,Kloeckner SE,Unknown,EUR,investpy,,,,,,,,,,,,,,,,,,,,,,,,,,,,,1
UP7G,2025-03-21T10:55:23.987678,Germany,Europe,United Power Tech,Unknown,EUR,investpy,,,,,,,,,,,,,,,,,,,,,,,,,,,,,1
GK6,2025-03-21T10:55:24.034144,Germany,Europe,A2B Australia,Unknown,EUR,investpy,,,,,,,,,,,,,,,,,,,,,,,,,,,,,1
ASHM,2025-03-21T10:55:24.128169,United Kingdom,Europe,Ashmore,Unknown,GBP,investpy,,,,,,,,,,,,,,,,,,,,,,,,,,,,,1
PROFb,2025-03-21T10:55:24.158498,Sweden,Europe,ProfilGruppen B,Unknown,SEK,investpy,,,,,,,,,,,,,,,,,,,,,,,,,,,,,1
HEXNOK,2025-03-21T10:55:24.189342,Sweden,Europe,Hexagon Composites,Unknown,NOK,investpy,,,,,,,,,,,,,,,,,,,,,,,,,,,,,1
ERG,2025-03-21T10:55:24.220914,Italy,Europe,ERG,Unknown,EUR,investpy,,,,,,,,,,,,,,,,,,,,,,,,,,,,,1
FEVG,2025-03-21T10:55:24.236281,Germany,Europe,Fortec,Unknown,EUR,investpy,,,,,,,,,,,,,,,,,,,,,,,,,,,,,1
ADBE,2025-03-21T10:55:24.299758,Switzerland,Europe,Adobe,Unknown,CHF,investpy,,,,,,,,,,,,,,,,,,,,,,,,,,,,,1
NWZI,2025-03-21T10:55:24.347434,France,Europe,News Invest,Unknown,EUR,investpy,,,,,,,,,,,,,,,,,,,,,,,,,,,,,1
ELKNOK,2025-03-21T10:55:24.363438,Sweden,Europe,Elkem,Unknown,NOK,investpy,,,,,,,,,,,,,,,,,,,,,,,,,,,,,1
PHONOK,2025-03-21T10:55:24.458528,Sweden,Europe,Photocure,Unknown,NOK,investpy,,,,,,,,,,,,,,,,,,,,,,,,,,,,,1
MRCG,2025-03-21T10:55:24.474618,Germany,Europe,Merck,Unknown,EUR,investpy,,,,,,,,,,,,,,,,,,,,,,,,,,,,,1
BE,2025-03-21T10:55:24.552528,Italy,Europe,Beghelli,Unknown,EUR,investpy,,,,,,,,,,,,,,,,,,,,,,,,,,,,,1
DRV,2025-03-21T10:55:24.583702,United Kingdom,Europe,Driver,Unknown,GBP,investpy,,,,,,,,,,,,,,,,,,,,,,,,,,,,,1
DISCK,2025-03-21T10:55:24.598723,Austria,Europe,Discovery Communications C,Unknown,EUR,investpy,,,,,,,,,,,,,,,,,,,,,,,,,,,,,1
CNCTC,2025-03-21T10:55:24.613742,United Kingdom,Europe,Connect Group PLC,Unknown,GBP,investpy,,,,,,,,,,,,,,,,,,,,,,,,,,,,,1
VISTIN,2025-03-21T10:55:24.660610,Norway,Europe,Vistin Pharma ASA,Unknown,NOK,investpy,,,,,,,,,,,,,,,,,,,,,,,,,,,,,1
BAB,2025-03-21T10:55:24.692289,United Kingdom,Europe,Babcock International,Unknown,GBP,investpy,,,,,,,,,,,,,,,,,,,,,,,,,,,,,1
BANB,2025-03-21T10:55:24.739193,Switzerland,Europe,BACHEM HOLDING AG,Unknown,CHF,investpy,,,,,,,,,,,,,,,,,,,,,,,,,,,,,1
KCCA,2025-03-21T10:55:24.818684,Norway,Europe,Klaveness Combination Carriers,Unknown,DKK,investpy,,,,,,,,,,,,,,,,,,,,,,,,,,,,,1
KRNG,2025-03-21T10:55:24.833702,Austria,Europe,Krones AG,Unknown,EUR,investpy,,,,,,,,,,,,,,,,,,,,,,,,,,,,,1
OTS,2025-03-21T10:55:24.880517,Norway,Europe,Oceanteam,Unknown,NOK,investpy,,,,,,,,,,,,,,,,,,,,,,,,,,,,,1
METEX,2025-03-21T10:55:24.956322,France,Europe,Metabolic Explorer,Unknown,EUR,investpy,,,,,,,,,,,,,,,,,,,,,,,,,,,,,1
OVZON,2025-03-21T10:55:24.971504,Sweden,Europe,Ovzon,Unknown,SEK,investpy,,,,,,,,,,,,,,,,,,,,,,,,,,,,,1
BRKM3,2025-03-21T10:55:24.971504,Spain,Europe,BRASKEM PNA,Unknown,EUR,investpy,,,,,,,,,,,,,,,,,,,,,,,,,,,,,1
SGH,2025-03-21T10:55:25.003077,Germany,Europe,Slater & Gordon,Unknown,EUR,investpy,,,,,,,,,,,,,,,,,,,,,,,,,,,,,1
CL,2025-03-21T10:55:25.111273,Germany,Europe,Colgate-Palmolive,Unknown,EUR,investpy,,,,,,,,,,,,,,,,,,,,,,,,,,,,,1
PERP,2025-03-21T10:55:25.111273,France,Europe,Pernod Ricard,Unknown,EUR,investpy,,,,,,,,,,,,,,,,,,,,,,,,,,,,,1
BOU,2025-03-21T10:55:25.158199,Greece,Europe,J Boutaris & Son Holding SA,Unknown,EUR,investpy,,,,,,,,,,,,,,,,,,,,,,,,,,,,,1
CNGC,2025-03-21T10:55:25.222298,United Kingdom,Europe,China Nonferrous Gold,Unknown,GBP,investpy,,,,,,,,,,,,,,,,,,,,,,,,,,,,,1
CCHE,2025-03-21T10:55:25.237806,France,Europe,Seche,Unknown,EUR,investpy,,,,,,,,,,,,,,,,,,,,,,,,,,,,,1
CEVAL,2025-03-21T10:55:25.269808,Switzerland,Europe,CEVA Logistics,Unknown,CHF,investpy,,,,,,,,,,,,,,,,,,,,,,,,,,,,,1
RAMA,2025-03-21T10:55:25.316386,Portugal,Europe,Ramada,Unknown,EUR,investpy,,,,,,,,,,,,,,,,,,,,,,,,,,,,,1
VITA,2025-03-21T10:55:25.316386,United Kingdom,Europe,Vintana,Unknown,GBP,investpy,,,,,,,,,,,,,,,,,,,,,,,,,,,,,1
CPINV,2025-03-21T10:55:25.411302,Belgium,Europe,CP Invest,Unknown,EUR,investpy,,,,,,,,,,,,,,,,,,,,,,,,,,,,,1
CIMCO,2025-03-21T10:55:25.457298,Sweden,Europe,Cimco Marine,Unknown,SEK,investpy,,,,,,,,,,,,,,,,,,,,,,,,,,,,,1
PRL,2025-03-21T10:55:25.457298,Italy,Europe,Pierrel,Unknown,EUR,investpy,,,,,,,,,,,,,,,,,,,,,,,,,,,,,1
EVOG,2025-03-21T10:55:25.487747,Sweden,Europe,Evolution Gaming,Unknown,SEK,investpy,,,,,,,,,,,,,,,,,,,,,,,,,,,,,1
GREENL,2025-03-21T10:55:25.614276,Sweden,Europe,Green Landscaping,Unknown,SEK,investpy,,,,,,,,,,,,,,,,,,,,,,,,,,,,,1
ITW,2025-03-21T10:55:25.630308,Germany,Europe,Illinois Tool Works,Unknown,EUR,investpy,,,,,,,,,,,,,,,,,,,,,,,,,,,,,1
WMT,2025-03-21T10:55:25.662430,Austria,Europe,Walmart,Unknown,EUR,investpy,,,,,,,,,,,,,,,,,,,,,,,,,,,,,1
BEIJb,2025-03-21T10:55:25.677570,Sweden,Europe,Beijer Ref,Unknown,SEK,investpy,,,,,,,,,,,,,,,,,,,,,,,,,,,,,1
MLUTP,2025-03-21T10:55:25.754968,France,Europe,Un Toit Pour Toi,Unknown,EUR,investpy,,,,,,,,,,,,,,,,,,,,,,,,,,,,,1
FREG,2025-03-21T10:55:25.785680,Germany,Europe,Fresenius SE,Unknown,EUR,investpy,,,,,,,,,,,,,,,,,,,,,,,,,,,,,1
SDFGn,2025-03-21T10:55:25.801680,Germany,Europe,K+S AG,Unknown,EUR,investpy,,,,,,,,,,,,,,,,,,,,,,,,,,,,,1
EPED,2025-03-21T10:55:25.817716,Switzerland,Europe,Faurecia,Unknown,CHF,investpy,,,,,,,,,,,,,,,,,,,,,,,,,,,,,1
ROBF,2025-03-21T10:55:25.941599,France,Europe,Robertet,Unknown,EUR,investpy,,,,,,,,,,,,,,,,,,,,,,,,,,,,,1
SYDB,2025-03-21T10:55:25.957464,Denmark,Europe,Sydbank,Unknown,DKK,investpy,,,,,,,,,,,,,,,,,,,,,,,,,,,,,1
SBSG,2025-03-21T10:55:25.957464,Germany,Europe,STRATEC Biomedical,Unknown,EUR,investpy,,,,,,,,,,,,,,,,,,,,,,,,,,,,,1
ALT,2025-03-21T10:55:26.019326,United Kingdom,Europe,Altitude,Unknown,GBP,investpy,,,,,,,,,,,,,,,,,,,,,,,,,,,,,1
SAPG,2025-03-21T10:55:26.035178,Germany,Europe,SAP,Unknown,EUR,investpy,,,,,,,,,,,,,,,,,,,,,,,,,,,,,1
DBK,2025-03-21T10:55:26.129691,Italy,Europe,Deutsche Bank AG,Unknown,EUR,investpy,,,,,,,,,,,,,,,,,,,,,,,,,,,,,1
OTEr,2025-03-21T10:55:26.161059,Greece,Europe,Hellenic Telec,Unknown,EUR,investpy,,,,,,,,,,,,,,,,,,,,,,,,,,,,,1
KSP,2025-03-21T10:55:26.177087,Ireland,Europe,Kingspan,Unknown,EUR,investpy,,,,,,,,,,,,,,,,,,,,,,,,,,,,,1
KRC,2025-03-21T10:55:26.208690,Germany,Europe,Kilroy,Unknown,EUR,investpy,,,,,,,,,,,,,,,,,,,,,,,,,,,,,1
BPOST,2025-03-21T10:55:26.224698,Belgium,Europe,bpost NV,Unknown,EUR,investpy,,,,,,,,,,,,,,,,,,,,,,,,,,,,,1
ARISE,2025-03-21T10:55:26.240577,Sweden,Europe,Arise Windpower,Unknown,SEK,investpy,,,,,,,,,,,,,,,,,,,,,,,,,,,,,1
NILb,2025-03-21T10:55:26.335459,Sweden,Europe,Nilorngruppen AB,Unknown,SEK,investpy,,,,,,,,,,,,,,,,,,,,,,,,,,,,,1
LMDr,2025-03-21T10:55:26.350468,Greece,Europe,Lamda Develop,Unknown,EUR,investpy,,,,,,,,,,,,,,,,,,,,,,,,,,,,,1
CBKG,2025-03-21T10:55:26.428707,Switzerland,Europe,Commerzbank,Unknown,CHF,investpy,,,,,,,,,,,,,,,,,,,,,,,,,,,,,1
CSCE,2025-03-21T10:55:26.459880,France,Europe,Lombard Et Medot,Unknown,EUR,investpy,,,,,,,,,,,,,,,,,,,,,,,,,,,,,1
BC8G,2025-03-21T10:55:26.475114,Austria,Europe,Bechtle AG,Unknown,EUR,investpy,,,,,,,,,,,,,,,,,,,,,,,,,,,,,1
EURIb,2025-03-21T10:55:26.554027,Sweden,Europe,European Institute of Science,Unknown,SEK,investpy,,,,,,,,,,,,,,,,,,,,,,,,,,,,,1
IVISYS,2025-03-21T10:55:26.554027,Sweden,Europe,Ivisys AB,Unknown,SEK,investpy,,,,,,,,,,,,,,,,,,,,,,,,,,,,,1
MYRX,2025-03-21T10:55:26.585451,Germany,Europe,Myrexis Inc Cmn Stk,Unknown,EUR,investpy,,,,,,,,,,,,,,,,,,,,,,,,,,,,,1
ALPRO,2025-03-21T10:55:26.616182,France,Europe,Prodware,Unknown,EUR,investpy,,,,,,,,,,,,,,,,,,,,,,,,,,,,,1
SBC,2025-03-21T10:55:26.663302,Sweden,Europe,Sbc Sveriges Bostadsrattscentrum,Unknown,SEK,investpy,,,,,,,,,,,,,,,,,,,,,,,,,,,,,1
IMMOU,2025-03-21T10:55:26.727390,Belgium,Europe,Immobiliere Publique de Droit Belge,Unknown,EUR,investpy,,,,,,,,,,,,,,,,,,,,,,,,,,,,,1
SOGN,2025-03-21T10:55:26.742595,Switzerland,Europe,Societe Generale,Unknown,CHF,investpy,,,,,,,,,,,,,,,,,,,,,,,,,,,,,1
POLN,2025-03-21T10:55:26.790632,Switzerland,Europe,Polyphor,Unknown,CHF,investpy,,,,,,,,,,,,,,,,,,,,,,,,,,,,,1
JENG,2025-03-21T10:55:26.837920,Austria,Europe,Jenoptik,Unknown,EUR,investpy,,,,,,,,,,,,,,,,,,,,,,,,,,,,,1
SLW,2025-03-21T10:55:26.885694,Switzerland,Europe,Wheaton Precious Metals,Unknown,CHF,investpy,,,,,,,,,,,,,,,,,,,,,,,,,,,,,1
BAINS,2025-03-21T10:55:26.885694,Spain,Europe,Borges Agricultural,Unknown,EUR,investpy,,,,,,,,,,,,,,,,,,,,,,,,,,,,,1
NBA,2025-03-21T10:55:26.917743,Portugal,Europe,Novabase,Unknown,EUR,investpy,,,,,,,,,,,,,,,,,,,,,,,,,,,,,1
EMSN,2025-03-21T10:55:26.933749,Switzerland,Europe,Ems Chemie Hld,Unknown,CHF,investpy,,,,,,,,,,,,,,,,,,,,,,,,,,,,,1
HEMC,2025-03-21T10:55:27.027527,Sweden,Europe,Hemcheck Sweden,Unknown,SEK,investpy,,,,,,,,,,,,,,,,,,,,,,,,,,,,,1
BUBL,2025-03-21T10:55:27.059240,Sweden,Europe,Bublar,Unknown,SEK,investpy,,,,,,,,,,,,,,,,,,,,,,,,,,,,,1
UU,2025-03-21T10:55:27.107033,United Kingdom,Europe,United Utilities,Unknown,GBP,investpy,,,,,,,,,,,,,,,,,,,,,,,,,,,,,1
SPKSJF,2025-03-21T10:55:27.123124,Denmark,Europe,Sparekassen Sjaelland,Unknown,DKK,investpy,,,,,,,,,,,,,,,,,,,,,,,,,,,,,1
IMX,2025-03-21T10:55:27.168592,Germany,Europe,Imax,Unknown,EUR,investpy,,,,,,,,,,,,,,,,,,,,,,,,,,,,,1
BGN,2025-03-21T10:55:27.199007,Italy,Europe,Banca Generali,Unknown,EUR,investpy,,,,,,,,,,,,,,,,,,,,,,,,,,,,,1
KLAR,2025-03-21T10:55:27.215006,Sweden,Europe,Klaria Pharma Holding AB,Unknown,SEK,investpy,,,,,,,,,,,,,,,,,,,,,,,,,,,,,1
IFDE,2025-03-21T10:55:27.277148,France,Europe,Indle Fin. Entrepr.,Unknown,EUR,investpy,,,,,,,,,,,,,,,,,,,,,,,,,,,,,1
SJJG,2025-03-21T10:55:27.340097,Germany,Europe,Serviceware,Unknown,EUR,investpy,,,,,,,,,,,,,,,,,,,,,,,,,,,,,1
RECYb,2025-03-21T10:55:27.356129,Sweden,Europe,Recyctec Holding,Unknown,SEK,investpy,,,,,,,,,,,,,,,,,,,,,,,,,,,,,1
RXPA,2025-03-21T10:55:27.371985,France,Europe,Recylex,Unknown,EUR,investpy,,,,,,,,,,,,,,,,,,,,,,,,,,,,,1
KAR,2025-03-21T10:55:27.419560,Greece,Europe,Karelia Tobacco Company Inc,Unknown,EUR,investpy,,,,,,,,,,,,,,,,,,,,,,,,,,,,,1
