symbol,name,country,exchange,currency,data_source
BATS,British American Tobacco,United Kingdom,Unknown,GBP,investpy
HSBA,HSBC,United Kingdom,Unknown,GBP,investpy
BARC,Barclays,United Kingdom,Unknown,GBP,investpy
IHG,InterContinental,United Kingdom,Unknown,GBP,investpy
BP,BP,United Kingdom,Unknown,GBP,investpy
NXT,Next,United Kingdom,Unknown,GBP,investpy
LLOY,Lloyds Banking,United Kingdom,Unknown,GBP,investpy
EZJ,EasyJet,United Kingdom,Unknown,GBP,investpy
MKS,Marks & Spencer,United Kingdom,Unknown,GBP,investpy
BIRG,Bank Ireland,United Kingdom,Unknown,EUR,investpy
GNS,Genus,United Kingdom,Unknown,GBP,investpy
OMU,Old Mutual,United Kingdom,Unknown,GBP,investpy
RBS,RBS PLC,United Kingdom,Unknown,GBP,investpy
PRU,Prudential,United Kingdom,Unknown,GBP,investpy
PFD,Premier Foods,United Kingdom,Unknown,GBP,investpy
VOD,Vodafone Group PLC,United Kingdom,Unknown,GBP,investpy
BNKR,Bankers,United Kingdom,Unknown,GBP,investpy
GNK,Greene King,United Kingdom,Unknown,GBP,investpy
BWNG,N Brown Group,United Kingdom,Unknown,GBP,investpy
MGNS,Morgan Sindall,United Kingdom,Unknown,GBP,investpy
PFC,Petrofac,United Kingdom,Unknown,GBP,investpy
FERG,Ferguson,United Kingdom,Unknown,GBP,investpy
HOCM,Hochschild,United Kingdom,Unknown,GBP,investpy
AZN,AstraZeneca,United Kingdom,Unknown,GBP,investpy
JKX,JKX Oil,United Kingdom,Unknown,GBP,investpy
BWY,Bellway,United Kingdom,Unknown,GBP,investpy
LGEN,Legal & General,United Kingdom,Unknown,GBP,investpy
IMB,Imperial Brands,United Kingdom,Unknown,GBP,investpy
RB,Reckitt Benckiser,United Kingdom,Unknown,GBP,investpy
KGF,Kingfisher,United Kingdom,Unknown,GBP,investpy
REL,Relx,United Kingdom,Unknown,GBP,investpy
MRW,Morrison Supermarkets,United Kingdom,Unknown,GBP,investpy
CNA,Centrica,United Kingdom,Unknown,GBP,investpy
III,3I Group,United Kingdom,Unknown,GBP,investpy
WPP,WPP,United Kingdom,Unknown,GBP,investpy
VCTX,Victrex,United Kingdom,Unknown,GBP,investpy
HRGV,Hargreaves Lansdown,United Kingdom,Unknown,GBP,investpy
TSCO,Tesco,United Kingdom,Unknown,GBP,investpy
SLA,Standard Life Aberdeen,United Kingdom,Unknown,GBP,investpy
DGE,Diageo,United Kingdom,Unknown,GBP,investpy
BALF,Balfour Beatty,United Kingdom,Unknown,GBP,investpy
HIK,Hikma Pharma,United Kingdom,Unknown,GBP,investpy
WG,John Wood,United Kingdom,Unknown,GBP,investpy
RDSa,Royal Dutch Shell A,United Kingdom,Unknown,GBP,investpy
FCIT,F&C Invest,United Kingdom,Unknown,GBP,investpy
INVP,Investec,United Kingdom,Unknown,GBP,investpy
RIO,Rio Tinto PLC,United Kingdom,Unknown,GBP,investpy
JMAT,Johnson Matthey,United Kingdom,Unknown,GBP,investpy
HFD,Halfords,United Kingdom,Unknown,GBP,investpy
AAL,Anglo American,United Kingdom,Unknown,GBP,investpy
CPI,Capita,United Kingdom,Unknown,GBP,investpy
BNZL,Bunzl,United Kingdom,Unknown,GBP,investpy
BRBY,Burberry Group,United Kingdom,Unknown,GBP,investpy
GSK,GlaxoSmithKline,United Kingdom,Unknown,GBP,investpy
BDEV,Barratt Developments,United Kingdom,Unknown,GBP,investpy
AV,Aviva,United Kingdom,Unknown,GBP,investpy
BHPB,BHP Group,United Kingdom,Unknown,GBP,investpy
SGE,Sage,United Kingdom,Unknown,GBP,investpy
SMWH,WH Smith,United Kingdom,Unknown,GBP,investpy
PSON,Pearson,United Kingdom,Unknown,GBP,investpy
HMSO,Hammerson,United Kingdom,Unknown,GBP,investpy
GOG,Go-Ahead,United Kingdom,Unknown,GBP,investpy
TAN,Tanfield,United Kingdom,Unknown,GBP,investpy
ABF,Associated British Foods,United Kingdom,Unknown,GBP,investpy
ISA,Inmarsat,United Kingdom,Unknown,GBP,investpy
TLW,Tullow Oil,United Kingdom,Unknown,GBP,investpy
LSE,London Stock Exchange,United Kingdom,Unknown,GBP,investpy
JDW,J D Wetherspoon,United Kingdom,Unknown,GBP,investpy
CNE,Cairn,United Kingdom,Unknown,GBP,investpy
BAES,BAE Systems,United Kingdom,Unknown,GBP,investpy
ANTO,Antofagasta,United Kingdom,Unknown,GBP,investpy
SRP,Serco,United Kingdom,Unknown,GBP,investpy
3IN,3I Infrastructure,United Kingdom,Unknown,GBP,investpy
EMG,Man Group,United Kingdom,Unknown,GBP,investpy
TCAPI,TP ICAP,United Kingdom,Unknown,GBP,investpy
CPRC,Carpetright,United Kingdom,Unknown,GBP,investpy
BVIC,Britvic,United Kingdom,Unknown,GBP,investpy
RR,Rolls-Royce Holdings,United Kingdom,Unknown,GBP,investpy
WTB,Whitbread,United Kingdom,Unknown,GBP,investpy
PNN,Pennon,United Kingdom,Unknown,GBP,investpy
TATE,Tate&Lyle,United Kingdom,Unknown,GBP,investpy
KAZ,KAZ Minerals PLC,United Kingdom,Unknown,GBP,investpy
RSA,RSA Insurance,United Kingdom,Unknown,GBP,investpy
BVS,Bovis Homes,United Kingdom,Unknown,GBP,investpy
PSN,Persimmon,United Kingdom,Unknown,GBP,investpy
QQ,Qinetiq,United Kingdom,Unknown,GBP,investpy
ADML,Admiral Group,United Kingdom,Unknown,GBP,investpy
UU,United Utilities,United Kingdom,Unknown,GBP,investpy
ULVR,Unilever,United Kingdom,Unknown,GBP,investpy
SHI,SIG,United Kingdom,Unknown,GBP,investpy
COB,Cobham,United Kingdom,Unknown,GBP,investpy
CRH,CRH,United Kingdom,Unknown,GBP,investpy
GPOR,Great Portland Estates,United Kingdom,Unknown,GBP,investpy
SSE,SSE,United Kingdom,Unknown,GBP,investpy
STAN,Standard Chartered,United Kingdom,Unknown,GBP,investpy
PAGE,Pagegroup,United Kingdom,Unknown,GBP,investpy
BLND,British Land Company,United Kingdom,Unknown,GBP,investpy
INF,Informa,United Kingdom,Unknown,GBP,investpy
WEIR,Weir Group,United Kingdom,Unknown,GBP,investpy
DMGOa,Daily Mail,United Kingdom,Unknown,GBP,investpy
ASHM,Ashmore,United Kingdom,Unknown,GBP,investpy
SVT,Severn Trent,United Kingdom,Unknown,GBP,investpy
GFS,G4S,United Kingdom,Unknown,GBP,investpy
TPK,Travis Perkins,United Kingdom,Unknown,GBP,investpy
SJP,St. James’s Place,United Kingdom,Unknown,GBP,investpy
VSVS,Vesuvius,United Kingdom,Unknown,GBP,investpy
SMIN,Smiths Group,United Kingdom,Unknown,GBP,investpy
IGG,IG Group,United Kingdom,Unknown,GBP,investpy
DRX,Drax Group,United Kingdom,Unknown,GBP,investpy
BAB,Babcock International,United Kingdom,Unknown,GBP,investpy
MRON,Melrose Industries,United Kingdom,Unknown,GBP,investpy
SDRt,Schroders,United Kingdom,Unknown,GBP,investpy
SN,Smith & Nephew,United Kingdom,Unknown,GBP,investpy
ITRK,Intertek,United Kingdom,Unknown,GBP,investpy
MAB,Mitchells Butlers,United Kingdom,Unknown,GBP,investpy
MTO,Mitie,United Kingdom,Unknown,GBP,investpy
POG,Petropavlovsk,United Kingdom,Unknown,GBP,investpy
AGGK,Aggreko,United Kingdom,Unknown,GBP,investpy
MNDI,Mondi,United Kingdom,Unknown,GBP,investpy
ROR,Rotork,United Kingdom,Unknown,GBP,investpy
WMH,William Hill,United Kingdom,Unknown,GBP,investpy
SBRY,J Sainsbury,United Kingdom,Unknown,GBP,investpy
PFG,Provident Financial,United Kingdom,Unknown,GBP,investpy
FGP,FirstGroup,United Kingdom,Unknown,GBP,investpy
CRDA,Croda Intl,United Kingdom,Unknown,GBP,investpy
WIN,Wincanton,United Kingdom,Unknown,GBP,investpy
NG,National Grid,United Kingdom,Unknown,GBP,investpy
EIGE,EI Group,United Kingdom,Unknown,GBP,investpy
IMI,IMI,United Kingdom,Unknown,GBP,investpy
KIE,Kier Group,United Kingdom,Unknown,GBP,investpy
PMO,Premier Oil,United Kingdom,Unknown,GBP,investpy
BT,BT Group,United Kingdom,Unknown,GBP,investpy
INCH,Inchcape,United Kingdom,Unknown,GBP,investpy
HTG,Hunting,United Kingdom,Unknown,GBP,investpy
SGRO,Segro,United Kingdom,Unknown,GBP,investpy
SGC,Stagecoach,United Kingdom,Unknown,GBP,investpy
SDR,Schroders,United Kingdom,Unknown,GBP,investpy
ITV,ITV,United Kingdom,Unknown,GBP,investpy
RTO,Rentokil,United Kingdom,Unknown,GBP,investpy
CPG,Compass,United Kingdom,Unknown,GBP,investpy
HAYS,Hays,United Kingdom,Unknown,GBP,investpy
ICP,Intermediate Capital,United Kingdom,Unknown,GBP,investpy
ULE,Ultra Electronics,United Kingdom,Unknown,GBP,investpy
TPT,Topps Tiles,United Kingdom,Unknown,GBP,investpy
SREI,Schroder RE,United Kingdom,Unknown,GBP,investpy
CCL,Carnival,United Kingdom,Unknown,GBP,investpy
RPT,Regal,United Kingdom,Unknown,GBP,investpy
HSX,Hiscox,United Kingdom,Unknown,GBP,investpy
ASL,Aberforth Smaller,United Kingdom,Unknown,GBP,investpy
SVS,Savills,United Kingdom,Unknown,GBP,investpy
RNK,Rank Group,United Kingdom,Unknown,GBP,investpy
LAND,Land Securities,United Kingdom,Unknown,GBP,investpy
CCC,Computacenter,United Kingdom,Unknown,GBP,investpy
CLDN,Caledonia Invest,United Kingdom,Unknown,GBP,investpy
MCRO,Micro Focus,United Kingdom,Unknown,GBP,investpy
SMT,Scottish Mortgage,United Kingdom,Unknown,GBP,investpy
RPS,RPS Group,United Kingdom,Unknown,GBP,investpy
MGGT,Meggitt,United Kingdom,Unknown,GBP,investpy
HLCL,Helical Bar,United Kingdom,Unknown,GBP,investpy
RDW,Redrow,United Kingdom,Unknown,GBP,investpy
IWG,IWG,United Kingdom,Unknown,GBP,investpy
TRY,TR Property,United Kingdom,Unknown,GBP,investpy
SXS,Spectris,United Kingdom,Unknown,GBP,investpy
HLMA,Halma,United Kingdom,Unknown,GBP,investpy
JMG,JPMorgan EM,United Kingdom,Unknown,GBP,investpy
RMV,Rightmove,United Kingdom,Unknown,GBP,investpy
SPD,Sports Direct Int,United Kingdom,Unknown,GBP,investpy
PZC,PZ Cussons,United Kingdom,Unknown,GBP,investpy
KLR,Keller,United Kingdom,Unknown,GBP,investpy
NEX,National Express,United Kingdom,Unknown,GBP,investpy
SAFE,Safestore,United Kingdom,Unknown,GBP,investpy
GFRD,Galliford Try,United Kingdom,Unknown,GBP,investpy
IPF,Intl Personal Finance,United Kingdom,Unknown,GBP,investpy
SMDS,DS Smith,United Kingdom,Unknown,GBP,investpy
CHG,Chemring,United Kingdom,Unknown,GBP,investpy
ESNT,Essentra,United Kingdom,Unknown,GBP,investpy
RTN,Restaurant Group,United Kingdom,Unknown,GBP,investpy
SHB,Shaftesbury,United Kingdom,Unknown,GBP,investpy
DLAR,De La Rue,United Kingdom,Unknown,GBP,investpy
GEMD,GEM Diamonds,United Kingdom,Unknown,GBP,investpy
MLC,Millennium Copthorne,United Kingdom,Unknown,GBP,investpy
PHARP,Pharos Energy PLC,United Kingdom,Unknown,GBP,investpy
CWR,Ceres Power,United Kingdom,Unknown,GBP,investpy
TW,Taylor Wimpey,United Kingdom,Unknown,GBP,investpy
BYG,Big Yellow,United Kingdom,Unknown,GBP,investpy
RCP,RIT Capital,United Kingdom,Unknown,GBP,investpy
RSW,Renishaw,United Kingdom,Unknown,GBP,investpy
BOY,Bodycote,United Kingdom,Unknown,GBP,investpy
EDIN,Edinburgh Investment,United Kingdom,Unknown,GBP,investpy
SPX,Spirax-Sarco Engineering,United Kingdom,Unknown,GBP,investpy
AGT,AVI Global,United Kingdom,Unknown,GBP,investpy
DTY,Dignity PLC,United Kingdom,Unknown,GBP,investpy
PLI,Perpetual Income,United Kingdom,Unknown,GBP,investpy
PVCS,PV Crystalox Solar,United Kingdom,Unknown,GBP,investpy
TEM,Templeton EM,United Kingdom,Unknown,GBP,investpy
GRG,Greggs,United Kingdom,Unknown,GBP,investpy
BBA,BBA Aviation,United Kingdom,Unknown,GBP,investpy
ATST,Alliance Trust,United Kingdom,Unknown,GBP,investpy
AVV,Aveva,United Kingdom,Unknown,GBP,investpy
ASOS,Asos,United Kingdom,Unknown,GBP,investpy
MONY,Moneysupermarket.Com,United Kingdom,Unknown,GBP,investpy
CLLN,Carillion,United Kingdom,Unknown,GBP,investpy
HSV,HomeServe,United Kingdom,Unknown,GBP,investpy
RCH,Reach,United Kingdom,Unknown,GBP,investpy
ITE,ITE Group,United Kingdom,Unknown,GBP,investpy
ECM,Electrocomponents,United Kingdom,Unknown,GBP,investpy
SCIN,Scottish Investment,United Kingdom,Unknown,GBP,investpy
AHT,Ashtead Group,United Kingdom,Unknown,GBP,investpy
SPT,Spirent,United Kingdom,Unknown,GBP,investpy
STHR,Sthree,United Kingdom,Unknown,GBP,investpy
MSLH,Marshalls,United Kingdom,Unknown,GBP,investpy
MERG,Mears,United Kingdom,Unknown,GBP,investpy
SFR,Severfield-Rowen,United Kingdom,Unknown,GBP,investpy
GRI,Grainger,United Kingdom,Unknown,GBP,investpy
NTG,Northgate,United Kingdom,Unknown,GBP,investpy
FXPO,Ferrexpo,United Kingdom,Unknown,GBP,investpy
UTG,Unite,United Kingdom,Unknown,GBP,investpy
DLN,Derwent,United Kingdom,Unknown,GBP,investpy
RWI,Renewi,United Kingdom,Unknown,GBP,investpy
MUT,Murray,United Kingdom,Unknown,GBP,investpy
FLTRF,Flutter Entertainment,United Kingdom,Unknown,GBP,investpy
MNKS,Monks,United Kingdom,Unknown,GBP,investpy
ADIG,Aberdeen Diversified Income and Growth Trust,United Kingdom,Unknown,GBP,investpy
WKP,Workspace,United Kingdom,Unknown,GBP,investpy
CTY,City Of London IT,United Kingdom,Unknown,GBP,investpy
MRCH,Merchants,United Kingdom,Unknown,GBP,investpy
GCC,C&C,United Kingdom,Unknown,GBP,investpy
BEZG,Beazley,United Kingdom,Unknown,GBP,investpy
ERM,Euromoney,United Kingdom,Unknown,GBP,investpy
TMPL,Temple Bar,United Kingdom,Unknown,GBP,investpy
PAYP,PayPoint,United Kingdom,Unknown,GBP,investpy
CTH,Caretech,United Kingdom,Unknown,GBP,investpy
SEY,Sterling Energy,United Kingdom,Unknown,GBP,investpy
WTAN,Witan,United Kingdom,Unknown,GBP,investpy
SDY,Speedy Hire,United Kingdom,Unknown,GBP,investpy
HSTN,Hansteen,United Kingdom,Unknown,GBP,investpy
JETx,JPMorgan European,United Kingdom,Unknown,GBP,investpy
ELTA,Electra,United Kingdom,Unknown,GBP,investpy
RAT,Rathbone Brothers,United Kingdom,Unknown,GBP,investpy
CLSH,CLS,United Kingdom,Unknown,GBP,investpy
WINEW,Majestic Wine,United Kingdom,Unknown,GBP,investpy
STUS,Findel,United Kingdom,Unknown,GBP,investpy
JII,JPMorgan Indian,United Kingdom,Unknown,GBP,investpy
MYI,Murray International,United Kingdom,Unknown,GBP,investpy
PRM,Proteome,United Kingdom,Unknown,GBP,investpy
HASE,Hargreaves Services,United Kingdom,Unknown,GBP,investpy
FEV,Fidelity European,United Kingdom,Unknown,GBP,investpy
BLVN,Bowleven,United Kingdom,Unknown,GBP,investpy
OXB,Oxford BioMedica,United Kingdom,Unknown,GBP,investpy
SPHN,Sopheon PLC,United Kingdom,Unknown,GBP,investpy
SMP,St.Modwen,United Kingdom,Unknown,GBP,investpy
VGAS,Volga Gas,United Kingdom,Unknown,GBP,investpy
JHD,James Halstead,United Kingdom,Unknown,GBP,investpy
KMR,Kenmare Resources,United Kingdom,Unknown,GBP,investpy
COSG,Costain,United Kingdom,Unknown,GBP,investpy
NUM,Numis,United Kingdom,Unknown,GBP,investpy
SQZ,Serica,United Kingdom,Unknown,GBP,investpy
REDD,Redde,United Kingdom,Unknown,GBP,investpy
AGRP,Assura,United Kingdom,Unknown,GBP,investpy
CAL,Capital Regional,United Kingdom,Unknown,GBP,investpy
ACCS,Accsys,United Kingdom,Unknown,GBP,investpy
MPE,M.P.Evans,United Kingdom,Unknown,GBP,investpy
GOAL,Goals,United Kingdom,Unknown,GBP,investpy
HEAD,Headlam,United Kingdom,Unknown,GBP,investpy
LMS,LMS Capital,United Kingdom,Unknown,GBP,investpy
PDG,Pendragon,United Kingdom,Unknown,GBP,investpy
0JYA,Marathon Petroleum,United Kingdom,Unknown,USD,investpy
0Y7S,Johnson Controls,United Kingdom,Unknown,USD,investpy
RDSb,Royal Dutch Shell B,United Kingdom,Unknown,GBP,investpy
RYA,Ryanair,United Kingdom,Unknown,EUR,investpy
UKCM,UK Commercial Property,United Kingdom,Unknown,GBP,investpy
MARS,Marston’s,United Kingdom,Unknown,GBP,investpy
DOM,Domino’s Pizza,United Kingdom,Unknown,GBP,investpy
888,888 Holdings,United Kingdom,Unknown,GBP,investpy
INTUP,Intu Properties,United Kingdom,Unknown,GBP,investpy
FRES,Fresnillo,United Kingdom,Unknown,GBP,investpy
GAZPq,Gazprom,United Kingdom,Unknown,GBP,investpy
EXPN,Experian,United Kingdom,Unknown,GBP,investpy
RKH,Rockhopper,United Kingdom,Unknown,GBP,investpy
PTEC,Playtech,United Kingdom,Unknown,GBP,investpy
BKGH,Berkeley,United Kingdom,Unknown,GBP,investpy
HWDN,Howden Joinery,United Kingdom,Unknown,GBP,investpy
ENQ,Enquest,United Kingdom,Unknown,GBP,investpy
ACAA,Acacia Mining,United Kingdom,Unknown,GBP,investpy
INFAT,Infrastrata,United Kingdom,Unknown,GBP,investpy
PARA,Paragon Banking Group,United Kingdom,Unknown,GBP,investpy
MRS,MRS PLC,United Kingdom,Unknown,GBP,investpy
OCDO,Ocado,United Kingdom,Unknown,GBP,investpy
BPCB,Bahamas Petroleum,United Kingdom,Unknown,GBP,investpy
BSTH,Borders&Southern,United Kingdom,Unknown,GBP,investpy
GLEN,Glencore,United Kingdom,Unknown,GBP,investpy
ICAG,IAG,United Kingdom,Unknown,GBP,investpy
BOCH,Bank of Cyprus,United Kingdom,Unknown,GBP,investpy
ABCA,Abcam,United Kingdom,Unknown,GBP,investpy
AVN,Avanti,United Kingdom,Unknown,GBP,investpy
HTCF,Highbridge Fund,United Kingdom,Unknown,GBP,investpy
BAG,A.G Barr,United Kingdom,Unknown,GBP,investpy
BEG,Begbies Traynor,United Kingdom,Unknown,GBP,investpy
BHGG,BH Global,United Kingdom,Unknown,GBP,investpy
BHGGu,BH Global USD,United Kingdom,Unknown,USD,investpy
BHMG,BH Macro,United Kingdom,Unknown,GBP,investpy
BHMGu,BH Macro USD,United Kingdom,Unknown,USD,investpy
BRW,Brewin Dolphin,United Kingdom,Unknown,GBP,investpy
BRWM,Blackrock World Mining,United Kingdom,Unknown,GBP,investpy
CAPCC,Capital&Counties,United Kingdom,Unknown,GBP,investpy
CEY,Centamin,United Kingdom,Unknown,GBP,investpy
CIC,Conygar Investment,United Kingdom,Unknown,GBP,investpy
CPPG,CPP Group,United Kingdom,Unknown,GBP,investpy
DC,Dixons Carphone,United Kingdom,Unknown,GBP,investpy
CWK,Cranswick,United Kingdom,Unknown,GBP,investpy
DJAN,Daejan,United Kingdom,Unknown,GBP,investpy
DNLM,Dunelm,United Kingdom,Unknown,GBP,investpy
EFM,Edinburgh Dragon,United Kingdom,Unknown,GBP,investpy
ELM,Elementis,United Kingdom,Unknown,GBP,investpy
EXIL,Exillon,United Kingdom,Unknown,GBP,investpy
BCPT,BMO Commercial,United Kingdom,Unknown,GBP,investpy
FCSS,Fidelity China,United Kingdom,Unknown,GBP,investpy
0P6E,First Quantum Minerals,United Kingdom,Unknown,EUR,investpy
FSV,Fidelity Special,United Kingdom,Unknown,GBP,investpy
GSS,Genesis Emerg Mkts,United Kingdom,Unknown,GBP,investpy
GKP,Gulf Keystone,United Kingdom,Unknown,GBP,investpy
HICL,HICL Infrastructure,United Kingdom,Unknown,GBP,investpy
HRI,Herald,United Kingdom,Unknown,GBP,investpy
HTGR,H&T Group,United Kingdom,Unknown,GBP,investpy
IDH,Immunodiagnostic Systems,United Kingdom,Unknown,GBP,investpy
IEM,Impax Environmental,United Kingdom,Unknown,GBP,investpy
INPP,Intl Public Partnership,United Kingdom,Unknown,GBP,investpy
JAI,JPMorgan Asian,United Kingdom,Unknown,GBP,investpy
JAM,JPMorgan American,United Kingdom,Unknown,GBP,investpy
JD,JD Sports Fashion,United Kingdom,Unknown,GBP,investpy
JESC,JPMorgan Euro Small,United Kingdom,Unknown,GBP,investpy
JUP,Jupiter FM,United Kingdom,Unknown,GBP,investpy
LAM,Lamprell,United Kingdom,Unknown,GBP,investpy
LRE,Lancashire,United Kingdom,Unknown,GBP,investpy
LMPL,Londonmetric Property,United Kingdom,Unknown,GBP,investpy
LWDB,Law Debenture,United Kingdom,Unknown,GBP,investpy
MRCM,Mercantile Investment Trust,United Kingdom,Unknown,GBP,investpy
MTC,Mothercare,United Kingdom,Unknown,GBP,investpy
NICL,Nichols,United Kingdom,Unknown,GBP,investpy
PCT,Polar Capital,United Kingdom,Unknown,GBP,investpy
PHNX,Phoenix,United Kingdom,Unknown,GBP,investpy
RPC,RPC Group,United Kingdom,Unknown,GBP,investpy
RWS,RWS Hldgs,United Kingdom,Unknown,GBP,investpy
SDL,SDL,United Kingdom,Unknown,GBP,investpy
SDP,Schroder Asia Pacific,United Kingdom,Unknown,GBP,investpy
SDRY,Superdry,United Kingdom,Unknown,GBP,investpy
SLN,Silence Therapeutics,United Kingdom,Unknown,GBP,investpy
STOB,Stobart,United Kingdom,Unknown,GBP,investpy
TALK,Talk Talk,United Kingdom,Unknown,GBP,investpy
VOG,Victoria Oil,United Kingdom,Unknown,GBP,investpy
PERE,Pembridge Resources,United Kingdom,Unknown,GBP,investpy
YNGt,Young & Co’s Brewery,United Kingdom,Unknown,GBP,investpy
AMER,Amerisur,United Kingdom,Unknown,GBP,investpy
A7L,Amur Minerals,United Kingdom,Unknown,GBP,investpy
BZT,Bezant,United Kingdom,Unknown,GBP,investpy
BRSC,Blackrock Smaller,United Kingdom,Unknown,GBP,investpy
CADP,Cadogan,United Kingdom,Unknown,GBP,investpy
CHARC,Chariot,United Kingdom,Unknown,GBP,investpy
DVO,Devro,United Kingdom,Unknown,GBP,investpy
HSL,Henderson Smaller,United Kingdom,Unknown,GBP,investpy
IQE,IQE,United Kingdom,Unknown,GBP,investpy
JMI,JPMorgan Smaller,United Kingdom,Unknown,GBP,investpy
JRS,JPMorgan Russian,United Kingdom,Unknown,GBP,investpy
MTU,MUSCIT,United Kingdom,Unknown,GBP,investpy
MUL,Mulberry,United Kingdom,Unknown,GBP,investpy
PDL,Petra Diamonds,United Kingdom,Unknown,GBP,investpy
SCP,Schroder UK Mid Cap,United Kingdom,Unknown,GBP,investpy
SNR,Senior,United Kingdom,Unknown,GBP,investpy
SXX,Sirius Minerals,United Kingdom,Unknown,GBP,investpy
SKG,Smurfit Kappa,United Kingdom,Unknown,GBP,investpy
SLS,Standard Life UK Smaller,United Kingdom,Unknown,GBP,investpy
TEP,Telecom Plus,United Kingdom,Unknown,GBP,investpy
VEC,Vectura,United Kingdom,Unknown,GBP,investpy
DUPD,Dragon-Ukrainian,United Kingdom,Unknown,GBP,investpy
HAOG,Hardy Oil,United Kingdom,Unknown,GBP,investpy
IPEL,Impellam,United Kingdom,Unknown,GBP,investpy
LOOK,Lookers,United Kingdom,Unknown,GBP,investpy
PAFR,Pan African Resources,United Kingdom,Unknown,GBP,investpy
POLO,Polo Resources,United Kingdom,Unknown,GBP,investpy
SLEN,San Leon Energy,United Kingdom,Unknown,GBP,investpy
THRG,Throgmorton,United Kingdom,Unknown,GBP,investpy
TRBG,Tribal,United Kingdom,Unknown,GBP,investpy
SYNTS,Synthomer,United Kingdom,Unknown,GBP,investpy
NANON,Nanoco,United Kingdom,Unknown,GBP,investpy
EVRE,Evraz,United Kingdom,Unknown,GBP,investpy
POLYP,Polymetal,United Kingdom,Unknown,GBP,investpy
0QYF,Comcast,United Kingdom,Unknown,USD,investpy
0JSJ,LKQ,United Kingdom,Unknown,USD,investpy
0RPW,Janus Henderson,United Kingdom,Unknown,USD,investpy
CABC,Cabot Energy,United Kingdom,Unknown,GBP,investpy
0GQY,MTG A,United Kingdom,Unknown,SEK,investpy
APF,Anglo Pacific,United Kingdom,Unknown,GBP,investpy
KCOM,Kcom Group,United Kingdom,Unknown,GBP,investpy
OXIG,Oxford Instruments,United Kingdom,Unknown,GBP,investpy
PNL,Personal Assets,United Kingdom,Unknown,GBP,investpy
CCEPC,Coca-Cola European,United Kingdom,Unknown,EUR,investpy
PTR,PetroNeft,United Kingdom,Unknown,GBP,investpy
MCMM,MC Mining,United Kingdom,Unknown,GBP,investpy
FDI,Firestone,United Kingdom,Unknown,GBP,investpy
ALTNA,Altyn,United Kingdom,Unknown,GBP,investpy
MGAMM,Morgan Materials,United Kingdom,Unknown,GBP,investpy
0K34,Monster Beverage,United Kingdom,Unknown,USD,investpy
0QYR,Panasonic,United Kingdom,Unknown,JPY,investpy
PGD,Patagonia Gold,United Kingdom,Unknown,GBP,investpy
ASOA,Avesoro Resources,United Kingdom,Unknown,GBP,investpy
AVM,Avocet Mining,United Kingdom,Unknown,GBP,investpy
PXSP,Provexis,United Kingdom,Unknown,GBP,investpy
0N7L,Carraro,United Kingdom,Unknown,EUR,investpy
0RIH,Alphabet A,United Kingdom,Unknown,USD,investpy
TUIT,Tui,United Kingdom,Unknown,GBP,investpy
DCC,DCC,United Kingdom,Unknown,GBP,investpy
CBRO,Close Brothers,United Kingdom,Unknown,GBP,investpy
GMRG,Gaming Realms,United Kingdom,Unknown,GBP,investpy
YNGa,Young & Co’s Brewery A,United Kingdom,Unknown,GBP,investpy
0QYC,First Majestic Silver,United Kingdom,Unknown,CAD,investpy
0R0J,Zynga,United Kingdom,Unknown,USD,investpy
CODC,Saint Gobain,United Kingdom,Unknown,EUR,investpy
BVAB,BBVA,United Kingdom,Unknown,EUR,investpy
0TDE,Telefonica,United Kingdom,Unknown,EUR,investpy
BNC,Santander,United Kingdom,Unknown,GBP,investpy
JARB,Jardine Matheson,United Kingdom,Unknown,USD,investpy
OEX,Oilex,United Kingdom,Unknown,GBP,investpy
BKY,Berkeley Energy,United Kingdom,Unknown,GBP,investpy
WJA,Wameja,United Kingdom,Unknown,GBP,investpy
OMIN,Orosur Mining Inc,United Kingdom,Unknown,GBP,investpy
CBUY,Cloudbuy PLC,United Kingdom,Unknown,GBP,investpy
CALq,Caledonia Mining,United Kingdom,Unknown,GBP,investpy
EUZ,Europa Metals,United Kingdom,Unknown,GBP,investpy
GBPq,Global Petroleum,United Kingdom,Unknown,GBP,investpy
RMPq,Red Emperor Resources,United Kingdom,Unknown,GBP,investpy
SGZ,Scotgold Resources,United Kingdom,Unknown,GBP,investpy
88E,88 Energy,United Kingdom,Unknown,GBP,investpy
WEN,Wentworth,United Kingdom,Unknown,GBP,investpy
SO4,Salt Lake Potash,United Kingdom,Unknown,GBP,investpy
CARRC,Carr’s Group,United Kingdom,Unknown,GBP,investpy
AGOL,Ashmore Global Opp,United Kingdom,Unknown,GBP,investpy
PACL,Pacific Alliance China,United Kingdom,Unknown,USD,investpy
VOF,Vinacapital Vietnam,United Kingdom,Unknown,GBP,investpy
PMEA,PME African,United Kingdom,Unknown,USD,investpy
KUBCq,Kubera,United Kingdom,Unknown,USD,investpy
AOF,Africa Opportunity,United Kingdom,Unknown,USD,investpy
OPPPp,Origo PRF,United Kingdom,Unknown,USD,investpy
VNHq,VietNam Holding,United Kingdom,Unknown,USD,investpy
TAU,Tau Capital,United Kingdom,Unknown,USD,investpy
VNLq,VinaLand,United Kingdom,Unknown,USD,investpy
EIH,EIH,United Kingdom,Unknown,USD,investpy
INME,Independent News,United Kingdom,Unknown,EUR,investpy
OGN,Origin,United Kingdom,Unknown,EUR,investpy
SRET,Sirius RE,United Kingdom,Unknown,EUR,investpy
AUK,Aukett Fitzroy Robinson,United Kingdom,Unknown,GBP,investpy
AAS,Aberdeen Asian Smaller,United Kingdom,Unknown,GBP,investpy
CYNL,City Natural,United Kingdom,Unknown,GBP,investpy
BRMS,Braemar,United Kingdom,Unknown,GBP,investpy
ANEA,Anglo-Eastern Plantations,United Kingdom,Unknown,GBP,investpy
BIOGW,Biotech GT,United Kingdom,Unknown,GBP,investpy
GFM,Griffin,United Kingdom,Unknown,GBP,investpy
AYM,Anglesey,United Kingdom,Unknown,GBP,investpy
NTAS,NASCIT,United Kingdom,Unknown,GBP,investpy
DUNE,Dunedin Enterprise,United Kingdom,Unknown,GBP,investpy
SOST,Scottish Oriental Smaller,United Kingdom,Unknown,GBP,investpy
IPX,Impax Asset Management,United Kingdom,Unknown,GBP,investpy
AMSU,Advanced Medical,United Kingdom,Unknown,GBP,investpy
PANI,Pantheon,United Kingdom,Unknown,GBP,investpy
CGNR,Conroy,United Kingdom,Unknown,GBP,investpy
SYMU,Symphony Environmental,United Kingdom,Unknown,GBP,investpy
WIPA,Witan Pacific,United Kingdom,Unknown,GBP,investpy
LAS,London&Associated,United Kingdom,Unknown,GBP,investpy
EUTP,European Investment,United Kingdom,Unknown,GBP,investpy
TSTT,Touchstar,United Kingdom,Unknown,GBP,investpy
C21,21St Century,United Kingdom,Unknown,GBP,investpy
ABD,Aberdeen New Dawn,United Kingdom,Unknown,GBP,investpy
BMTt,TF & JH Braime,United Kingdom,Unknown,GBP,investpy
PNIG,Pennant,United Kingdom,Unknown,GBP,investpy
NZX,Management Consulting,United Kingdom,Unknown,GBP,investpy
MACP,Martin Currie Asia,United Kingdom,Unknown,GBP,investpy
TRT,Transense Technologies,United Kingdom,Unknown,GBP,investpy
SUNU,Surgical Innovations,United Kingdom,Unknown,GBP,investpy
PXOG,Prospex Oil & Gas,United Kingdom,Unknown,GBP,investpy
LIO,Liontrust,United Kingdom,Unknown,GBP,investpy
SGI,Stanley Gibbons,United Kingdom,Unknown,GBP,investpy
APCL,Advanced Power,United Kingdom,Unknown,GBP,investpy
RGO,Riverfort Global,United Kingdom,Unknown,GBP,investpy
JUS,Jupiter US Smaller Co,United Kingdom,Unknown,GBP,investpy
FIF,Finsbury Food,United Kingdom,Unknown,GBP,investpy
CNCT,Concurrent Technologies,United Kingdom,Unknown,GBP,investpy
IGRI,IG Design,United Kingdom,Unknown,GBP,investpy
TIRU,Tiger,United Kingdom,Unknown,GBP,investpy
SCEU,Surface Transforms,United Kingdom,Unknown,GBP,investpy
TYM,Tertiary,United Kingdom,Unknown,GBP,investpy
MACT,Marechale,United Kingdom,Unknown,GBP,investpy
PRIMP,Primorus Investments PLC,United Kingdom,Unknown,GBP,investpy
WGB,Walker Greenbank,United Kingdom,Unknown,GBP,investpy
PET,Petrel,United Kingdom,Unknown,GBP,investpy
FSTP,First Property,United Kingdom,Unknown,GBP,investpy
LGHT,Lighthouse,United Kingdom,Unknown,GBP,investpy
PACA,Pacific Assets,United Kingdom,Unknown,GBP,investpy
ARC,Arcontech,United Kingdom,Unknown,GBP,investpy
7DIG,7Digital Group,United Kingdom,Unknown,GBP,investpy
GNC,Greencore,United Kingdom,Unknown,GBP,investpy
ANSY,Andrews Sykes,United Kingdom,Unknown,GBP,investpy
STLO,Stilo,United Kingdom,Unknown,GBP,investpy
LSC,London Security,United Kingdom,Unknown,GBP,investpy
REAH,REA Holdings,United Kingdom,Unknown,GBP,investpy
EUA,Eurasia Mining,United Kingdom,Unknown,GBP,investpy
RNWH,Renew Holdings,United Kingdom,Unknown,GBP,investpy
GHS,Gresham House Strategic,United Kingdom,Unknown,GBP,investpy
UNG,Universe,United Kingdom,Unknown,GBP,investpy
UANC,Urban&Civic,United Kingdom,Unknown,GBP,investpy
CTR,Charles Taylor,United Kingdom,Unknown,GBP,investpy
WEBH,Webis,United Kingdom,Unknown,GBP,investpy
CRPR,James Cropper,United Kingdom,Unknown,GBP,investpy
PMGR,Portmeirion,United Kingdom,Unknown,GBP,investpy
HVT,Heavitree Brewery,United Kingdom,Unknown,GBP,investpy
MIN,Minoan,United Kingdom,Unknown,GBP,investpy
NWMS,Newmark Security,United Kingdom,Unknown,GBP,investpy
GRAG,Grafenia,United Kingdom,Unknown,GBP,investpy
D4T4,D4t4 Solutions,United Kingdom,Unknown,GBP,investpy
SNXS,Synectics,United Kingdom,Unknown,GBP,investpy
CTID,Crimson Tide,United Kingdom,Unknown,GBP,investpy
SCPA,Scapa,United Kingdom,Unknown,GBP,investpy
CHCH,Churchill China,United Kingdom,Unknown,GBP,investpy
C3U,Christie,United Kingdom,Unknown,GBP,investpy
SVE,Starvest,United Kingdom,Unknown,GBP,investpy
IOMG,Iomart,United Kingdom,Unknown,GBP,investpy
APP,Park Group,United Kingdom,Unknown,GBP,investpy
SHRE,Share,United Kingdom,Unknown,GBP,investpy
AFN,ADVFN,United Kingdom,Unknown,GBP,investpy
ELCO,Elecosoft,United Kingdom,Unknown,GBP,investpy
AIEA,Airea,United Kingdom,Unknown,GBP,investpy
PHWK,PipeHawk,United Kingdom,Unknown,GBP,investpy
GBGP,GB Group,United Kingdom,Unknown,GBP,investpy
CAME,Camellia,United Kingdom,Unknown,GBP,investpy
PTTD,Pittards,United Kingdom,Unknown,GBP,investpy
NETC,Netcall,United Kingdom,Unknown,GBP,investpy
BSDB,BSD Crown,United Kingdom,Unknown,GBP,investpy
RM,RM,United Kingdom,Unknown,GBP,investpy
VP,VP,United Kingdom,Unknown,GBP,investpy
SLPE,Standard Life European,United Kingdom,Unknown,GBP,investpy
RQIH,Randall&Quilter,United Kingdom,Unknown,GBP,investpy
JPGI,JPM Global Growth,United Kingdom,Unknown,GBP,investpy
EWI,Edinburgh Worldwide,United Kingdom,Unknown,GBP,investpy
JMC,JPMorgan Chinese,United Kingdom,Unknown,GBP,investpy
ASEI,Aberdeen Standard Equity,United Kingdom,Unknown,GBP,investpy
SOI,Schroder Oriental,United Kingdom,Unknown,GBP,investpy
AFMC,Aberdeen Frontier Markets,United Kingdom,Unknown,GBP,investpy
KBT,K3 Business Tech,United Kingdom,Unknown,GBP,investpy
QFI,Quadrise,United Kingdom,Unknown,GBP,investpy
BGSC,Bmo Global Smaller,United Kingdom,Unknown,GBP,investpy
JFJ,JPMorgan Japanese,United Kingdom,Unknown,GBP,investpy
BRGE,Blackrock Europe,United Kingdom,Unknown,GBP,investpy
BERI,Blackrock Energy,United Kingdom,Unknown,GBP,investpy
JEMI,JPMorgan Global EM,United Kingdom,Unknown,GBP,investpy
SAVS,Savannah Resources,United Kingdom,Unknown,GBP,investpy
R4ER,Reach4Entertainment,United Kingdom,Unknown,GBP,investpy
DATA,GlobalData,United Kingdom,Unknown,GBP,investpy
NBI,Northbridge Industrial,United Kingdom,Unknown,GBP,investpy
TMGT,Mission Marketing,United Kingdom,Unknown,GBP,investpy
FJET,Fastjet PLC,United Kingdom,Unknown,GBP,investpy
ANIC,Agronomics,United Kingdom,Unknown,GBP,investpy
JEO,Jupiter European,United Kingdom,Unknown,GBP,investpy
BGFD,Baillie Gifford Japan,United Kingdom,Unknown,GBP,investpy
JPS,JPMorgan Japan Smaller,United Kingdom,Unknown,GBP,investpy
DIG,Dunedin Income,United Kingdom,Unknown,GBP,investpy
IVI,Invesco Income,United Kingdom,Unknown,GBP,investpy
SCF,Schroder Income,United Kingdom,Unknown,GBP,investpy
HHI,Henderson High Income,United Kingdom,Unknown,GBP,investpy
GRIT,Global Resources Inv,United Kingdom,Unknown,GBP,investpy
PCGH,Polar Capital Healthcare,United Kingdom,Unknown,GBP,investpy
AEMC,Aberdeen Emerging Markets,United Kingdom,Unknown,GBP,investpy
CMHY,City Merchants,United Kingdom,Unknown,GBP,investpy
TILST,Tiziana Life Sciences,United Kingdom,Unknown,GBP,investpy
BBGIB,BBGI SICAV SA,United Kingdom,Unknown,GBP,investpy
PCF,PCF Group,United Kingdom,Unknown,GBP,investpy
NTOG,Nostra Terra,United Kingdom,Unknown,GBP,investpy
VAST,Vast Resources,United Kingdom,Unknown,GBP,investpy
INSP,Inspirit Energy,United Kingdom,Unknown,GBP,investpy
CSSG,Croma,United Kingdom,Unknown,GBP,investpy
HEFT,Henderson European,United Kingdom,Unknown,GBP,investpy
FGT,Finsbury Growth&Income,United Kingdom,Unknown,GBP,investpy
GCPI,GCP Infrastructure,United Kingdom,Unknown,GBP,investpy
RGD,Real Good Food,United Kingdom,Unknown,GBP,investpy
MBH,Michelmersh Brick,United Kingdom,Unknown,GBP,investpy
HVO,Hvivo,United Kingdom,Unknown,GBP,investpy
KDR,Karelian Diamond,United Kingdom,Unknown,GBP,investpy
GWMO,Great Western Mining,United Kingdom,Unknown,GBP,investpy
BCIB,BMO Capital,United Kingdom,Unknown,GBP,investpy
TIGT,Troy,United Kingdom,Unknown,GBP,investpy
MNP,Martin Currie Global,United Kingdom,Unknown,GBP,investpy
ANII,Aberdeen New India,United Kingdom,Unknown,GBP,investpy
SJG,Schroder Japan,United Kingdom,Unknown,GBP,investpy
SLI,Standard Life Invest,United Kingdom,Unknown,GBP,investpy
AAIF,Aberdeen Asian Income,United Kingdom,Unknown,GBP,investpy
JETi,JPMorgan AM,United Kingdom,Unknown,GBP,investpy
FFWD,FastForward Innovations,United Kingdom,Unknown,GBP,investpy
DMTR,Deepmatter,United Kingdom,Unknown,GBP,investpy
SDIS,Scientific Digital Imaging,United Kingdom,Unknown,GBP,investpy
FIH,FIH Group,United Kingdom,Unknown,GBP,investpy
OPTIO,Optibiotix Health,United Kingdom,Unknown,GBP,investpy
MNL,Manchester and London,United Kingdom,Unknown,GBP,investpy
JMF,JPMorgan Mid Cap,United Kingdom,Unknown,GBP,investpy
ICGT,ICG Enterprise,United Kingdom,Unknown,GBP,investpy
PHP,Primary,United Kingdom,Unknown,GBP,investpy
BRFI,Blackrock Frontiers,United Kingdom,Unknown,GBP,investpy
AD4,Adept4,United Kingdom,Unknown,GBP,investpy
EPGT,EP Global,United Kingdom,Unknown,GBP,investpy
SESTS,Securities Scotland,United Kingdom,Unknown,GBP,investpy
JLH,John Lewis,United Kingdom,Unknown,GBP,investpy
EKF,EKF Diagnostics,United Kingdom,Unknown,GBP,investpy
ARKA,Arkle Resources,United Kingdom,Unknown,GBP,investpy
HCM,Hutchison China,United Kingdom,Unknown,GBP,investpy
BRLA,Blackrock Latin American,United Kingdom,Unknown,GBP,investpy
SCAM,Scottish American,United Kingdom,Unknown,GBP,investpy
TRG,TR European Growth,United Kingdom,Unknown,GBP,investpy
BREI,BMO Real Estate,United Kingdom,Unknown,GBP,investpy
IPU,Invesco UK Smaller,United Kingdom,Unknown,GBP,investpy
BGEO,BGEO Group,United Kingdom,Unknown,GBP,investpy
HDIV,Henderson Diversified,United Kingdom,Unknown,GBP,investpy
MCT_p,Middlefield Canadian,United Kingdom,Unknown,GBP,investpy
PGH,Personal Group Holdings,United Kingdom,Unknown,GBP,investpy
ARBB,Arbuthnot,United Kingdom,Unknown,GBP,investpy
SUH,Sutton Harbour,United Kingdom,Unknown,GBP,investpy
NFC,Next Fifteen,United Kingdom,Unknown,GBP,investpy
IRONI,Ironveld,United Kingdom,Unknown,GBP,investpy
EAH,Eco Animal,United Kingdom,Unknown,GBP,investpy
RMM,Rambler Metals&Mining,United Kingdom,Unknown,GBP,investpy
SNT,Sabien,United Kingdom,Unknown,GBP,investpy
ODX,Omega,United Kingdom,Unknown,GBP,investpy
OKYO,OKYO Pharma,United Kingdom,Unknown,GBP,investpy
NAIT,North American Income,United Kingdom,Unknown,GBP,investpy
JCH,JPMorgan Claverhouse,United Kingdom,Unknown,GBP,investpy
BGUK,Baillie Gifford UK,United Kingdom,Unknown,GBP,investpy
CNSP,Corero,United Kingdom,Unknown,GBP,investpy
BRH,Braveheart,United Kingdom,Unknown,GBP,investpy
OCIO,Oakley Capital,United Kingdom,Unknown,GBP,investpy
BIRD,Blackbird,United Kingdom,Unknown,GBP,investpy
BRK,Brooks Macdonald,United Kingdom,Unknown,GBP,investpy
ALBA,Alba Mineral,United Kingdom,Unknown,GBP,investpy
GLIF,GLI Finance,United Kingdom,Unknown,GBP,investpy
POLR,Polar Capital,United Kingdom,Unknown,GBP,investpy
AEO,Aeorema,United Kingdom,Unknown,GBP,investpy
UAI,U and I Group,United Kingdom,Unknown,GBP,investpy
TOWNT,Town Centre,United Kingdom,Unknown,GBP,investpy
VIN,Value&Income,United Kingdom,Unknown,GBP,investpy
BEE,Baring,United Kingdom,Unknown,GBP,investpy
PCTN,Picton Property,United Kingdom,Unknown,GBP,investpy
DISD,Distil PLC,United Kingdom,Unknown,GBP,investpy
MPL,Mercantile Ports & Logistics,United Kingdom,Unknown,GBP,investpy
SMSS,Smart Metering,United Kingdom,Unknown,GBP,investpy
JSG,Johnson Service,United Kingdom,Unknown,GBP,investpy
AOR,Aortech,United Kingdom,Unknown,GBP,investpy
FEN,Frenkel Topping,United Kingdom,Unknown,GBP,investpy
EOG,Europa Oil & Gas,United Kingdom,Unknown,GBP,investpy
IGC,India Capital,United Kingdom,Unknown,GBP,investpy
ECHOE,Echo Energy,United Kingdom,Unknown,GBP,investpy
PRES,Pressure,United Kingdom,Unknown,GBP,investpy
INGI,Ingenta,United Kingdom,Unknown,GBP,investpy
VELA,Vela Technologies,United Kingdom,Unknown,GBP,investpy
SPPC,St Peter Port,United Kingdom,Unknown,GBP,investpy
UVEL,Univision,United Kingdom,Unknown,GBP,investpy
TREE,Cambium Global Timberland,United Kingdom,Unknown,GBP,investpy
NCCL,Ncondezi,United Kingdom,Unknown,GBP,investpy
MMXM,Minds + Machines,United Kingdom,Unknown,GBP,investpy
CGT,Capital Gearing,United Kingdom,Unknown,GBP,investpy
FAS,Fidelity Asian,United Kingdom,Unknown,GBP,investpy
HILS,Hill&Smith,United Kingdom,Unknown,GBP,investpy
PHI,Pacific Horizon,United Kingdom,Unknown,GBP,investpy
LSL,LSL Property,United Kingdom,Unknown,GBP,investpy
HFEL,Henderson Far East,United Kingdom,Unknown,GBP,investpy
SORA,SRT Marine,United Kingdom,Unknown,GBP,investpy
DOLC,Dolphin,United Kingdom,Unknown,GBP,investpy
NAUTN,Nautilus Marine Services,United Kingdom,Unknown,GBP,investpy
HGM,Highland Gold,United Kingdom,Unknown,GBP,investpy
DEMG,Deltex,United Kingdom,Unknown,GBP,investpy
AGY,Allergy Therapeutics,United Kingdom,Unknown,GBP,investpy
UCG,United Carpets,United Kingdom,Unknown,GBP,investpy
BOUB,Bould Opportunities,United Kingdom,Unknown,GBP,investpy
TRX,Tissue Regenix,United Kingdom,Unknown,GBP,investpy
PTCM,Porta,United Kingdom,Unknown,GBP,investpy
MFX,Manx Financial,United Kingdom,Unknown,GBP,investpy
IIP,Infrastructure India,United Kingdom,Unknown,GBP,investpy
FCRM,Fulcrum,United Kingdom,Unknown,GBP,investpy
ATT,Allianz Tech,United Kingdom,Unknown,GBP,investpy
TELT,Telit,United Kingdom,Unknown,GBP,investpy
BPET,BMO Private Equity,United Kingdom,Unknown,GBP,investpy
HUW,Hampden Underwriting,United Kingdom,Unknown,GBP,investpy
LVCG,Live Company,United Kingdom,Unknown,GBP,investpy
CKT,Checkit PLC,United Kingdom,Unknown,GBP,investpy
LOGP,Lansdowne,United Kingdom,Unknown,GBP,investpy
PFP,Pathfinder Minerals,United Kingdom,Unknown,GBP,investpy
CAML,Central Asia Metals,United Kingdom,Unknown,GBP,investpy
YOLO,Yolo Leisure,United Kingdom,Unknown,GBP,investpy
HNE,Henderson Eurotrust,United Kingdom,Unknown,GBP,investpy
ATS,Artemis Alpha,United Kingdom,Unknown,GBP,investpy
KDNC,Cadence Minerals,United Kingdom,Unknown,GBP,investpy
AMAMP,Amphion,United Kingdom,Unknown,GBP,investpy
SRC,Sigmaroc,United Kingdom,Unknown,GBP,investpy
AEGR,Active Energy,United Kingdom,Unknown,GBP,investpy
PALO,Equatorial Palm Oil,United Kingdom,Unknown,GBP,investpy
ADL,Andalas Energy,United Kingdom,Unknown,GBP,investpy
JZCP,JZ Capital,United Kingdom,Unknown,GBP,investpy
TSG,Trans-Siberian Gold,United Kingdom,Unknown,GBP,investpy
ATYM,Atalaya Mining,United Kingdom,Unknown,GBP,investpy
HDT,Holders,United Kingdom,Unknown,GBP,investpy
BIOM,Biome,United Kingdom,Unknown,GBP,investpy
WHI,W.H.Ireland,United Kingdom,Unknown,GBP,investpy
DBOX,Digitalbox,United Kingdom,Unknown,GBP,investpy
AMO,Amino,United Kingdom,Unknown,GBP,investpy
AAZ,Anglo Asian Mining,United Kingdom,Unknown,GBP,investpy
RRR,Red Rock,United Kingdom,Unknown,GBP,investpy
MPAYM,MI-PAY Group,United Kingdom,Unknown,GBP,investpy
HZM,Horizonte Minerals,United Kingdom,Unknown,GBP,investpy
PANR,Pantheon Resources,United Kingdom,Unknown,GBP,investpy
OPG,OPG Power,United Kingdom,Unknown,GBP,investpy
BREE,Breedon Group,United Kingdom,Unknown,GBP,investpy
IAT,Invesco Asia,United Kingdom,Unknown,GBP,investpy
B4S,Billing Services,United Kingdom,Unknown,GBP,investpy
RLDR,Richland Resources,United Kingdom,Unknown,GBP,investpy
TSTRE,Tri Star Resources,United Kingdom,Unknown,GBP,investpy
MAFL,Mineral&Financial Investments,United Kingdom,Unknown,GBP,investpy
SMLP,Strategic Minerals,United Kingdom,Unknown,GBP,investpy
SPDI,Secure Property Development,United Kingdom,Unknown,GBP,investpy
CRSL,Crystal Amber,United Kingdom,Unknown,GBP,investpy
MTL,Metals Exploration,United Kingdom,Unknown,GBP,investpy
WATRI,Water Intelligence,United Kingdom,Unknown,GBP,investpy
BRDY,Brady,United Kingdom,Unknown,GBP,investpy
LOK,Lok’N,United Kingdom,Unknown,GBP,investpy
JDG,Judges,United Kingdom,Unknown,GBP,investpy
JIM,Jarvis,United Kingdom,Unknown,GBP,investpy
PHC,Plant Health Care,United Kingdom,Unknown,GBP,investpy
SRES,Sunrise,United Kingdom,Unknown,GBP,investpy
REAT,React Group,United Kingdom,Unknown,GBP,investpy
ORR,Oriole,United Kingdom,Unknown,GBP,investpy
GLR,Galileo,United Kingdom,Unknown,GBP,investpy
AVO,Advanced Oncotherapy,United Kingdom,Unknown,GBP,investpy
CNKS,Cenkos,United Kingdom,Unknown,GBP,investpy
ZOO,Zoo Digital,United Kingdom,Unknown,GBP,investpy
SYS1,System1 Group,United Kingdom,Unknown,GBP,investpy
WSG,Westminster,United Kingdom,Unknown,GBP,investpy
ORCP,Oracle Coalfields,United Kingdom,Unknown,GBP,investpy
MSYS,Microsaic,United Kingdom,Unknown,GBP,investpy
SOM,Somero,United Kingdom,Unknown,GBP,investpy
CGH,Chaarat Gold,United Kingdom,Unknown,GBP,investpy
ALY,Laura Ashley,United Kingdom,Unknown,GBP,investpy
FSJ,James Fisher & Sons,United Kingdom,Unknown,GBP,investpy
HFG,Hilton Food,United Kingdom,Unknown,GBP,investpy
BODP,Botswana Diamonds,United Kingdom,Unknown,GBP,investpy
FDPF,First Derivatives,United Kingdom,Unknown,GBP,investpy
FIPPG,Frontier IP,United Kingdom,Unknown,GBP,investpy
STBS,Secure Trust Bank,United Kingdom,Unknown,GBP,investpy
BLPU,Bloomsbury Publishing,United Kingdom,Unknown,GBP,investpy
BLUS,Blue Star,United Kingdom,Unknown,GBP,investpy
RLE,Real Estate Investors,United Kingdom,Unknown,GBP,investpy
ARSA,Asiamet Resources,United Kingdom,Unknown,GBP,investpy
JLP,Jubilee Platinum,United Kingdom,Unknown,GBP,investpy
ANCR,Animalcare,United Kingdom,Unknown,GBP,investpy
SRSP,Sirius Petroleum,United Kingdom,Unknown,GBP,investpy
AXM,Alexander Mining,United Kingdom,Unknown,GBP,investpy
ACPA,Armadale,United Kingdom,Unknown,GBP,investpy
KZG,Kazera Global,United Kingdom,Unknown,GBP,investpy
DSG,Dillistone,United Kingdom,Unknown,GBP,investpy
BOTB,Best Of The Best,United Kingdom,Unknown,GBP,investpy
GDRG,Genedrive,United Kingdom,Unknown,GBP,investpy
SYNS,Synnovia,United Kingdom,Unknown,GBP,investpy
MOGP,Mountfield,United Kingdom,Unknown,GBP,investpy
DOTD,Dotdigital,United Kingdom,Unknown,GBP,investpy
THRU,Thruvision,United Kingdom,Unknown,GBP,investpy
HGT,HgCapital,United Kingdom,Unknown,GBP,investpy
MCKS,Mckay,United Kingdom,Unknown,GBP,investpy
EDLE,Edenville Energy,United Kingdom,Unknown,GBP,investpy
EMPR,Empresaria,United Kingdom,Unknown,GBP,investpy
PRR,Providence,United Kingdom,Unknown,GBP,investpy
WNRG,Westmount Energy,United Kingdom,Unknown,GBP,investpy
ZOLq,Zoltav,United Kingdom,Unknown,GBP,investpy
RICA_p,Ruffer,United Kingdom,Unknown,GBP,investpy
LEAF,Leaf Clean Energy,United Kingdom,Unknown,GBP,investpy
MBLT,Mobile Tornado,United Kingdom,Unknown,GBP,investpy
GHH,Gooch&Housego,United Kingdom,Unknown,GBP,investpy
IGP,Intercede,United Kingdom,Unknown,GBP,investpy
N4P,N4 Pharma,United Kingdom,Unknown,GBP,investpy
CCT,Character,United Kingdom,Unknown,GBP,investpy
GRL,Goldstone,United Kingdom,Unknown,GBP,investpy
SAR,Sareum,United Kingdom,Unknown,GBP,investpy
CNGC,China Nonferrous Gold,United Kingdom,Unknown,GBP,investpy
STAF,Staffline,United Kingdom,Unknown,GBP,investpy
SND,Sanderson,United Kingdom,Unknown,GBP,investpy
CLON,Clontarf,United Kingdom,Unknown,GBP,investpy
SJH,St James House,United Kingdom,Unknown,GBP,investpy
GATC,GATTACA,United Kingdom,Unknown,GBP,investpy
AFS,Amiad,United Kingdom,Unknown,GBP,investpy
SALVS,SalvaRx,United Kingdom,Unknown,GBP,investpy
ZIOC,Zanaga,United Kingdom,Unknown,GBP,investpy
CSRT,Consort,United Kingdom,Unknown,GBP,investpy
VTC,Vitec Group,United Kingdom,Unknown,GBP,investpy
CINE,Cineworld,United Kingdom,Unknown,GBP,investpy
ARGR,Argos,United Kingdom,Unknown,GBP,investpy
IMGE,Image Scan,United Kingdom,Unknown,GBP,investpy
ACCI,Access Intelligence,United Kingdom,Unknown,GBP,investpy
RED,Redt Energy,United Kingdom,Unknown,GBP,investpy
BIDS,Bidstack,United Kingdom,Unknown,GBP,investpy
ARCMA,ARC Minerals,United Kingdom,Unknown,GBP,investpy
BURF,Burford,United Kingdom,Unknown,GBP,investpy
EGRE,Egdon Resources,United Kingdom,Unknown,GBP,investpy
INSEI,Inspired Energy,United Kingdom,Unknown,GBP,investpy
LSR,Local Shopping,United Kingdom,Unknown,GBP,investpy
CRU,Coral Products,United Kingdom,Unknown,GBP,investpy
PMG,Parkmead Group PLC,United Kingdom,Unknown,GBP,investpy
BEM,Beowulf,United Kingdom,Unknown,GBP,investpy
FUM,Futura,United Kingdom,Unknown,GBP,investpy
HYR,Hydrodec,United Kingdom,Unknown,GBP,investpy
ALT,Altitude,United Kingdom,Unknown,GBP,investpy
PCA,Palace Capital PLC,United Kingdom,Unknown,GBP,investpy
ARDN,Arden,United Kingdom,Unknown,GBP,investpy
CERP,Columbus Energy,United Kingdom,Unknown,GBP,investpy
CASPC,Caspian Sunrise,United Kingdom,Unknown,GBP,investpy
LTGL,Learning Tech,United Kingdom,Unknown,GBP,investpy
ORM,Ormonde Mining,United Kingdom,Unknown,GBP,investpy
UFO,Alien Metals,United Kingdom,Unknown,GBP,investpy
KIT,Keystone,United Kingdom,Unknown,GBP,investpy
LWI,Lowland,United Kingdom,Unknown,GBP,investpy
FOUR,4Imprint,United Kingdom,Unknown,GBP,investpy
RWA,Robert Walters,United Kingdom,Unknown,GBP,investpy
GAGO,Galantas,United Kingdom,Unknown,GBP,investpy
HERS,Herencia,United Kingdom,Unknown,GBP,investpy
GGPL,Greatland Gold,United Kingdom,Unknown,GBP,investpy
ETXP,E-Therapeutics,United Kingdom,Unknown,GBP,investpy
SAGS,Science Group,United Kingdom,Unknown,GBP,investpy
CMBC,Cambria Africa,United Kingdom,Unknown,GBP,investpy
ID2A,Indigovision,United Kingdom,Unknown,GBP,investpy
IQG,IQGgeo Group,United Kingdom,Unknown,GBP,investpy
APT,AXA Property,United Kingdom,Unknown,GBP,investpy
RHL,Redhall,United Kingdom,Unknown,GBP,investpy
CFX,Colefax,United Kingdom,Unknown,GBP,investpy
SOG,Statpro,United Kingdom,Unknown,GBP,investpy
TCN,Tricorn,United Kingdom,Unknown,GBP,investpy
ROSER,Rose Petroleum,United Kingdom,Unknown,GBP,investpy
MLVN,Malvern International,United Kingdom,Unknown,GBP,investpy
RGM,Regency Mines,United Kingdom,Unknown,GBP,investpy
VRP,Verona Pharma,United Kingdom,Unknown,GBP,investpy
XTR,Xtract Resources,United Kingdom,Unknown,GBP,investpy
LND,Landore,United Kingdom,Unknown,GBP,investpy
CYAN,Cyanconnode,United Kingdom,Unknown,GBP,investpy
ADT,Adept,United Kingdom,Unknown,GBP,investpy
PHD,Proactis,United Kingdom,Unknown,GBP,investpy
NTBR,Northern Bear,United Kingdom,Unknown,GBP,investpy
CALL,Cloudcall Group,United Kingdom,Unknown,GBP,investpy
KEFI,KEFI Minerals,United Kingdom,Unknown,GBP,investpy
TYMN,Tyman,United Kingdom,Unknown,GBP,investpy
PGRP,Phoenix Resources,United Kingdom,Unknown,GBP,investpy
STCM,Steppe Cement,United Kingdom,Unknown,GBP,investpy
BUT,Brunner,United Kingdom,Unknown,GBP,investpy
MKLW,Mucklow,United Kingdom,Unknown,GBP,investpy
SHRS,Shires Income,United Kingdom,Unknown,GBP,investpy
CAU,Centaur,United Kingdom,Unknown,GBP,investpy
MWEE,MTI Wireless,United Kingdom,Unknown,GBP,investpy
PETA,Petards Group PLC,United Kingdom,Unknown,GBP,investpy
NAK,Nakama,United Kingdom,Unknown,GBP,investpy
TFW,FW Thorpe PLC,United Kingdom,Unknown,GBP,investpy
MXCP,MXC Capital,United Kingdom,Unknown,GBP,investpy
SUMM,Summit Therapeutics,United Kingdom,Unknown,GBP,investpy
UKR,Ukrproduct,United Kingdom,Unknown,GBP,investpy
GTC,Getech,United Kingdom,Unknown,GBP,investpy
DRV,Driver,United Kingdom,Unknown,GBP,investpy
VNET,Vianet,United Kingdom,Unknown,GBP,investpy
VTU,Vertu,United Kingdom,Unknown,GBP,investpy
ASH,Ashley House,United Kingdom,Unknown,GBP,investpy
MWG,Modern Water,United Kingdom,Unknown,GBP,investpy
LWRF,LightwaveRF,United Kingdom,Unknown,GBP,investpy
TND,Tandem,United Kingdom,Unknown,GBP,investpy
WBI,Woodbois,United Kingdom,Unknown,GBP,investpy
GVC,GVC Holdings,United Kingdom,Unknown,GBP,investpy
GEOG,Georgian Mining,United Kingdom,Unknown,GBP,investpy
RAV,Raven Russia,United Kingdom,Unknown,GBP,investpy
TRS,Tarsus,United Kingdom,Unknown,GBP,investpy
AVTG,Avacta Group,United Kingdom,Unknown,GBP,investpy
WRESW,W Resources,United Kingdom,Unknown,GBP,investpy
ASCR,Ascent,United Kingdom,Unknown,GBP,investpy
ARNR,Ariana,United Kingdom,Unknown,GBP,investpy
ECRE,ECR Minerals,United Kingdom,Unknown,GBP,investpy
ILND,Inland,United Kingdom,Unknown,GBP,investpy
CNDR,Condor,United Kingdom,Unknown,GBP,investpy
MAIH,Maintel,United Kingdom,Unknown,GBP,investpy
MURG,Murgitroyd,United Kingdom,Unknown,GBP,investpy
ROCKR,Rockfire,United Kingdom,Unknown,GBP,investpy
ZAMB,Zambeef,United Kingdom,Unknown,GBP,investpy
EVRH,EVR Holdings,United Kingdom,Unknown,GBP,investpy
SRO,Spitfire Oil,United Kingdom,Unknown,GBP,investpy
SOLI,Solid State,United Kingdom,Unknown,GBP,investpy
LID,Lidco,United Kingdom,Unknown,GBP,investpy
SAA,M&C Saatchi,United Kingdom,Unknown,GBP,investpy
CLL,Cello,United Kingdom,Unknown,GBP,investpy
SRB,Serabi Gold,United Kingdom,Unknown,GBP,investpy
KIBO,Kibo Mining PLC,United Kingdom,Unknown,GBP,investpy
MATD,Petro Matad,United Kingdom,Unknown,GBP,investpy
MBO,Mobilityone,United Kingdom,Unknown,GBP,investpy
AVON,Avon Rubber,United Kingdom,Unknown,GBP,investpy
LWB,Low & Bonar,United Kingdom,Unknown,GBP,investpy
MAJE,Majedie,United Kingdom,Unknown,GBP,investpy
HAN,Hansa,United Kingdom,Unknown,GBP,investpy
M2Z,Seeing Machines,United Kingdom,Unknown,GBP,investpy
ALAPH,Alliance Pharma,United Kingdom,Unknown,GBP,investpy
TOWR,Tower Resources,United Kingdom,Unknown,GBP,investpy
EMEL,Empyrean,United Kingdom,Unknown,GBP,investpy
SOSS,Sosandar,United Kingdom,Unknown,GBP,investpy
CNCTC,Connect Group PLC,United Kingdom,Unknown,GBP,investpy
CTEA,Milestone,United Kingdom,Unknown,GBP,investpy
PURE,Purecircle,United Kingdom,Unknown,GBP,investpy
CMH,Chamberlin,United Kingdom,Unknown,GBP,investpy
AVG,Avingtrans,United Kingdom,Unknown,GBP,investpy
IMM,ImmuPharma,United Kingdom,Unknown,GBP,investpy
PUR,Pure Gold Mining,United Kingdom,Unknown,GBP,investpy
BLTGB,Blancco Tech,United Kingdom,Unknown,GBP,investpy
DTG,Dart Group,United Kingdom,Unknown,GBP,investpy
ABAL,Abal Group,United Kingdom,Unknown,GBP,investpy
CLPC,Clear Leisure,United Kingdom,Unknown,GBP,investpy
OVB,Ovoca Gold,United Kingdom,Unknown,GBP,investpy
URU,URU Metals,United Kingdom,Unknown,GBP,investpy
BOOT,Henry Boot,United Kingdom,Unknown,GBP,investpy
RBDR,Reabold,United Kingdom,Unknown,GBP,investpy
PYSM,Physiomics,United Kingdom,Unknown,GBP,investpy
UKOGa,UK Oil & Gas A,United Kingdom,Unknown,GBP,investpy
AFEN,AFC Energy,United Kingdom,Unknown,GBP,investpy
JWNG,Jaywing,United Kingdom,Unknown,GBP,investpy
ARGOA,Argo,United Kingdom,Unknown,GBP,investpy
MTWL,Mattioli,United Kingdom,Unknown,GBP,investpy
MOSE,Mobile Streams,United Kingdom,Unknown,GBP,investpy
RQE,ReNeuron,United Kingdom,Unknown,GBP,investpy
WYWYN,Wynnstay,United Kingdom,Unknown,GBP,investpy
VITA,Vintana,United Kingdom,Unknown,GBP,investpy
GUS,Gusbourne PLC,United Kingdom,Unknown,GBP,investpy
NWF,N.W.F,United Kingdom,Unknown,GBP,investpy
SIXH,600 Group,United Kingdom,Unknown,GBP,investpy
ITM,ITM Power,United Kingdom,Unknown,GBP,investpy
SOU,Sound Energy,United Kingdom,Unknown,GBP,investpy
MUBL,MBL Group,United Kingdom,Unknown,GBP,investpy
DCD,DCD Media Plc,United Kingdom,Unknown,GBP,investpy
CRW,Craneware,United Kingdom,Unknown,GBP,investpy
CVSG,CVS Group,United Kingdom,Unknown,GBP,investpy
NUOG,Nu-Oil and Gas,United Kingdom,Unknown,GBP,investpy
LSAI,Location Sciences,United Kingdom,Unknown,GBP,investpy
DPP,DP Poland,United Kingdom,Unknown,GBP,investpy
FTC,Filtronic,United Kingdom,Unknown,GBP,investpy
IHC,Inspiration Healthcare,United Kingdom,Unknown,GBP,investpy
AGTAR,Agriterra,United Kingdom,Unknown,GBP,investpy
INDII,Indus Gas,United Kingdom,Unknown,GBP,investpy
STMG,STM Group,United Kingdom,Unknown,GBP,investpy
EBQ,Ebiquity,United Kingdom,Unknown,GBP,investpy
ZYT,Zytronic,United Kingdom,Unknown,GBP,investpy
ZIN,Zinc Media Group,United Kingdom,Unknown,GBP,investpy
TAVI,Tavistock,United Kingdom,Unknown,GBP,investpy
LTHM,James Latham,United Kingdom,Unknown,GBP,investpy
SPA,1Spatial,United Kingdom,Unknown,GBP,investpy
SOLO,Solo Oil,United Kingdom,Unknown,GBP,investpy
CTPC,Castleton Tech,United Kingdom,Unknown,GBP,investpy
CKN,Clarkson,United Kingdom,Unknown,GBP,investpy
CSN,Chesnara,United Kingdom,Unknown,GBP,investpy
IPO,IP Group,United Kingdom,Unknown,GBP,investpy
SWGS,Shearwater Group,United Kingdom,Unknown,GBP,investpy
GLDP,Goldplat,United Kingdom,Unknown,GBP,investpy
OTM,Ottoman,United Kingdom,Unknown,GBP,investpy
TLY,Totally,United Kingdom,Unknown,GBP,investpy
YGEN,Yourgene Health,United Kingdom,Unknown,GBP,investpy
RUR,Rurelec,United Kingdom,Unknown,GBP,investpy
HDD,Hardide,United Kingdom,Unknown,GBP,investpy
TSTL,Tristel,United Kingdom,Unknown,GBP,investpy
BYOT,Byotrol,United Kingdom,Unknown,GBP,investpy
NASA,Nasstar,United Kingdom,Unknown,GBP,investpy
SOLG,SolGold,United Kingdom,Unknown,GBP,investpy
ASTO,Assetco,United Kingdom,Unknown,GBP,investpy
PEB,Pebble Beach Systems Group,United Kingdom,Unknown,GBP,investpy
GDWN,Goodwin,United Kingdom,Unknown,GBP,investpy
MCB,McBride,United Kingdom,Unknown,GBP,investpy
RCDO,Ricardo,United Kingdom,Unknown,GBP,investpy
KCT,Kin and Carta,United Kingdom,Unknown,GBP,investpy
NXR,Norcros,United Kingdom,Unknown,GBP,investpy
TPG,TP Group,United Kingdom,Unknown,GBP,investpy
SHAN,Shanta,United Kingdom,Unknown,GBP,investpy
THRL,Thor Mining,United Kingdom,Unknown,GBP,investpy
ANP,Anpario,United Kingdom,Unknown,GBP,investpy
RSTP,Restore,United Kingdom,Unknown,GBP,investpy
SSY,Scisys Group,United Kingdom,Unknown,GBP,investpy
AUG,Augean,United Kingdom,Unknown,GBP,investpy
CHRT,Cohort,United Kingdom,Unknown,GBP,investpy
YOU,YouGov plc,United Kingdom,Unknown,GBP,investpy
IBPO,Ienergizer,United Kingdom,Unknown,GBP,investpy
FST,Frontier Smart Tech,United Kingdom,Unknown,GBP,investpy
RNO,Renold,United Kingdom,Unknown,GBP,investpy
KRS,Keras Resources,United Kingdom,Unknown,GBP,investpy
INS,Instem,United Kingdom,Unknown,GBP,investpy
VALX,Valirx,United Kingdom,Unknown,GBP,investpy
HNTS,Huntsworth,United Kingdom,Unknown,GBP,investpy
NBB,Norman Broadbent,United Kingdom,Unknown,GBP,investpy
MIRA,Mirada,United Kingdom,Unknown,GBP,investpy
ECK,Eckoh,United Kingdom,Unknown,GBP,investpy
BGO,Bango,United Kingdom,Unknown,GBP,investpy
TAST,Tasty,United Kingdom,Unknown,GBP,investpy
EQTE,EQTEC PLC,United Kingdom,Unknown,GBP,investpy
SUS,S&U,United Kingdom,Unknown,GBP,investpy
AGLE,Angle,United Kingdom,Unknown,GBP,investpy
MDZE,MediaZest,United Kingdom,Unknown,GBP,investpy
NCCG,NCC Group,United Kingdom,Unknown,GBP,investpy
DLGD,Direct Line Insurance,United Kingdom,Unknown,GBP,investpy
NMC,NMC Health,United Kingdom,Unknown,GBP,investpy
CCH,Coca Cola HBC AG,United Kingdom,Unknown,GBP,investpy
JE,Just Eat,United Kingdom,Unknown,GBP,investpy
AUTOA,Auto Trader Group Plc,United Kingdom,Unknown,GBP,investpy
NBLS,NB Global Floating Rate,United Kingdom,Unknown,GBP,investpy
WWH,Worldwide Healthcare,United Kingdom,Unknown,GBP,investpy
DPH,Dechra Pharma,United Kingdom,Unknown,GBP,investpy
DPLM,Diploma,United Kingdom,Unknown,GBP,investpy
TED,Ted Baker,United Kingdom,Unknown,GBP,investpy
SYNCS,Syncona,United Kingdom,Unknown,GBP,investpy
NRRT,Newriver Retail,United Kingdom,Unknown,GBP,investpy
UDG,UDG Healthcare,United Kingdom,Unknown,GBP,investpy
RMG,Royal Mail,United Kingdom,Unknown,GBP,investpy
MDCM,Mediclinic Int,United Kingdom,Unknown,GBP,investpy
CRST,Crest Nicholson,United Kingdom,Unknown,GBP,investpy
JUSTJ,Just Group,United Kingdom,Unknown,GBP,investpy
NOGN,Nostrum Oil & Gas,United Kingdom,Unknown,GBP,investpy
ETO,Entertainment One,United Kingdom,Unknown,GBP,investpy
TRIG,Renewables,United Kingdom,Unknown,GBP,investpy
UKWG,Greencoat,United Kingdom,Unknown,GBP,investpy
GFTU_u,Grafton,United Kingdom,Unknown,GBP,investpy
RSER,REL,United Kingdom,Unknown,GBP,investpy
PETSP,Pets at Home Group PLC,United Kingdom,Unknown,GBP,investpy
RDI,RDI Reit,United Kingdom,Unknown,GBP,investpy
PLP,Polypipe Group,United Kingdom,Unknown,GBP,investpy
CARDC,Card Factory,United Kingdom,Unknown,GBP,investpy
SAGAG,Saga,United Kingdom,Unknown,GBP,investpy
SSPG,SSP,United Kingdom,Unknown,GBP,investpy
SPI,Spire Healthcare,United Kingdom,Unknown,GBP,investpy
BBOXT,Tritax Big Box,United Kingdom,Unknown,GBP,investpy
FDM,FDM,United Kingdom,Unknown,GBP,investpy
OSBO,OSB,United Kingdom,Unknown,GBP,investpy
PSSL,Pollen Street,United Kingdom,Unknown,GBP,investpy
INDV,Indivior PLC,United Kingdom,Unknown,GBP,investpy
JLG,John Laing Group Plc,United Kingdom,Unknown,GBP,investpy
SEQI,Sequoia Economic Infrastructure,United Kingdom,Unknown,GBP,investpy
WIZZ,Wizz Air Holdings PLC,United Kingdom,Unknown,GBP,investpy
COA,Coats,United Kingdom,Unknown,GBP,investpy
AAAA,AA Plc,United Kingdom,Unknown,GBP,investpy
BMEB,B&M European Value Retail SA,United Kingdom,Unknown,GBP,investpy
SNNS,Sanne Group PLC,United Kingdom,Unknown,GBP,investpy
MERL,Merlin Entertainments PLC,United Kingdom,Unknown,GBP,investpy
WPCT,Woodford Patient Capital Trust,United Kingdom,Unknown,GBP,investpy
SOPH,Sophos Group PLC,United Kingdom,Unknown,GBP,investpy
EQN,Equiniti Group PLC,United Kingdom,Unknown,GBP,investpy
HSTG,Hastings Group Holdings PLC,United Kingdom,Unknown,GBP,investpy
IBST,Ibstock PLC,United Kingdom,Unknown,GBP,investpy
MCS,McCarthy & Stone PLC,United Kingdom,Unknown,GBP,investpy
SCTS,Softcat PLC,United Kingdom,Unknown,GBP,investpy
CSPC,Countryside Properties,United Kingdom,Unknown,GBP,investpy
ASCL,Ascential,United Kingdom,Unknown,GBP,investpy
VMUK,CYBG,United Kingdom,Unknown,GBP,investpy
MTRO,Metro Bank,United Kingdom,Unknown,GBP,investpy
VEILV,Vietnam Enterprise,United Kingdom,Unknown,GBP,investpy
TBCG,TBC Bank Group,United Kingdom,Unknown,GBP,investpy
HVPEa,HarbourVest Global,United Kingdom,Unknown,GBP,investpy
PSHP,Pershing Square,United Kingdom,Unknown,GBP,investpy
ALFAAL,Alfa Financial,United Kingdom,Unknown,GBP,investpy
CTEC,ConvaTec Group,United Kingdom,Unknown,GBP,investpy
ALML,Allied Mind,United Kingdom,Unknown,GBP,investpy
CMCX,CMC Markets,United Kingdom,Unknown,GBP,investpy
AO,Ao World,United Kingdom,Unknown,GBP,investpy
RDSb,Royal Dutch Shell B,United Kingdom,Unknown,GBP,investpy
BASFn,BASF,Germany,Unknown,EUR,investpy
BAYGn,Bayer,Germany,Unknown,EUR,investpy
ALVG,Allianz,Germany,Unknown,EUR,investpy
ADSGn,Adidas,Germany,Unknown,EUR,investpy
LHAG,Lufthansa,Germany,Unknown,EUR,investpy
SIEGn,Siemens AG,Germany,Unknown,EUR,investpy
VOWG,Volkswagen ST,Germany,Unknown,EUR,investpy
DBKGn,Deutsche Bank AG,Germany,Unknown,EUR,investpy
CONG,Continental AG,Germany,Unknown,EUR,investpy
DPWGn,Deutsche Post,Germany,Unknown,EUR,investpy
DAIGn,Daimler,Germany,Unknown,EUR,investpy
PSHG_p,Porsche,Germany,Unknown,EUR,investpy
HNKG_p,Henkel VZO,Germany,Unknown,EUR,investpy
CBKG,Commerzbank,Germany,Unknown,EUR,investpy
DB1Gn,Deutsche Boerse,Germany,Unknown,EUR,investpy
BMWG,BMW ST,Germany,Unknown,EUR,investpy
FMEG,Fresenius ST,Germany,Unknown,EUR,investpy
DTEGn,Deutsche Telekom AG,Germany,Unknown,EUR,investpy
MANG,Man SE,Germany,Unknown,EUR,investpy
MRCG,Merck,Germany,Unknown,EUR,investpy
IFXGn,Infineon,Germany,Unknown,EUR,investpy
CECG,Ceconomy,Germany,Unknown,EUR,investpy
MUVGn,Muench. Rueckvers.,Germany,Unknown,EUR,investpy
SAPG,SAP,Germany,Unknown,EUR,investpy
TKAG,Thyssenkrupp AG,Germany,Unknown,EUR,investpy
RHMG,Rheinmetall AG,Germany,Unknown,EUR,investpy
TUIGn,Tui,Germany,Unknown,EUR,investpy
WDIG,Wirecard AG,Germany,Unknown,EUR,investpy
LXSG,Lanxess AG,Germany,Unknown,EUR,investpy
BEIG,Beiersdorf AG,Germany,Unknown,EUR,investpy
FREG,Fresenius SE,Germany,Unknown,EUR,investpy
FNTGn,Freenet AG,Germany,Unknown,EUR,investpy
SZGG,Salzgitter AG,Germany,Unknown,EUR,investpy
A3B,Acco Brands,Germany,Unknown,EUR,investpy
FRAG,Fraport AG,Germany,Unknown,EUR,investpy
WCHG,Wacker Chemie,Germany,Unknown,EUR,investpy
QSCG,QSC AG,Germany,Unknown,EUR,investpy
ZILGn,Elringklinger AG,Germany,Unknown,EUR,investpy
VOSG,Vossloh AG,Germany,Unknown,EUR,investpy
KRNG,Krones AG,Germany,Unknown,EUR,investpy
G1AG,GEA Group AG,Germany,Unknown,EUR,investpy
HNRGn,Hannover Rueckversicherung SE,Germany,Unknown,EUR,investpy
GBFG,Bilfinger SE,Germany,Unknown,EUR,investpy
DRWG_p,Draegerwerk VZO,Germany,Unknown,EUR,investpy
SOWGn,Software AG,Germany,Unknown,EUR,investpy
KCOGn,Kloeckner SE,Germany,Unknown,EUR,investpy
HOTG,Hochtief AG,Germany,Unknown,EUR,investpy
RWEG,RWE AG ST,Germany,Unknown,EUR,investpy
DEQGn,Deutsche Euroshop AG,Germany,Unknown,EUR,investpy
NDXG,Nordex SE,Germany,Unknown,EUR,investpy
NAFG,Aurubis AG,Germany,Unknown,EUR,investpy
A6W,Alexandria RE,Germany,Unknown,EUR,investpy
AIXGn,Aixtron,Germany,Unknown,EUR,investpy
RHKG,Rhoen-Klinikum,Germany,Unknown,EUR,investpy
GILG,DMG Mori Seiki,Germany,Unknown,EUR,investpy
ABM,ABM Industries,Germany,Unknown,EUR,investpy
SGCG,SGL Carbon SE,Germany,Unknown,EUR,investpy
SDFGn,K+S AG,Germany,Unknown,EUR,investpy
MTXGn,MTU Aero,Germany,Unknown,EUR,investpy
SZUG,Suedzucker,Germany,Unknown,EUR,investpy
HDDG,Heidelberger Druckmaschinen,Germany,Unknown,EUR,investpy
ARLG,Aareal Bank AG,Germany,Unknown,EUR,investpy
B5AG,Bauer AG,Germany,Unknown,EUR,investpy
DEZG,Deutz AG,Germany,Unknown,EUR,investpy
SY1G,Symrise AG,Germany,Unknown,EUR,investpy
CTNGk,Centrotherm,Germany,Unknown,EUR,investpy
PV,Pfeiffer,Germany,Unknown,EUR,investpy
SNGGk,Singulus Tech,Germany,Unknown,EUR,investpy
HEIG,Heidelbergcement,Germany,Unknown,EUR,investpy
AD8,Arcos Dorados,Germany,Unknown,EUR,investpy
QIA,Qiagen,Germany,Unknown,EUR,investpy
ADC,Agree,Germany,Unknown,EUR,investpy
UTDI,United Internet AG,Germany,Unknown,EUR,investpy
LEOGn,Leoni AG,Germany,Unknown,EUR,investpy
GGS,Gigaset AG,Germany,Unknown,EUR,investpy
AEL,American Equity Inv. Life,Germany,Unknown,EUR,investpy
AF4,The Hanover Insurance,Germany,Unknown,EUR,investpy
MORG,Morphosys AG,Germany,Unknown,EUR,investpy
M5ZG,Manz AG,Germany,Unknown,EUR,investpy
MDNG,Medion AG,Germany,Unknown,EUR,investpy
AGM,Federal Agricultural Mortgage,Germany,Unknown,EUR,investpy
AFXG,Carl Zeiss AG,Germany,Unknown,EUR,investpy
BOSSn,Hugo Boss AG,Germany,Unknown,EUR,investpy
LOGNn,Logitech,Germany,Unknown,EUR,investpy
SIEGn,Siemens AG,Germany,Unknown,EUR,investpy
BC8G,Bechtle AG,Germany,Unknown,EUR,investpy
ERICb,LM Ericsson B,Germany,Unknown,EUR,investpy
MLPG,MLP AG,Germany,Unknown,EUR,investpy
55O1,Apollo Invest,Germany,Unknown,EUR,investpy
ADAG,Adva Optical,Germany,Unknown,EUR,investpy
CBRO,Close Brothers,Germany,Unknown,EUR,investpy
DGII,Digi,Germany,Unknown,EUR,investpy
MQFA,Avocet Mining,Germany,Unknown,EUR,investpy
STM,STMicroelectronics,Germany,Unknown,EUR,investpy
EURA,Eurazeo,Germany,Unknown,EUR,investpy
KORI,Korian Medica,Germany,Unknown,EUR,investpy
PC6Ay,PetroChina ADR,Germany,Unknown,EUR,investpy
TQK,The Wendy’s Co,Germany,Unknown,EUR,investpy
RIOAy,Rio Tinto ADR,Germany,Unknown,EUR,investpy
GTTG,Tegna,Germany,Unknown,EUR,investpy
GSKy,GlaxoSmithKline ADR,Germany,Unknown,EUR,investpy
CCLC,Carnival Corp,Germany,Unknown,EUR,investpy
ARRJy,ArcelorMittal ADR,Germany,Unknown,EUR,investpy
NJy,Nidec,Germany,Unknown,EUR,investpy
BHPy,BHP Billiton Ltd ADR,Germany,Unknown,EUR,investpy
DIO,Diodes,Germany,Unknown,EUR,investpy
NOKy,Nokia ADR,Germany,Unknown,EUR,investpy
MCa,Panasonic,Germany,Unknown,EUR,investpy
ACEL,Chubb,Germany,Unknown,EUR,investpy
EPWA,Montage Resources,Germany,Unknown,EUR,investpy
HITy,Hitachi ADR,Germany,Unknown,EUR,investpy
STEL,SingTel,Germany,Unknown,EUR,investpy
31L,Sylvania,Germany,Unknown,EUR,investpy
INVP,Investec,Germany,Unknown,EUR,investpy
DRFNy,Gold Fields ADR,Germany,Unknown,EUR,investpy
NPNJ,Naspers,Germany,Unknown,EUR,investpy
AODCq,AngloGold Ashanti DRC,Germany,Unknown,EUR,investpy
SLMJ,Sanlam Ltd,Germany,Unknown,EUR,investpy
INVP,Investec,Germany,Unknown,EUR,investpy
AVA,Avista,Germany,Unknown,EUR,investpy
0941,China Mobile,Germany,Unknown,EUR,investpy
BUDy,Anheuser Busch ADR,Germany,Unknown,EUR,investpy
AIRG,Airbus Group,Germany,Unknown,EUR,investpy
HDJA,Janus Henderson,Germany,Unknown,EUR,investpy
6762,TDK,Germany,Unknown,EUR,investpy
TJH7,Tie Holding,Germany,Unknown,EUR,investpy
NNN1y,Tencent ADR,Germany,Unknown,EUR,investpy
DISCKc,Discovery Communications C,Germany,Unknown,EUR,investpy
EONGn,E.ON SE,Germany,Unknown,EUR,investpy
ELO1,Eldorado Gold,Germany,Unknown,EUR,investpy
CRNT,Ceragon,Germany,Unknown,EUR,investpy
ITRN,Ituran,Germany,Unknown,EUR,investpy
MLNX,Mellanox,Germany,Unknown,EUR,investpy
2F5,Biondvax Pharma ADR,Germany,Unknown,EUR,investpy
SILC,Silicom,Germany,Unknown,EUR,investpy
CTCH,Cyren,Germany,Unknown,EUR,investpy
CPTGy,Collplant ADR,Germany,Unknown,EUR,investpy
4TXAy,Therapix Biosciences,Germany,Unknown,EUR,investpy
2EBAy,Cellect Biotech,Germany,Unknown,EUR,investpy
ODHN,Orascom Development,Germany,Unknown,EUR,investpy
IMX,Imax,Germany,Unknown,EUR,investpy
SAPGy_p,SAP ADR,Germany,Unknown,EUR,investpy
VODIy,Vodafone Group ADR,Germany,Unknown,EUR,investpy
QIA,Qiagen,Germany,Unknown,EUR,investpy
DLGS,Dialog,Germany,Unknown,EUR,investpy
RR5,Range Resources Ltd,Germany,Unknown,EUR,investpy
JENGn,Jenoptik,Germany,Unknown,EUR,investpy
GWIG,Gerry Weber,Germany,Unknown,EUR,investpy
AITN,Applied Industrial Technologies,Germany,Unknown,EUR,investpy
GMMG,Grammer AG,Germany,Unknown,EUR,investpy
DRIG,Drillisch AG,Germany,Unknown,EUR,investpy
BIONn,BB Biotech,Germany,Unknown,EUR,investpy
BKP6,Piraeus Bank,Germany,Unknown,EUR,investpy
1ZD,Interoil,Germany,Unknown,EUR,investpy
LN3,Jefferies Financial,Germany,Unknown,EUR,investpy
G1V,MC Mining,Germany,Unknown,EUR,investpy
PVR1,Patagonia Gold,Germany,Unknown,EUR,investpy
PXSL,Provexis,Germany,Unknown,EUR,investpy
ALGR,Alamo,Germany,Unknown,EUR,investpy
BNRGn,Brenntag AG,Germany,Unknown,EUR,investpy
FIEG,Fielmann AG,Germany,Unknown,EUR,investpy
FPE4y,Fuchs Petrolub ADR,Germany,Unknown,EUR,investpy
FPEG_p,Fuchs Petrolub AG VZO Pref,Germany,Unknown,EUR,investpy
AVD,American Vanguard,Germany,Unknown,EUR,investpy
ROSNqa,Rosneft,Germany,Unknown,EUR,investpy
S92G,SMA Solar AG,Germany,Unknown,EUR,investpy
SMHNn,Suess Microtec,Germany,Unknown,EUR,investpy
VBKG,Verbio Vereinigte,Germany,Unknown,EUR,investpy
CEPD,CTi Biopharma,Germany,Unknown,EUR,investpy
WHS,Warehouse Group,Germany,Unknown,EUR,investpy
AQG,Alacer Gold DRC,Germany,Unknown,EUR,investpy
AAP,Azure Health,Germany,Unknown,AUD,investpy
MYR,Myer Holdings,Germany,Unknown,EUR,investpy
YM1,Panoramic Resources,Germany,Unknown,EUR,investpy
QRL,Aurizon Holdings,Germany,Unknown,EUR,investpy
S2Z,Sandfire Resources,Germany,Unknown,EUR,investpy
T7W,Treasury Wine Estates,Germany,Unknown,EUR,investpy
G2O,Golar,Germany,Unknown,EUR,investpy
RCL,Royal Caribbean Cruises,Germany,Unknown,EUR,investpy
6LA,Lamar,Germany,Unknown,EUR,investpy
SAN,Santander,Germany,Unknown,EUR,investpy
SNC,Sonaecom,Germany,Unknown,EUR,investpy
SVO,Sacyr,Germany,Unknown,EUR,investpy
RRTL,RTL Group,Germany,Unknown,EUR,investpy
VOPA,Vopak,Germany,Unknown,EUR,investpy
ACGL,Arch Capital,Germany,Unknown,EUR,investpy
9AC,AMC Networks,Germany,Unknown,EUR,investpy
AMPP,Ampio Pharm,Germany,Unknown,EUR,investpy
AMRNy,Amarin,Germany,Unknown,EUR,investpy
2UH,ANGI Homeservices,Germany,Unknown,EUR,investpy
DLBa,Dolby Labs,Germany,Unknown,EUR,investpy
ATSG,Air Transport Services,Germany,Unknown,EUR,investpy
DLX,Deluxe,Germany,Unknown,EUR,investpy
AZPN,Aspen,Germany,Unknown,EUR,investpy
DNYY,Denny’s,Germany,Unknown,EUR,investpy
BSFA,ANI Pharma,Germany,Unknown,EUR,investpy
PP4A,Popular,Germany,Unknown,EUR,investpy
BRKR,Bruker,Germany,Unknown,EUR,investpy
CUCA,Avis,Germany,Unknown,EUR,investpy
CBOE,Cboe Global,Germany,Unknown,EUR,investpy
CENX,Century Aluminum,Germany,Unknown,EUR,investpy
SIy,Siemens ADR,Germany,Unknown,EUR,investpy
FDV1,Digirad,Germany,Unknown,EUR,investpy
CPRT,Copart,Germany,Unknown,EUR,investpy
CVLT,CommVault,Germany,Unknown,EUR,investpy
DECK,Deckers Outdoor,Germany,Unknown,EUR,investpy
ENMD,Casi Pharma,Germany,Unknown,EUR,investpy
ESLT,Elbit Systems,Germany,Unknown,EUR,investpy
EXEL,Exelixis,Germany,Unknown,EUR,investpy
FOSL,Fossil,Germany,Unknown,EUR,investpy
GGALyb,Grupo Financiero Galicia ADR,Germany,Unknown,EUR,investpy
GLGL,GLG Life Tech,Germany,Unknown,EUR,investpy
G2U,Gulfport,Germany,Unknown,EUR,investpy
G5Na,Groupon,Germany,Unknown,EUR,investpy
P8S,Globalstar Inc,Germany,Unknown,EUR,investpy
IKIA,Iconix Brand,Germany,Unknown,EUR,investpy
DSX,Diana Shipping,Germany,Unknown,EUR,investpy
LECO,Lincoln Electrics,Germany,Unknown,EUR,investpy
33L,Lululemon Athletica,Germany,Unknown,EUR,investpy
M6X2,Yield10 Bioscience,Germany,Unknown,EUR,investpy
MLNX,Mellanox,Germany,Unknown,EUR,investpy
MPEy,Melco Resorts & Entertainment,Germany,Unknown,EUR,investpy
SIy,Siemens ADR,Germany,Unknown,EUR,investpy
MYRX,Myrexis Inc Cmn Stk,Germany,Unknown,EUR,investpy
NR1A,National Research,Germany,Unknown,EUR,investpy
ODFL,Old Dominion Freight Line,Germany,Unknown,EUR,investpy
PBCT,People’s United,Germany,Unknown,EUR,investpy
PVDA,Sterling Bancorp,Germany,Unknown,EUR,investpy
PENN,Penn National Gaming,Germany,Unknown,EUR,investpy
PIGG,Perrigo,Germany,Unknown,EUR,investpy
DUM,Ducommun,Germany,Unknown,EUR,investpy
QY1,Nextgen Healthcare,Germany,Unknown,EUR,investpy
REED,Reed’s,Germany,Unknown,EUR,investpy
REGN,Regeneron Pharma,Germany,Unknown,EUR,investpy
3T3,TiVo,Germany,Unknown,EUR,investpy
4SB,SBA Communications,Germany,Unknown,EUR,investpy
SL2,Sleep Number,Germany,Unknown,EUR,investpy
SNPS,Synopsys,Germany,Unknown,EUR,investpy
8SO,Sonos,Germany,Unknown,EUR,investpy
SWKS,Skyworks,Germany,Unknown,EUR,investpy
RVS1,Dawson Geophysical,Germany,Unknown,EUR,investpy
I9DN,Arbutus Biopharma,Germany,Unknown,EUR,investpy
37Z,Allakos,Germany,Unknown,EUR,investpy
TB5,Trimble,Germany,Unknown,EUR,investpy
T98,Wright Medical,Germany,Unknown,EUR,investpy
TRCT,Tractor Supply,Germany,Unknown,EUR,investpy
TSEM,Tower,Germany,Unknown,EUR,investpy
TXM1,Travelzoo,Germany,Unknown,EUR,investpy
ULTA,Ulta Beauty,Germany,Unknown,EUR,investpy
UTHR,United Therapeutics,Germany,Unknown,EUR,investpy
CR3,Corindus Vascular Robotics,Germany,Unknown,EUR,investpy
VCC2,Vical,Germany,Unknown,EUR,investpy
VRNT,Verint,Germany,Unknown,EUR,investpy
VA7A,Verisk,Germany,Unknown,EUR,investpy
WLBU,Westmoreland Coal,Germany,Unknown,EUR,investpy
WPT,Westport Fuel,Germany,Unknown,EUR,investpy
AJPG,Artprice Com,Germany,Unknown,EUR,investpy
FFPP,FFP,Germany,Unknown,EUR,investpy
LAGA,Lagardere,Germany,Unknown,EUR,investpy
BICy,BanColombia,Germany,Unknown,EUR,investpy
BKY,Berkeley Energy,Germany,Unknown,EUR,investpy
EQXa,Equatorial Resources,Germany,Unknown,EUR,investpy
WE7,Evolution Mining,Germany,Unknown,EUR,investpy
EXR2,EXCO Resources,Germany,Unknown,EUR,investpy
ELYA,G8 Education,Germany,Unknown,EUR,investpy
RR5,Range Resources Ltd,Germany,Unknown,EUR,investpy
WEB,Webjet,Germany,Unknown,EUR,investpy
VALE3,VALE ON,Germany,Unknown,EUR,investpy
PWTN,Panalpina Welttransport,Germany,Unknown,EUR,investpy
2HR,H&R,Germany,Unknown,EUR,investpy
AOXG,Alstria,Germany,Unknown,EUR,investpy
AMDG,Amadeus Fire AG,Germany,Unknown,EUR,investpy
BIOG_p,Biotest AG VZ,Germany,Unknown,EUR,investpy
CDBG,Comdirect AG,Germany,Unknown,EUR,investpy
CEVG,Centrotec,Germany,Unknown,EUR,investpy
CWCG,Cewe Color,Germany,Unknown,EUR,investpy
DICn,DIC Asset AG,Germany,Unknown,EUR,investpy
DBANn,Deutsche Beteiligungs AG,Germany,Unknown,EUR,investpy
DUEG,Duerr AG,Germany,Unknown,EUR,investpy
EV4G,Constantin Medien AG,Germany,Unknown,EUR,investpy
EVDG,CTS Eventim AG,Germany,Unknown,EUR,investpy
GLJn,Grenke,Germany,Unknown,EUR,investpy
GSC1n,Gesco AG,Germany,Unknown,EUR,investpy
HABG,Hamborner AG,Germany,Unknown,EUR,investpy
HAWG,Hawesko AG,Germany,Unknown,EUR,investpy
HBH,Hornbach,Germany,Unknown,EUR,investpy
HLGZ,Highlight Communications,Germany,Unknown,EUR,investpy
INHG,Indus AG,Germany,Unknown,EUR,investpy
JUNG_p,Jungheinrich AG,Germany,Unknown,EUR,investpy
KWSG,KWS SAAT AG,Germany,Unknown,EUR,investpy
MVVGn,MVV Energie AG,Germany,Unknown,EUR,investpy
NOEJ,Norma AG,Germany,Unknown,EUR,investpy
O2C,Petro Welt Tech,Germany,Unknown,EUR,investpy
PATGn,Patrizia Immobilien,Germany,Unknown,EUR,investpy
SAXG,Stroeer,Germany,Unknown,EUR,investpy
SCUGe,Schuler AG,Germany,Unknown,EUR,investpy
SFQN,SAF Holland,Germany,Unknown,EUR,investpy
SIXG,Sixt AG ST,Germany,Unknown,EUR,investpy
SKBG,Koenig&Bauer AG,Germany,Unknown,EUR,investpy
SLTG,Schaltbau,Germany,Unknown,EUR,investpy
TEGG,Tag Immobilien,Germany,Unknown,EUR,investpy
TIMAn,ZEAL Network SE,Germany,Unknown,EUR,investpy
TTIGn,Tom Tailor AG,Germany,Unknown,EUR,investpy
TTKG,Takkt AG,Germany,Unknown,EUR,investpy
WACGn,Wacker Neuson,Germany,Unknown,EUR,investpy
ZO1G,Zooplus AG,Germany,Unknown,EUR,investpy
EVTG,Evotec AG,Germany,Unknown,EUR,investpy
NWOn,New Work,Germany,Unknown,EUR,investpy
PSAGn,PSI AG,Germany,Unknown,EUR,investpy
SBSG,STRATEC Biomedical,Germany,Unknown,EUR,investpy
GIBG,GSW Immobilien AG,Germany,Unknown,EUR,investpy
LM,Legg Mason,Germany,Unknown,EUR,investpy
T6A,TripAdvisor,Germany,Unknown,EUR,investpy
WPEn,WPX Energy,Germany,Unknown,EUR,investpy
XY6,Xylem,Germany,Unknown,EUR,investpy
CTNGk,Centrotherm,Germany,Unknown,EUR,investpy
AVMR,Meritor,Germany,Unknown,EUR,investpy
55O1,Apollo Invest,Germany,Unknown,EUR,investpy
DXCM,DexCom,Germany,Unknown,EUR,investpy
AVT,Avnet,Germany,Unknown,EUR,investpy
HG1G,Homag AG,Germany,Unknown,EUR,investpy
AEL,American Equity Inv. Life,Germany,Unknown,EUR,investpy
AVD,American Vanguard,Germany,Unknown,EUR,investpy
M5ZG,Manz AG,Germany,Unknown,EUR,investpy
SNGGk,Singulus Tech,Germany,Unknown,EUR,investpy
AVX,AVX,Germany,Unknown,EUR,investpy
UUUG,3U Holding AG,Germany,Unknown,EUR,investpy
VSCk,4 SC AG,Germany,Unknown,EUR,investpy
AAQG,AAP Implantate AG,Germany,Unknown,EUR,investpy
APME,AD Pepper Media,Germany,Unknown,EUR,investpy
AZZ,AZZ,Germany,Unknown,EUR,investpy
ADDG,Adler Modemaerkte AG,Germany,Unknown,EUR,investpy
AGXG,Agennix AG,Germany,Unknown,EUR,investpy
AAHG,Ahlers,Germany,Unknown,EUR,investpy
B,Barnes,Germany,Unknown,EUR,investpy
E0P,Enphase,Germany,Unknown,EUR,investpy
B8JN,Basic Energy Services,Germany,Unknown,EUR,investpy
AYDGn,Artnet AG,Germany,Unknown,EUR,investpy
ACWNn,AS Creation Tapeten,Germany,Unknown,EUR,investpy
AOFG,Atoss AG,Germany,Unknown,EUR,investpy
BSLG,Basler AG,Germany,Unknown,EUR,investpy
BYWG,Baywa AG,Germany,Unknown,EUR,investpy
BAH,Booz Allen Hamilton,Germany,Unknown,EUR,investpy
BIOG,Biotest AG ST,Germany,Unknown,EUR,investpy
BTBB,SLEEPZ,Germany,Unknown,EUR,investpy
BMWG_p,BMW Pref,Germany,Unknown,EUR,investpy
BMMG,Brueder Mannesmann,Germany,Unknown,EUR,investpy
COKG,Cancom SE,Germany,Unknown,EUR,investpy
CSHG,Cenit AG,Germany,Unknown,EUR,investpy
EBIX,Ebix,Germany,Unknown,EUR,investpy
CSGG,China Specialty Glass AG,Germany,Unknown,EUR,investpy
ECHO,Echo Global,Germany,Unknown,EUR,investpy
COPMa,CompuGroup AG,Germany,Unknown,EUR,investpy
3ER,US Ecology,Germany,Unknown,EUR,investpy
CE2G,Cropenergies AG,Germany,Unknown,EUR,investpy
ECPG,Encore Capital,Germany,Unknown,EUR,investpy
BDN,Brandywine,Germany,Unknown,EUR,investpy
DAMG,Data Modul AG,Germany,Unknown,EUR,investpy
LOUDG,DEAG AG,Germany,Unknown,EUR,investpy
DFTKn,DF Deutsche Forfait AG,Germany,Unknown,EUR,investpy
HNLG,Dr. Hoenle AG,Germany,Unknown,EUR,investpy
DRWG,Draegerwerk ST,Germany,Unknown,EUR,investpy
BE4A,Beazer Homes USA,Germany,Unknown,EUR,investpy
BGSN,B&G Foods,Germany,Unknown,EUR,investpy
EUZG,Eckert&Ziegler AG,Germany,Unknown,EUR,investpy
E4CG,Ecotel AG,Germany,Unknown,EUR,investpy
EING_p,Einhell VZO,Germany,Unknown,EUR,investpy
EE,El Paso Electric,Germany,Unknown,EUR,investpy
ELGG,Elmos AG,Germany,Unknown,EUR,investpy
ETGG,Envitec,Germany,Unknown,EUR,investpy
ECXn,Epigenomics AG,Germany,Unknown,EUR,investpy
SQ7B,Biglari,Germany,Unknown,EUR,investpy
A4Y,Accentro Real Estate,Germany,Unknown,EUR,investpy
EUCAn,Euromicron AG,Germany,Unknown,EUR,investpy
EWI1,Electrawinds SE A,Germany,Unknown,EUR,investpy
EXCL,exceet Group,Germany,Unknown,EUR,investpy
FAAS,Fabasoft AG,Germany,Unknown,EUR,investpy
FVIG,Fair Value AG,Germany,Unknown,EUR,investpy
SISG,First Sensor AG,Germany,Unknown,EUR,investpy
FEVG,Fortec,Germany,Unknown,EUR,investpy
FPHG,Francotyp-Postalia,Germany,Unknown,EUR,investpy
BID,Sotheby’s,Germany,Unknown,EUR,investpy
FEWG,Funkwerk AG,Germany,Unknown,EUR,investpy
GMEG,Geratherm,Germany,Unknown,EUR,investpy
GFTG,GFT Technologies AG,Germany,Unknown,EUR,investpy
GKSG,GK Software,Germany,Unknown,EUR,investpy
EFII,Electronics for Imaging,Germany,Unknown,EUR,investpy
G7BG,GWB Immobilien,Germany,Unknown,EUR,investpy
BIOa,Bio-Rad Labs,Germany,Unknown,EUR,investpy
HXCKk,Ernst Russ,Germany,Unknown,EUR,investpy
HPBGn,Heliad,Germany,Unknown,EUR,investpy
HNKG,Henkel ST,Germany,Unknown,EUR,investpy
HWSAk,METRIC Mobility Solutions,Germany,Unknown,EUR,investpy
HBMG,Hornbach-Baumarkt,Germany,Unknown,EUR,investpy
HYQGn,Hypoport AG,Germany,Unknown,EUR,investpy
EG1,Virtusa,Germany,Unknown,EUR,investpy
EGB,The Ensign,Germany,Unknown,EUR,investpy
IXXG,Init Innovation,Germany,Unknown,EUR,investpy
EGCA,eGain,Germany,Unknown,EUR,investpy
ISHG,Intershop,Germany,Unknown,EUR,investpy
IS7G,Intica Systems AG,Germany,Unknown,EUR,investpy
IVXG,Invision AG,Germany,Unknown,EUR,investpy
ISRG,Isra Vision,Germany,Unknown,EUR,investpy
BKS,Barnes&Noble,Germany,Unknown,EUR,investpy
IVUG,IVU Traffic,Germany,Unknown,EUR,investpy
EGHT,8x8,Germany,Unknown,EUR,investpy
EGOV,NIC,Germany,Unknown,EUR,investpy
K1RG,Kromi,Germany,Unknown,EUR,investpy
KU2G,Kuka AG,Germany,Unknown,EUR,investpy
LEIG,Leifheit AG,Germany,Unknown,EUR,investpy
L1OGk,Lloyd Fonds AG,Germany,Unknown,EUR,investpy
EGVY,Ever-Glory,Germany,Unknown,EUR,investpy
TGHN,Logwin,Germany,Unknown,EUR,investpy
LPKG,LPKF,Germany,Unknown,EUR,investpy
ECKG,Ludwig Beck,Germany,Unknown,EUR,investpy
EGY,Vaalco Energy,Germany,Unknown,EUR,investpy
MANG_p,Man SE VZO,Germany,Unknown,EUR,investpy
BKU,BankUnited,Germany,Unknown,EUR,investpy
MZXG,Masterflex,Germany,Unknown,EUR,investpy
MBBG,MBB Industries AG,Germany,Unknown,EUR,investpy
MEDG,MediClin AG,Germany,Unknown,EUR,investpy
CEC1_p,Metro,Germany,Unknown,EUR,investpy
M3VGn,MeVis,Germany,Unknown,EUR,investpy
MBQGn,Mobotix AG,Germany,Unknown,EUR,investpy
MGNK,Mologen,Germany,Unknown,EUR,investpy
MUBG,Muehlbauer,Germany,Unknown,EUR,investpy
NEKG,Nemetschek AG,Germany,Unknown,EUR,investpy
NXUG,Nexus,Germany,Unknown,EUR,investpy
BOH,Bank of Hawaii,Germany,Unknown,EUR,investpy
OHBG,OHB AG,Germany,Unknown,EUR,investpy
BRKa,Berkshire Hathaway,Germany,Unknown,EUR,investpy
O4BG,OVB Holding AG,Germany,Unknown,EUR,investpy
EIG,Employers,Germany,Unknown,EUR,investpy
PA8G,Paion,Germany,Unknown,EUR,investpy
PGNG,Paragon AG,Germany,Unknown,EUR,investpy
RM11,Endologix,Germany,Unknown,EUR,investpy
PNEGn,PNE Wind AG,Germany,Unknown,EUR,investpy
ELY,Callaway Golf,Germany,Unknown,EUR,investpy
BRO,Brown&Brown,Germany,Unknown,EUR,investpy
BW,Materion,Germany,Unknown,EUR,investpy
PWOG,Progress Werk Oberkirch,Germany,Unknown,EUR,investpy
PUS,Pulsion,Germany,Unknown,EUR,investpy
TPEG,PVA Tepla AG,Germany,Unknown,EUR,investpy
SANT1,S&T AG,Germany,Unknown,EUR,investpy
RSL2,R. Stahl AG,Germany,Unknown,EUR,investpy
RTCG,Realtech AG,Germany,Unknown,EUR,investpy
BYD,Boyd Gaming,Germany,Unknown,EUR,investpy
RIB,RIB Software AG,Germany,Unknown,EUR,investpy
C08,Caesars,Germany,Unknown,EUR,investpy
RWEG_p,RWE AG VZO,Germany,Unknown,EUR,investpy
ENS,Enersys,Germany,Unknown,EUR,investpy
SATG,Sartorius AG,Germany,Unknown,EUR,investpy
SATG_p,Sartorius AG VZO,Germany,Unknown,EUR,investpy
YSNG,Secunet AG,Germany,Unknown,EUR,investpy
C9S,CannTrust,Germany,Unknown,EUR,investpy
F3CG,SFC Energy AG,Germany,Unknown,EUR,investpy
SW1,SHW AG,Germany,Unknown,EUR,investpy
SZZG,Sinnerschrader,Germany,Unknown,EUR,investpy
SIXG_p,Sixt AG VZO,Germany,Unknown,EUR,investpy
S4AG,SMT Scharf AG,Germany,Unknown,EUR,investpy
SYTG,Softing AG,Germany,Unknown,EUR,investpy
SFXG,Solar-Fabrik AG,Germany,Unknown,EUR,investpy
ENZ,Enzo Biochem,Germany,Unknown,EUR,investpy
CAE,CAE Inc.,Germany,Unknown,EUR,investpy
SURG,Surteco SE,Germany,Unknown,EUR,investpy
EXNGn,Expedeon,Germany,Unknown,EUR,investpy
CALX,Calix,Germany,Unknown,EUR,investpy
SYZG,Syzygy AG,Germany,Unknown,EUR,investpy
TTRGn,Technotrans AG,Germany,Unknown,EUR,investpy
TGTG,11 88 0 Solutions,Germany,Unknown,EUR,investpy
TLIG,Teles AG,Germany,Unknown,EUR,investpy
HOC,HolidayCheck,Germany,Unknown,EUR,investpy
TVDGk,Travel24.Com AG,Germany,Unknown,EUR,investpy
US5,Ultrasonic AG,Germany,Unknown,EUR,investpy
ULCG,United Labels,Germany,Unknown,EUR,investpy
UP7G,United Power Tech,Germany,Unknown,EUR,investpy
OSPGk,USU Software AG,Germany,Unknown,EUR,investpy
ER2N,EMCORE,Germany,Unknown,EUR,investpy
VIBG_p,Villeroy&Boch AG,Germany,Unknown,EUR,investpy
V3VGn,Vita 34 AG,Germany,Unknown,EUR,investpy
WSUG,WashTec AG,Germany,Unknown,EUR,investpy
WUGG,Westag&Getalit ST,Germany,Unknown,EUR,investpy
WUGG_p,Westag&Getalit VZO,Germany,Unknown,EUR,investpy
WL6G,Wilex AG,Germany,Unknown,EUR,investpy
WZM,Wizcom,Germany,Unknown,EUR,investpy
YOCG,Yoc AG,Germany,Unknown,EUR,investpy
AMA1,Youbisheng Green,Germany,Unknown,EUR,investpy
ZEFG,Zhongde Waste,Germany,Unknown,EUR,investpy
EOCy,Enel Generacion ADR,Germany,Unknown,EUR,investpy
BR,Broadridge,Germany,Unknown,EUR,investpy
PHGy,Koninklijke Philips ADR,Germany,Unknown,EUR,investpy
WX7,Corporate Office Properties,Germany,Unknown,EUR,investpy
T6O,Tanger Factory Outlet Centers,Germany,Unknown,EUR,investpy
2U3,Alcon,Germany,Unknown,EUR,investpy
SNH,Senior Housing Properties,Germany,Unknown,EUR,investpy
SIX,Six Flags,Germany,Unknown,EUR,investpy
ACC,American Campus,Germany,Unknown,EUR,investpy
UI51,Waste Connections,Germany,Unknown,EUR,investpy
CBL,CBL & Associates,Germany,Unknown,EUR,investpy
8CW,Crown Castle,Germany,Unknown,EUR,investpy
CNPC,Ingredion,Germany,Unknown,EUR,investpy
F1EF,Fidelity Financial,Germany,Unknown,EUR,investpy
NZT,Spark New Zealand,Germany,Unknown,EUR,investpy
ORPI,Old Republic,Germany,Unknown,EUR,investpy
SNH,Senior Housing Properties,Germany,Unknown,EUR,investpy
C0Q,Coca Cola HBC AG,Germany,Unknown,EUR,investpy
CNR,Canadian National Railway,Germany,Unknown,EUR,investpy
QCSB,NewYork Community Bancorp,Germany,Unknown,EUR,investpy
OHI,Omega Healthcare,Germany,Unknown,EUR,investpy
POR,Portland General Electric,Germany,Unknown,EUR,investpy
AEOS,American Eagle Outfitters,Germany,Unknown,EUR,investpy
BUEy,Buenaventura Mining ADR,Germany,Unknown,EUR,investpy
OII,Oceaneering,Germany,Unknown,EUR,investpy
AFG,American Financial,Germany,Unknown,EUR,investpy
SNH,Senior Housing Properties,Germany,Unknown,EUR,investpy
CP,Canadian Pacific Railway,Germany,Unknown,EUR,investpy
CYH,Community Health Systems,Germany,Unknown,EUR,investpy
IVR,Invesco Mortgage,Germany,Unknown,EUR,investpy
RBA,Ritchie Bros Auctioneers,Germany,Unknown,EUR,investpy
SQM,Sociedad Quimica y Minera,Germany,Unknown,EUR,investpy
B7S,Brookdale Senior Living,Germany,Unknown,EUR,investpy
GR0A,China Green Agriculture,Germany,Unknown,EUR,investpy
PSRA,CoreCivic,Germany,Unknown,EUR,investpy
LTI,Healthcare RT,Germany,Unknown,EUR,investpy
9M1N,Moneygram,Germany,Unknown,EUR,investpy
RCL,Royal Caribbean Cruises,Germany,Unknown,EUR,investpy
2600y,Aluminum China ADR,Germany,Unknown,EUR,investpy
ALLD,Alliance Data Systems,Germany,Unknown,EUR,investpy
FR,First Majestic Silver,Germany,Unknown,EUR,investpy
CCK,Crown,Germany,Unknown,EUR,investpy
NNN,National Retail Properties,Germany,Unknown,EUR,investpy
SCI,SCI,Germany,Unknown,EUR,investpy
AXS,Axis Capital,Germany,Unknown,EUR,investpy
43D,Darling Ingredients,Germany,Unknown,EUR,investpy
07G,FleetCor,Germany,Unknown,EUR,investpy
H9B1,Herc Holdings,Germany,Unknown,EUR,investpy
MKO1,Capri Holdings,Germany,Unknown,EUR,investpy
NCI2,Drive Shack,Germany,Unknown,EUR,investpy
PKG,Packaging America,Germany,Unknown,EUR,investpy
SGM,Sims Metal Management,Germany,Unknown,EUR,investpy
AJGH,Arthur J Gallagher,Germany,Unknown,EUR,investpy
BCBG,BBX Capital,Germany,Unknown,EUR,investpy
CHD,Church&Dwight,Germany,Unknown,EUR,investpy
DKS,Dick’s Sporting Goods,Germany,Unknown,EUR,investpy
HIW,Highwoods Properties,Germany,Unknown,EUR,investpy
WFK,World Fuel Services,Germany,Unknown,EUR,investpy
LXI,Lennox,Germany,Unknown,EUR,investpy
C19,C&J Energy,Germany,Unknown,EUR,investpy
EXRS,Extra Space Storage,Germany,Unknown,EUR,investpy
MFC,Manulife,Germany,Unknown,EUR,investpy
AWN,Advance Auto Parts,Germany,Unknown,EUR,investpy
AKOyb,Andina B,Germany,Unknown,EUR,investpy
4BW,BWX Tech,Germany,Unknown,EUR,investpy
CDH1,Cedar Realty,Germany,Unknown,EUR,investpy
EGG,Energizer,Germany,Unknown,EUR,investpy
LPX,Louisiana-Pacific,Germany,Unknown,EUR,investpy
PL6,Polaris Industries,Germany,Unknown,EUR,investpy
E6Z,Aecom Technology,Germany,Unknown,EUR,investpy
ARW,Arrow Electronics,Germany,Unknown,EUR,investpy
BFPy,BBVA Banco Frances ADR,Germany,Unknown,EUR,investpy
CNK,Cinemark,Germany,Unknown,EUR,investpy
CPT,Camden Property,Germany,Unknown,EUR,investpy
DLPA,Aptiv,Germany,Unknown,EUR,investpy
GNRC,Generac,Germany,Unknown,EUR,investpy
GNWR,Genesee&Wyoming,Germany,Unknown,EUR,investpy
MHK,Mohawk Industries,Germany,Unknown,EUR,investpy
RPM,RPM,Germany,Unknown,EUR,investpy
AGO,Assured Guaranty,Germany,Unknown,EUR,investpy
ALK,Alaska Air,Germany,Unknown,EUR,investpy
AWK,American Water Works,Germany,Unknown,EUR,investpy
1P6,Berry Petroleum,Germany,Unknown,EUR,investpy
6CL,Colony Capital A,Germany,Unknown,EUR,investpy
CVA,Covanta,Germany,Unknown,EUR,investpy
FAF,First American,Germany,Unknown,EUR,investpy
KSU,Kansas City Southern,Germany,Unknown,EUR,investpy
6MD,Medacta,Germany,Unknown,EUR,investpy
R2U,Red Lion Hotels,Germany,Unknown,EUR,investpy
RY,RBC,Germany,Unknown,EUR,investpy
SLG,SL Green,Germany,Unknown,EUR,investpy
NWJ,Eversource Energy,Germany,Unknown,EUR,investpy
H,Hyatt,Germany,Unknown,EUR,investpy
AKOyb,Andina B,Germany,Unknown,EUR,investpy
GPN,Global Payments,Germany,Unknown,EUR,investpy
LNT,Alliant Energy,Germany,Unknown,EUR,investpy
LGAy,LG Display,Germany,Unknown,EUR,investpy
OAS,Oasis,Germany,Unknown,EUR,investpy
SIG,Signet Jewelers,Germany,Unknown,EUR,investpy
SKMy,SK Telecom ADR,Germany,Unknown,EUR,investpy
DEI,Douglas Emmett,Germany,Unknown,EUR,investpy
HL8,HollyFrontier,Germany,Unknown,EUR,investpy
KRC,Kilroy,Germany,Unknown,EUR,investpy
KTCy,KT,Germany,Unknown,EUR,investpy
MBTLy,Mobil’nye Telesistemy ADR,Germany,Unknown,EUR,investpy
O,Realty Income,Germany,Unknown,EUR,investpy
PJ1A,Pier 1 Imports,Germany,Unknown,EUR,investpy
4DH,Dana,Germany,Unknown,EUR,investpy
FLOF,Flowers Foods,Germany,Unknown,EUR,investpy
2KD,Kinder Morgan,Germany,Unknown,EUR,investpy
OC,Owens Corning,Germany,Unknown,EUR,investpy
RYN,Rayonier,Germany,Unknown,EUR,investpy
STGy,Santander Chile ADR,Germany,Unknown,EUR,investpy
SU,Suncor Energy,Germany,Unknown,EUR,investpy
RDEDy,Relx ADR,Germany,Unknown,EUR,investpy
EVN,Eaton Vance,Germany,Unknown,EUR,investpy
NVONy,Novo Nordisk ADR,Germany,Unknown,EUR,investpy
3SM,AO Smith,Germany,Unknown,EUR,investpy
AZNPy,AstraZeneca ADR,Germany,Unknown,EUR,investpy
HANB,Hanesbrands,Germany,Unknown,EUR,investpy
AKOyb,Andina B,Germany,Unknown,EUR,investpy
OPK,Opko Health,Germany,Unknown,EUR,investpy
ALLE,Albemarle,Germany,Unknown,EUR,investpy
CHILy,Banco De Chile,Germany,Unknown,EUR,investpy
Z,Foot Locker,Germany,Unknown,EUR,investpy
GRA,WR Grace&Co,Germany,Unknown,EUR,investpy
KMT,Kennametal,Germany,Unknown,EUR,investpy
M6G,Macerich,Germany,Unknown,EUR,investpy
MARY,SM Energy,Germany,Unknown,EUR,investpy
DG3,Celanese,Germany,Unknown,EUR,investpy
CLGX,CoreLogic,Germany,Unknown,EUR,investpy
25E,Elan,Germany,Unknown,EUR,investpy
HLF,Herbalife,Germany,Unknown,EUR,investpy
HUN,Huntsman,Germany,Unknown,EUR,investpy
MAN,ManpowerGroup,Germany,Unknown,EUR,investpy
MTH,Meritage,Germany,Unknown,EUR,investpy
QEN,Centene,Germany,Unknown,EUR,investpy
ECy,Ecopetrol ADR,Germany,Unknown,EUR,investpy
ENBD,Enbridge,Germany,Unknown,EUR,investpy
LFLy,LATAM Airlines ADR,Germany,Unknown,EUR,investpy
AWC,Alumina,Germany,Unknown,EUR,investpy
BKE,Buckle,Germany,Unknown,EUR,investpy
C52,Colfax,Germany,Unknown,EUR,investpy
ECA,Encana,Germany,Unknown,EUR,investpy
NERGy,Enel Americas ADR,Germany,Unknown,EUR,investpy
GART,Gartner,Germany,Unknown,EUR,investpy
AAN,Aarons,Germany,Unknown,EUR,investpy
DOX,Amdocs,Germany,Unknown,EUR,investpy
FR9,Ferro,Germany,Unknown,EUR,investpy
GES,Guess,Germany,Unknown,EUR,investpy
LNT,Alliant Energy,Germany,Unknown,EUR,investpy
R2RCy,Renren,Germany,Unknown,EUR,investpy
AGCO,AGCO,Germany,Unknown,EUR,investpy
AME,Ametek,Germany,Unknown,EUR,investpy
D8Sy,Itau CorpBanca ADR,Germany,Unknown,EUR,investpy
BU3,Bunge,Germany,Unknown,EUR,investpy
IEXC,IDEX,Germany,Unknown,EUR,investpy
LEA,Lear,Germany,Unknown,EUR,investpy
FBHS,Fortune Brands,Germany,Unknown,EUR,investpy
PVH,PVH,Germany,Unknown,EUR,investpy
SXEA,Southern Cross Electrical,Germany,Unknown,EUR,investpy
EXPD,Expeditors Washington,Germany,Unknown,EUR,investpy
IDH,Immunodiagnostic Systems,Germany,Unknown,EUR,investpy
SIU,Stewart Info Services,Germany,Unknown,EUR,investpy
FPH,Fisher&Paykel Healthcare,Germany,Unknown,EUR,investpy
JBHT,JB Hunt,Germany,Unknown,EUR,investpy
MDRX,Allscripts,Germany,Unknown,EUR,investpy
MCE,Matrix Composites&Engineering,Germany,Unknown,EUR,investpy
NZT,Spark New Zealand,Germany,Unknown,EUR,investpy
VBKG,Verbio Vereinigte,Germany,Unknown,EUR,investpy
AUD,ADP,Germany,Unknown,EUR,investpy
FCXb,Freeport-McMoran,Germany,Unknown,EUR,investpy
MXIM,Maxim,Germany,Unknown,EUR,investpy
SFER,Salvatore Ferragamo,Germany,Unknown,EUR,investpy
ALXN,Alexion,Germany,Unknown,EUR,investpy
ERA,Energy Resources Of Australia,Germany,Unknown,EUR,investpy
FIS,Fidelity National Info,Germany,Unknown,EUR,investpy
GGGA,Greenland Minerals&Energy,Germany,Unknown,EUR,investpy
IAG,Insurance Australia Group,Germany,Unknown,EUR,investpy
IC1H,InterContinental,Germany,Unknown,EUR,investpy
PEG,Public Service Enterprise,Germany,Unknown,EUR,investpy
PTMA,Platinum Asset Management,Germany,Unknown,EUR,investpy
APD,Air Products,Germany,Unknown,EUR,investpy
RF6,CBRE A,Germany,Unknown,EUR,investpy
CVAG,Cleveland-Cliffs,Germany,Unknown,EUR,investpy
DISCa,Discovery A,Germany,Unknown,EUR,investpy
YC51,Frontier Com,Germany,Unknown,EUR,investpy
GWI2k,Gerry Weber,Germany,Unknown,EUR,investpy
HHFGn,Hamburger Hafen A-SP,Germany,Unknown,EUR,investpy
HIG,Hartford,Germany,Unknown,EUR,investpy
JEC,Jacobs Engineering,Germany,Unknown,EUR,investpy
CAP,Cai,Germany,Unknown,EUR,investpy
MRVL,Marvell,Germany,Unknown,EUR,investpy
YULC,Synthomer,Germany,Unknown,EUR,investpy
AIV1,Apartment Invest,Germany,Unknown,EUR,investpy
AEDAy,Grupo Aeroportuario Sureste ADR,Germany,Unknown,EUR,investpy
CBAX,Commonwealth Bank Australia,Germany,Unknown,EUR,investpy
CHRW,CH Robinson,Germany,Unknown,EUR,investpy
DFS,Discover,Germany,Unknown,EUR,investpy
FHN,First Horizon National,Germany,Unknown,EUR,investpy
LN3,Jefferies Financial,Germany,Unknown,EUR,investpy
NAB,National Australia Bank,Germany,Unknown,EUR,investpy
4I1,Philip Morris,Germany,Unknown,EUR,investpy
TEVAy,Teva ADR,Germany,Unknown,EUR,investpy
UPS,United Parcel Service,Germany,Unknown,EUR,investpy
WP2A,Pinnacle Investment,Germany,Unknown,EUR,investpy
ATI,Allegheny Technologies,Germany,Unknown,EUR,investpy
C9F,Chipotle Mexican Grill,Germany,Unknown,EUR,investpy
HBAN,Huntington Bancshares,Germany,Unknown,EUR,investpy
KCN,Kingsgate Consolidated,Germany,Unknown,EUR,investpy
LSP,Londonmetric Property,Germany,Unknown,EUR,investpy
MMC,Marsh McLennan,Germany,Unknown,EUR,investpy
ARW,Arrow Electronics,Germany,Unknown,EUR,investpy
NOV,National Oilwell Varco,Germany,Unknown,EUR,investpy
19O,Overseas Shipholding,Germany,Unknown,EUR,investpy
PNW,Pinnacle West,Germany,Unknown,EUR,investpy
RDO,Sirius XM,Germany,Unknown,EUR,investpy
STZ,Constellation Brands A,Germany,Unknown,EUR,investpy
VAR,Varian,Germany,Unknown,EUR,investpy
VRTX,Vertex,Germany,Unknown,EUR,investpy
VZ,Verizon,Germany,Unknown,EUR,investpy
DY2,Dentsply,Germany,Unknown,EUR,investpy
ADM,Archer-Daniels-Midland,Germany,Unknown,EUR,investpy
AVB,AvalonBay,Germany,Unknown,EUR,investpy
BLD,Ballard,Germany,Unknown,EUR,investpy
BPSI,Banca Popolare Sondrio,Germany,Unknown,EUR,investpy
CDNS,Cadence Design,Germany,Unknown,EUR,investpy
CHKP,Check Point Software,Germany,Unknown,EUR,investpy
CINF,Cincinnati Financial,Germany,Unknown,EUR,investpy
DO,Diamond Offshore Drilling,Germany,Unknown,EUR,investpy
FIIU,Federated Investors B,Germany,Unknown,EUR,investpy
GT,The Goodyear Tire&Rubber,Germany,Unknown,EUR,investpy
HMTa,Host Hotels Resorts,Germany,Unknown,EUR,investpy
IFF,IFF,Germany,Unknown,EUR,investpy
IIJIy,Internet Initiative Japan ADR,Germany,Unknown,EUR,investpy
ITRK,Intertek,Germany,Unknown,EUR,investpy
LH,Laboratory America,Germany,Unknown,EUR,investpy
54M,Motorcar Parts,Germany,Unknown,EUR,investpy
PFGF,Principal Financial,Germany,Unknown,EUR,investpy
PXD,Pioneer Natural,Germany,Unknown,EUR,investpy
SFF,Sundance Energy,Germany,Unknown,EUR,investpy
SGM,Sims Metal Management,Germany,Unknown,EUR,investpy
S5YA,Sigma Pharma,Germany,Unknown,EUR,investpy
NY7,Molson Coors Brewing B,Germany,Unknown,EUR,investpy
TEP,Telecom Plus,Germany,Unknown,EUR,investpy
A,Agilent Technologies,Germany,Unknown,EUR,investpy
A4S,Ameriprise Financial,Germany,Unknown,EUR,investpy
ANF,Abercrombie&Fitch,Germany,Unknown,EUR,investpy
CPW,Dixons Carphone,Germany,Unknown,EUR,investpy
CTSH,Cognizant A,Germany,Unknown,EUR,investpy
FITB,Fifth Third,Germany,Unknown,EUR,investpy
IC2,ICE,Germany,Unknown,EUR,investpy
LBL,Karoon Gas Australia,Germany,Unknown,EUR,investpy
MCHP,Microchip,Germany,Unknown,EUR,investpy
MPN,Marathon Petroleum,Germany,Unknown,EUR,investpy
NTRS,Northern Trust,Germany,Unknown,EUR,investpy
PUFCX,Prudential Financial,Germany,Unknown,EUR,investpy
PTEN,Patterson-UTI Energy,Germany,Unknown,EUR,investpy
SIH,Saracen Mineral Holdings,Germany,Unknown,EUR,investpy
TMO,Thermo Fisher Scientific,Germany,Unknown,EUR,investpy
X,United States Steel,Germany,Unknown,EUR,investpy
AEP,American Electric Power,Germany,Unknown,EUR,investpy
AIG,AIG,Germany,Unknown,EUR,investpy
AKAM,Akamai,Germany,Unknown,EUR,investpy
BXB,Brambles,Germany,Unknown,EUR,investpy
GK6,A2B Australia,Germany,Unknown,EUR,investpy
4CR1,Chimera Investment,Germany,Unknown,EUR,investpy
CLVG,Trip.com ADR,Germany,Unknown,EUR,investpy
CVN,Carnarvon Petroleum,Germany,Unknown,EUR,investpy
DP5,Keurig Dr Pepper,Germany,Unknown,EUR,investpy
ED,Consolidated Edison,Germany,Unknown,EUR,investpy
GVP1,Gulf Keystone,Germany,Unknown,EUR,investpy
GS,Goldman Sachs,Germany,Unknown,EUR,investpy
ITW,Illinois Tool Works,Germany,Unknown,EUR,investpy
PNC,PNC Financial,Germany,Unknown,EUR,investpy
QBE,Qbe Insurance Group,Germany,Unknown,EUR,investpy
REDYy,Dr Reddys Labs,Germany,Unknown,EUR,investpy
RWL,Rockwell Automation,Germany,Unknown,EUR,investpy
S92G,SMA Solar AG,Germany,Unknown,EUR,investpy
SGH,Slater & Gordon,Germany,Unknown,EUR,investpy
STI,SunTrust Banks,Germany,Unknown,EUR,investpy
ABEC,AmerisourceBergen,Germany,Unknown,EUR,investpy
ADYA,Admiralty Resources,Germany,Unknown,EUR,investpy
AMD,AMD,Germany,Unknown,EUR,investpy
BDX,Becton Dickinson,Germany,Unknown,EUR,investpy
BEN,Franklin Resources,Germany,Unknown,EUR,investpy
BN9,Bank of NY Mellon,Germany,Unknown,EUR,investpy
BLY,Boart Longyear,Germany,Unknown,EUR,investpy
BSXU,Boston Scientific,Germany,Unknown,EUR,investpy
CF,CF Industries,Germany,Unknown,EUR,investpy
CHK,Chesapeake Energy,Germany,Unknown,EUR,investpy
CIRX,CIR,Germany,Unknown,EUR,investpy
CNP,CenterPoint Energy,Germany,Unknown,EUR,investpy
D,Dominion Energy,Germany,Unknown,EUR,investpy
TDSC,3D Systems,Germany,Unknown,EUR,investpy
DRI,Darden Restaurants,Germany,Unknown,EUR,investpy
ETFC,E-TRADE,Germany,Unknown,EUR,investpy
FMG,Fortescue Metals,Germany,Unknown,EUR,investpy
FM,First Quantum Minerals,Germany,Unknown,EUR,investpy
GNW,Genworth,Germany,Unknown,EUR,investpy
G9KB,Great Portland Estates,Germany,Unknown,EUR,investpy
HLS,Intrepid Mines,Germany,Unknown,EUR,investpy
ISRGD,Intuitive Surgical,Germany,Unknown,EUR,investpy
KLAC,KLA-Tencor,Germany,Unknown,EUR,investpy
471A,aTyr Pharma,Germany,Unknown,EUR,investpy
8MP,Monadelphous,Germany,Unknown,EUR,investpy
MTFTy,Mitsubishi UFJ Financial ADR,Germany,Unknown,EUR,investpy
FPO,Petra Diamonds,Germany,Unknown,EUR,investpy
1BF,Phoenix,Germany,Unknown,EUR,investpy
RF,Regions Financial,Germany,Unknown,EUR,investpy
RIM,BlackBerry,Germany,Unknown,EUR,investpy
DLLNG,RR Donnelley & Sons,Germany,Unknown,EUR,investpy
SFM1,Sundance Resources,Germany,Unknown,EUR,investpy
SKC,Skycity Entertainment,Germany,Unknown,EUR,investpy
M2O,Sky Network Television,Germany,Unknown,EUR,investpy
SWK,Stanley Black Decker,Germany,Unknown,EUR,investpy
SWN,Southwestern Energy,Germany,Unknown,EUR,investpy
TROW,T Rowe,Germany,Unknown,EUR,investpy
UNH,UnitedHealth,Germany,Unknown,EUR,investpy
A60,Allergan,Germany,Unknown,EUR,investpy
WPL,Woodside Petroleum,Germany,Unknown,EUR,investpy
WYN,Wyndham,Germany,Unknown,EUR,investpy
ABC,Adelaide Brighton,Germany,Unknown,EUR,investpy
BZTA,Auckland Airport,Germany,Unknown,EUR,investpy
AMAT,Applied Materials,Germany,Unknown,EUR,investpy
A0T,American Tower,Germany,Unknown,EUR,investpy
W6P,Avanti,Germany,Unknown,EUR,investpy
BAB,Babcock International,Germany,Unknown,EUR,investpy
BBBY,Bed Bath&Beyond,Germany,Unknown,EUR,investpy
BXP,Boston Properties,Germany,Unknown,EUR,investpy
COF,Capital One Financial,Germany,Unknown,EUR,investpy
COST,Costco,Germany,Unknown,EUR,investpy
TBN2,Capstone Turbine,Germany,Unknown,EUR,investpy
DNR,Denbury Resources,Germany,Unknown,EUR,investpy
EER,East Energy Resources,Germany,Unknown,EUR,investpy
FBU,Fletcher Building,Germany,Unknown,EUR,investpy
G4U,Globe Metals & Mining,Germany,Unknown,EUR,investpy
HIK,Hikma Pharma,Germany,Unknown,EUR,investpy
IGO,Independence Group,Germany,Unknown,EUR,investpy
IPG,IPG,Germany,Unknown,EUR,investpy
LNC,Lincoln National,Germany,Unknown,EUR,investpy
LUV,Southwest Airlines,Germany,Unknown,EUR,investpy
MA2,Macmahon Holdings,Germany,Unknown,EUR,investpy
MNMA,ManTech,Germany,Unknown,EUR,investpy
MAPA,Sydney Airport Ltd,Germany,Unknown,EUR,investpy
MML,Medusa Mining,Germany,Unknown,EUR,investpy
MU,Micron,Germany,Unknown,EUR,investpy
NBR,Nabors Industries,Germany,Unknown,EUR,investpy
NOC,Northrop Grumman,Germany,Unknown,EUR,investpy
NSC,Norfolk Southern,Germany,Unknown,EUR,investpy
NUAN,Nuance Communications,Germany,Unknown,EUR,investpy
NWL,Newell Brands,Germany,Unknown,EUR,investpy
RQQ1,OceanaGold DRC,Germany,Unknown,EUR,investpy
PAFR,Pan African Resources,Germany,Unknown,EUR,investpy
RSGU,Republic Services,Germany,Unknown,EUR,investpy
SCCO,Southern Copper,Germany,Unknown,EUR,investpy
SQP,Swick Mining Services,Germany,Unknown,EUR,investpy
TTIGn,Tom Tailor AG,Germany,Unknown,EUR,investpy
TVy,Grupo Televisa ADR,Germany,Unknown,EUR,investpy
TXN,Texas Instruments,Germany,Unknown,EUR,investpy
VBA,Virgin Australia,Germany,Unknown,EUR,investpy
WICG,WEC Energy,Germany,Unknown,EUR,investpy
33A,Acacia Mining,Germany,Unknown,EUR,investpy
PNH,HT&E,Germany,Unknown,EUR,investpy
BAC,Bank of America,Germany,Unknown,EUR,investpy
BFGA,Bell Financial Group,Germany,Unknown,EUR,investpy
BMY,Bristol-Myers Squibb,Germany,Unknown,EUR,investpy
BBN1,The Blackstone,Germany,Unknown,EUR,investpy
XC2,Capital Regional,Germany,Unknown,EUR,investpy
COCA,Coca-Cola Amatil,Germany,Unknown,EUR,investpy
CL,Colgate-Palmolive,Germany,Unknown,EUR,investpy
CUE,CUE Energy Resources,Germany,Unknown,EUR,investpy
CFJA,Ceres Power,Germany,Unknown,EUR,investpy
FLEX,Flex,Germany,Unknown,EUR,investpy
1T1,TechnipFMC,Germany,Unknown,EUR,investpy
A60,Allergan,Germany,Unknown,EUR,investpy
JLL,Jones Lang LaSalle,Germany,Unknown,EUR,investpy
HAIN,The Hain Celestial,Germany,Unknown,EUR,investpy
ICAy,Empresas ICA ADR,Germany,Unknown,EUR,investpy
7IG,IGT,Germany,Unknown,EUR,investpy
JMX,MaxLinear,Germany,Unknown,EUR,investpy
TYIA,Johnson Controls,Germany,Unknown,EUR,investpy
JNPR,Juniper,Germany,Unknown,EUR,investpy
KHNZ,Kraft Heinz,Germany,Unknown,EUR,investpy
6LA,Lamar,Germany,Unknown,EUR,investpy
LOOL,Lookers,Germany,Unknown,EUR,investpy
34LA,Alpine Immune Sciences,Germany,Unknown,EUR,investpy
OXY,Occidental,Germany,Unknown,EUR,investpy
PH,Parker-Hannifin,Germany,Unknown,EUR,investpy
RHI,Robert Half,Germany,Unknown,EUR,investpy
RRC,Range Resources,Germany,Unknown,EUR,investpy
SCH,Charles Schwab,Germany,Unknown,EUR,investpy
XRP1,Silence Therapeutics,Germany,Unknown,EUR,investpy
SIPG,Simon Property,Germany,Unknown,EUR,investpy
S9P2,SunPower,Germany,Unknown,EUR,investpy
WA7,Seven West Media,Germany,Unknown,EUR,investpy
TCL,Transurban Group,Germany,Unknown,EUR,investpy
TTWO,Take-Two,Germany,Unknown,EUR,investpy
URBN,Urban Outfitters,Germany,Unknown,EUR,investpy
VNO,Vornado,Germany,Unknown,EUR,investpy
WBC,Westpac Banking,Germany,Unknown,EUR,investpy
WDC,Western Digital,Germany,Unknown,EUR,investpy
UW,Waste Management,Germany,Unknown,EUR,investpy
WPOB,Graham Holdings,Germany,Unknown,EUR,investpy
ABT,Abbott Labs,Germany,Unknown,EUR,investpy
AV3,Avery Dennison,Germany,Unknown,EUR,investpy
AXP,American Express,Germany,Unknown,EUR,investpy
BFb,Brown Forman,Germany,Unknown,EUR,investpy
BSLS,Bluescope Steel,Germany,Unknown,EUR,investpy
CAH,Cardinal Health,Germany,Unknown,EUR,investpy
FG9,Cohen Steers,Germany,Unknown,EUR,investpy
CR8,Carbo Ceramics,Germany,Unknown,EUR,investpy
CEXAy,Cemex ADR,Germany,Unknown,EUR,investpy
DEL,Delta Air Lines,Germany,Unknown,EUR,investpy
2DBn,Dunkin Brands,Germany,Unknown,EUR,investpy
EMN,Eastman Chemical,Germany,Unknown,EUR,investpy
EMR,Emerson,Germany,Unknown,EUR,investpy
GEC,General Electric,Germany,Unknown,EUR,investpy
GILD,Gilead,Germany,Unknown,EUR,investpy
2U4,HICL Infrastructure,Germany,Unknown,EUR,investpy
HOG,Harley-Davidson,Germany,Unknown,EUR,investpy
IACI,IAC/InterActiveCorp,Germany,Unknown,EUR,investpy
ICAG,IAG,Germany,Unknown,EUR,investpy
ILU,Iluka Resources,Germany,Unknown,EUR,investpy
IPGP,IPG Photonics,Germany,Unknown,EUR,investpy
JPM,JPMorgan,Germany,Unknown,EUR,investpy
KOFy,Coca Cola Femsa ADR,Germany,Unknown,EUR,investpy
LNNM,Lindsay,Germany,Unknown,EUR,investpy
LRE,Lancashire,Germany,Unknown,EUR,investpy
MAB,Mitchells Butlers,Germany,Unknown,GBP,investpy
MGA,Magna Intl,Germany,Unknown,EUR,investpy
MHP,S&P Global,Germany,Unknown,EUR,investpy
MQG,Macquarie,Germany,Unknown,EUR,investpy
AZNPy,AstraZeneca ADR,Germany,Unknown,EUR,investpy
NCM,Newcrest Mining,Germany,Unknown,EUR,investpy
NEM,Newmont Goldcorp,Germany,Unknown,EUR,investpy
NYTa,NewYork Times,Germany,Unknown,EUR,investpy
OZLn,OZ Minerals,Germany,Unknown,EUR,investpy
PDN,Paladin Energy,Germany,Unknown,EUR,investpy
PFG,Provident Financial,Germany,Unknown,EUR,investpy
PG,Procter&Gamble,Germany,Unknown,EUR,investpy
POG,Petropavlovsk,Germany,Unknown,EUR,investpy
RDSb,Royal Dutch Shell B,Germany,Unknown,EUR,investpy
RL,Ralph Lauren A,Germany,Unknown,EUR,investpy
SHLD,Sears,Germany,Unknown,EUR,investpy
SHW,Sherwin-Williams,Germany,Unknown,EUR,investpy
SK3,Smurfit Kappa,Germany,Unknown,EUR,investpy
SIIG,Wheaton Precious Metals,Germany,Unknown,EUR,investpy
1JD,Senior,Germany,Unknown,EUR,investpy
TWI,Titan,Germany,Unknown,EUR,investpy
UTX,United Technologies,Germany,Unknown,EUR,investpy
VMC,Vulcan Materials,Germany,Unknown,EUR,investpy
WHC,Whitehaven Coal,Germany,Unknown,EUR,investpy
WMT,Walmart,Germany,Unknown,EUR,investpy
ZMRHV,Zimmer Biomet,Germany,Unknown,EUR,investpy
ABX,Barrick Gold,Germany,Unknown,EUR,investpy
ACKB,Ackermans,Germany,Unknown,EUR,investpy
ADI,Analog Devices,Germany,Unknown,EUR,investpy
AEM,Agnico Eagle Mines,Germany,Unknown,EUR,investpy
AKS,AK Steel,Germany,Unknown,EUR,investpy
A7L,Amur Minerals,Germany,Unknown,EUR,investpy
GMN,Amerisur,Germany,Unknown,EUR,investpy
1YD,Broadcom,Germany,Unknown,EUR,investpy
BV51,Claranova,Germany,Unknown,EUR,investpy
BRKb,Berkshire Hathaway B,Germany,Unknown,EUR,investpy
CTXS,Citrix Systems,Germany,Unknown,EUR,investpy
CVS,CVS Health Corp,Germany,Unknown,EUR,investpy
DKOB,Domino’s Pizza,Germany,Unknown,EUR,investpy
DWNG,Deutsche Wohnen,Germany,Unknown,EUR,investpy
ELO1,Eldorado Gold,Germany,Unknown,EUR,investpy
EQR,Equity Residential,Germany,Unknown,EUR,investpy
EW,Edwards Lifesciences,Germany,Unknown,EUR,investpy
HON,Honeywell,Germany,Unknown,EUR,investpy
7HP,HP Inc,Germany,Unknown,EUR,investpy
HRS,L3Harris Technologies,Germany,Unknown,EUR,investpy
HSY,Hershey,Germany,Unknown,EUR,investpy
SREI,Schroder RE,Germany,Unknown,EUR,investpy
1LG,Liberty Global,Germany,Unknown,EUR,investpy
LB3B,Qurate Retail A,Germany,Unknown,EUR,investpy
LTD,L Brands,Germany,Unknown,EUR,investpy
METEX,Metabolic Explorer,Germany,Unknown,EUR,investpy
MOT,Motorola,Germany,Unknown,EUR,investpy
NS,Nustar,Germany,Unknown,EUR,investpy
NXPI,NXP,Germany,Unknown,EUR,investpy
OI,Owens-Illinois,Germany,Unknown,EUR,investpy
OXIG,Oxford Instruments,Germany,Unknown,EUR,investpy
PPG,PPG Industries,Germany,Unknown,EUR,investpy
P4Q,Perseus Mining,Germany,Unknown,EUR,investpy
QAN,Qantas Airways,Germany,Unknown,EUR,investpy
RMS,Ramelius Resources,Germany,Unknown,EUR,investpy
2S7,Sprint,Germany,Unknown,EUR,investpy
SBM,St Barbara,Germany,Unknown,EUR,investpy
SIA,Pharos Energy PLC,Germany,Unknown,EUR,investpy
STX,Seagate,Germany,Unknown,EUR,investpy
SUNC,Suncorp,Germany,Unknown,EUR,investpy
UNP,Union Pacific,Germany,Unknown,EUR,investpy
V1L,Valero Energy,Germany,Unknown,EUR,investpy
VO9V,Victoria Oil,Germany,Unknown,EUR,investpy
D8Sy,Itau CorpBanca ADR,Germany,Unknown,EUR,investpy
WHN,Quantify Tech,Germany,Unknown,EUR,investpy
ZION,Zions,Germany,Unknown,EUR,investpy
ADBE,Adobe,Germany,Unknown,EUR,investpy
ANZ,ANZ Banking Group,Germany,Unknown,EUR,investpy
ASMI,ASM,Germany,Unknown,EUR,investpy
CAG,ConAgra Foods,Germany,Unknown,EUR,investpy
CMA,Comerica,Germany,Unknown,EUR,investpy
CGDG,CNX Resources,Germany,Unknown,EUR,investpy
CPSH,Computershare,Germany,Unknown,EUR,investpy
CRUS,Cirrus,Germany,Unknown,EUR,investpy
2XT,DXC Technology,Germany,Unknown,EUR,investpy
MTXGn,MTU Aero,Germany,Unknown,EUR,investpy
VOWG_p,Volkswagen VZO,Germany,Unknown,EUR,investpy
VNAn,Vonovia,Germany,Unknown,EUR,investpy
1COV,Covestro,Germany,Unknown,EUR,investpy
LINI,Linde PLC,Germany,Unknown,EUR,investpy
DEXd,Delticom AG,Germany,Unknown,EUR,investpy
GXId,Gerresheimer AG,Germany,Unknown,EUR,investpy
HHFAd,Hamburger Hafen A-SP,Germany,Unknown,EUR,investpy
RAAd,Rational AG,Germany,Unknown,EUR,investpy
FPEG,Fuchs Petrolub AG,Germany,Unknown,EUR,investpy
DEQGn,Deutsche Euroshop AG,Germany,Unknown,EUR,investpy
FIEG,Fielmann AG,Germany,Unknown,EUR,investpy
MLPG,MLP AG,Germany,Unknown,EUR,investpy
AIRG,Airbus Group,Germany,Unknown,EUR,investpy
SFQN,SAF Holland,Germany,Unknown,EUR,investpy
KU2G,Kuka AG,Germany,Unknown,EUR,investpy
MVVGn,MVV Energie AG,Germany,Unknown,EUR,investpy
DUEG,Duerr AG,Germany,Unknown,EUR,investpy
BDTG,Bertrandt AG,Germany,Unknown,EUR,investpy
SPRGn,Axel Springer,Germany,Unknown,EUR,investpy
BYWGnx,Baywa Vink AG,Germany,Unknown,EUR,investpy
LEGn,LEG Immobilien AG,Germany,Unknown,EUR,investpy
LO24n,Lotto24 AG,Germany,Unknown,EUR,investpy
TLXGn,Talanx AG,Germany,Unknown,EUR,investpy
RRTL,RTL Group,Germany,Unknown,EUR,investpy
EVKn,Evonik,Germany,Unknown,EUR,investpy
BVB,Borussia Dortmund,Germany,Unknown,EUR,investpy
OSRn,Osram Licht,Germany,Unknown,EUR,investpy
KGX,Kion Group AG,Germany,Unknown,EUR,investpy
ADLG,Adler Real Estate,Germany,Unknown,EUR,investpy
HWAG,Encavis,Germany,Unknown,EUR,investpy
BST1,Bastei Lueb,Germany,Unknown,EUR,investpy
STAB,Stabilus,Germany,Unknown,EUR,investpy
ZALG,Zalando SE,Germany,Unknown,EUR,investpy
RKET,Rocket Internet,Germany,Unknown,EUR,investpy
TLGG,TLG Immobilien AG,Germany,Unknown,EUR,investpy
HLE,Hella KGaA Hueck & Co,Germany,Unknown,EUR,investpy
TC1n,Tele Columbus AG,Germany,Unknown,EUR,investpy
FRU,Ferratum Oyj,Germany,Unknown,EUR,investpy
MXHNn,Max Automation,Germany,Unknown,EUR,investpy
LNSX,Sixt Leasing AG,Germany,Unknown,EUR,investpy
RY8,Roy Ceramics,Germany,Unknown,EUR,investpy
WDLK,Windeln de,Germany,Unknown,EUR,investpy
ELBG,Elumeo SE,Germany,Unknown,EUR,investpy
PBBG,Deutsche Pfandbriefbank AG,Germany,Unknown,EUR,investpy
PUMG,Puma SE,Germany,Unknown,EUR,investpy
G24n,Scout24 AG,Germany,Unknown,EUR,investpy
HLAG,Hapag Lloyd AG,Germany,Unknown,EUR,investpy
ADJ,ADO Properties SARL,Germany,Unknown,EUR,investpy
SNHG,Steinhoff Int,Germany,Unknown,EUR,investpy
SHA_p,Schaeffler AG,Germany,Unknown,EUR,investpy
BNNn,Brain,Germany,Unknown,EUR,investpy
ARTG,bet at homem,Germany,Unknown,EUR,investpy
DMRE,Demire Deutsche Mittelstand RE,Germany,Unknown,EUR,investpy
ED4,EDAG Engineering Group,Germany,Unknown,EUR,investpy
WCMKk,WCM Beteiligungs und Grundbesitz,Germany,Unknown,EUR,investpy
WUWGn,Wuestenrot Wuerttembergische,Germany,Unknown,EUR,investpy
UN01,Uniper SE,Germany,Unknown,EUR,investpy
IGY,Innogy,Germany,Unknown,EUR,investpy
SAEG,Shop Apotheke Europe,Germany,Unknown,EUR,investpy
AFXG,Carl Zeiss AG,Germany,Unknown,EUR,investpy
GXIG,Gerresheimer AG,Germany,Unknown,EUR,investpy
CBKG,Commerzbank,Germany,Unknown,EUR,investpy
PSMGn,Prosiebensat,Germany,Unknown,EUR,investpy
MORG,Morphosys AG,Germany,Unknown,EUR,investpy
BC8G,Bechtle AG,Germany,Unknown,EUR,investpy
FNTGn,Freenet AG,Germany,Unknown,EUR,investpy
QIA,Qiagen,Germany,Unknown,EUR,investpy
O2Dn,Telefonica Deutschland AG,Germany,Unknown,EUR,investpy
WAFGn,Siltronic AG,Germany,Unknown,EUR,investpy
AT1,Aroundtown,Germany,Unknown,EUR,investpy
GYC,Grand City,Germany,Unknown,EUR,investpy
AIRG,Airbus Group,Germany,Unknown,EUR,investpy
OSRn,Osram Licht,Germany,Unknown,EUR,investpy
DHER,Delivery Hero,Germany,Unknown,EUR,investpy
B4B,Metro Wholesale,Germany,Unknown,EUR,investpy
SHLG,Siemens Healthineers,Germany,Unknown,EUR,investpy
KBX,Knorr-Bremse,Germany,Unknown,EUR,investpy
BIONn,BB Biotech,Germany,Unknown,EUR,investpy
MDG1k,Medigene,Germany,Unknown,EUR,investpy
ADAG,Adva Optical,Germany,Unknown,EUR,investpy
JENGn,Jenoptik,Germany,Unknown,EUR,investpy
SBSG,STRATEC Biomedical,Germany,Unknown,EUR,investpy
A1OS,All For One Steeb AG,Germany,Unknown,EUR,investpy
B8FGn,Biofrontera AG,Germany,Unknown,EUR,investpy
AM3D,SLM Solutions,Germany,Unknown,EUR,investpy
SHFG,SNP Schneider,Germany,Unknown,EUR,investpy
V6CG,Viscom AG,Germany,Unknown,EUR,investpy
FBENn,Fyber,Germany,Unknown,EUR,investpy
VSCk,4 SC AG,Germany,Unknown,EUR,investpy
E4CG,Ecotel AG,Germany,Unknown,EUR,investpy
EXCL,exceet Group,Germany,Unknown,EUR,investpy
FAAS,Fabasoft AG,Germany,Unknown,EUR,investpy
FEVG,Fortec,Germany,Unknown,EUR,investpy
SANT1,S&T AG,Germany,Unknown,EUR,investpy
SATG,Sartorius AG,Germany,Unknown,EUR,investpy
TLIG,Teles AG,Germany,Unknown,EUR,investpy
HACGn,KPS,Germany,Unknown,EUR,investpy
DBD,Diebold,Germany,Unknown,EUR,investpy
SENG,Senvion,Germany,Unknown,EUR,investpy
VBX,Voltabox AG,Germany,Unknown,EUR,investpy
VAR1,Varta,Germany,Unknown,EUR,investpy
SJJG,Serviceware,Germany,Unknown,EUR,investpy
NFN,NFON,Germany,Unknown,EUR,investpy
PSMGn,Prosiebensat,Germany,Unknown,EUR,investpy
HEIG,Heidelbergcement,Germany,Unknown,EUR,investpy
H2Fn,Heliocentris Energy Solutions,Germany,Unknown,EUR,investpy
DBD,Diebold,Germany,Unknown,EUR,investpy
SENG,Senvion,Germany,Unknown,EUR,investpy
37NN,Alix Resources,Germany,Unknown,EUR,investpy
VQTG,va Q tec,Germany,Unknown,EUR,investpy
RAAG,Rational AG,Germany,Unknown,EUR,investpy
WEG1,Westgrund,Germany,Unknown,EUR,investpy
BVB,Borussia Dortmund,Germany,Unknown,EUR,investpy
JSTG,JOST Werke,Germany,Unknown,EUR,investpy
AAGG,Aumann,Germany,Unknown,EUR,investpy
CCAG,Corestate,Germany,Unknown,EUR,investpy
HFGG,HelloFresh,Germany,Unknown,EUR,investpy
BFSA,Befesa,Germany,Unknown,EUR,investpy
CCAG,Corestate,Germany,Unknown,EUR,investpy
DWSG,DWS Group,Germany,Unknown,EUR,investpy
8TRA,Traton,Germany,Unknown,EUR,investpy
PV,Pfeiffer,Germany,Unknown,EUR,investpy
AIXGn,Aixtron,Germany,Unknown,EUR,investpy
DLGS,Dialog,Germany,Unknown,EUR,investpy
DEXGn,Delticom AG,Germany,Unknown,EUR,investpy
A6TG,artec technologies,Germany,Unknown,EUR,investpy
BEZ,Berentzen,Germany,Unknown,EUR,investpy
H5EG,Helma Eigenheimbau,Germany,Unknown,EUR,investpy
HAKG,Einbecker Brauhaus,Germany,Unknown,EUR,investpy
AIRF,Air France KLM,France,Unknown,EUR,investpy
ACCP,Accor,France,Unknown,EUR,investpy
APRL,April,France,Unknown,EUR,investpy
AIRP,Air Liquide,France,Unknown,EUR,investpy
CAPP,Capgemini,France,Unknown,EUR,investpy
EDF,Electricite de France,France,Unknown,EUR,investpy
AXAF,AXA,France,Unknown,EUR,investpy
DANO,Danone,France,Unknown,EUR,investpy
ENGIE,Engie,France,Unknown,EUR,investpy
BNPP,BNP Paribas,France,Unknown,EUR,investpy
BOUY,Bouygues,France,Unknown,EUR,investpy
LVMH,Louis Vuitton,France,Unknown,EUR,investpy
OREP,L'Oreal,France,Unknown,EUR,investpy
SCHN,Schneider Electric,France,Unknown,EUR,investpy
PEUP,Peugeot,France,Unknown,EUR,investpy
SGOB,Saint Gobain,France,Unknown,EUR,investpy
CARR,Carrefour,France,Unknown,EUR,investpy
ESLX,EssilorLuxottica,France,Unknown,EUR,investpy
PERP,Pernod Ricard,France,Unknown,EUR,investpy
CAGR,Credit Agricole,France,Unknown,EUR,investpy
VLLP,Vallourec,France,Unknown,EUR,investpy
ORAN,Orange,France,Unknown,EUR,investpy
SOGN,Societe Generale,France,Unknown,EUR,investpy
MICP,Michelin,France,Unknown,EUR,investpy
AIR,Airbus Group,France,Unknown,EUR,investpy
ALSO,Alstom,France,Unknown,EUR,investpy
SASY,Sanofi,France,Unknown,EUR,investpy
VIV,Vivendi,France,Unknown,EUR,investpy
TOTF,Total,France,Unknown,EUR,investpy
STM,STMicroelectronics,France,Unknown,EUR,investpy
SGEF,Vinci,France,Unknown,EUR,investpy
RENA,Renault,France,Unknown,EUR,investpy
VIE,Veolia Environnement,France,Unknown,EUR,investpy
LAGA,Lagardere,France,Unknown,EUR,investpy
PRTP,Kering,France,Unknown,EUR,investpy
MMTP,Metropole TV,France,Unknown,EUR,investpy
PVAC,Pierre Vacances,France,Unknown,EUR,investpy
ERMT,Eramet,France,Unknown,EUR,investpy
TCFP,Thales,France,Unknown,EUR,investpy
GFCP,Gecina,France,Unknown,EUR,investpy
DIOR,Christian Dior,France,Unknown,EUR,investpy
DAST,Dassault Systemes,France,Unknown,EUR,investpy
EPED,Faurecia,France,Unknown,EUR,investpy
CASP,Casino Guichard,France,Unknown,EUR,investpy
ADP,Aeroports Paris,France,Unknown,EUR,investpy
EUFI,Eurofins Scientific,France,Unknown,EUR,investpy
IMTP,Imerys,France,Unknown,EUR,investpy
RXL,Rexel,France,Unknown,EUR,investpy
RCOP,Remy Cointreau,France,Unknown,EUR,investpy
NCOX,Nicox,France,Unknown,EUR,investpy
SESFd,SES,France,Unknown,EUR,investpy
GPBN,Bourbon Corp,France,Unknown,EUR,investpy
VIRB,Virbac,France,Unknown,EUR,investpy
PUBP,Publicis Groupe,France,Unknown,EUR,investpy
AKE,Arkema,France,Unknown,EUR,investpy
EXHO,Sodexo,France,Unknown,EUR,investpy
ILD,Iliad,France,Unknown,EUR,investpy
UBIP,Ubisoft,France,Unknown,EUR,investpy
HRMS,Hermes International,France,Unknown,EUR,investpy
SOIT,Soitec,France,Unknown,EUR,investpy
SAF,Safran,France,Unknown,EUR,investpy
QDT,Quadient,France,Unknown,EUR,investpy
MWDP,Wendel,France,Unknown,EUR,investpy
MERY,Mercialys,France,Unknown,EUR,investpy
FOUG,Eiffage,France,Unknown,EUR,investpy
GENC,Rallye,France,Unknown,EUR,investpy
CNPP,CNP Assurances,France,Unknown,EUR,investpy
SEBF,Groupe SEB,France,Unknown,EUR,investpy
TRIA,Trigano,France,Unknown,EUR,investpy
SAVEN,Savencia,France,Unknown,EUR,investpy
ABIO,Albioma,France,Unknown,EUR,investpy
FTI,TechnipFMC,France,Unknown,EUR,investpy
SCOR,SCOR,France,Unknown,EUR,investpy
STDM,Sartorius Stedim,France,Unknown,EUR,investpy
CVO,Covivio,France,Unknown,EUR,investpy
ETL,Eutelsat,France,Unknown,EUR,investpy
ATOS,Atos,France,Unknown,EUR,investpy
CNAT,Natixis,France,Unknown,EUR,investpy
VLOF,Valeo,France,Unknown,EUR,investpy
DVTM,Devoteam,France,Unknown,EUR,investpy
PLOF,Plastic Omnium,France,Unknown,EUR,investpy
NEXS,Nexans,France,Unknown,EUR,investpy
BOIR,Boiron,France,Unknown,EUR,investpy
PYHE,Haulotte,France,Unknown,EUR,investpy
BICP,BIC,France,Unknown,EUR,investpy
TRNG,Transgene,France,Unknown,EUR,investpy
ARCH,Archos,France,Unknown,EUR,investpy
ISOS,Ipsos,France,Unknown,EUR,investpy
ESSF,ESSO,France,Unknown,EUR,investpy
FTRN,Futuren,France,Unknown,EUR,investpy
ALTT,Altran,France,Unknown,EUR,investpy
LTEN,Alten,France,Unknown,EUR,investpy
INGC,Ingenico,France,Unknown,EUR,investpy
GEPH,CGG,France,Unknown,EUR,investpy
NEXI,Nexity,France,Unknown,EUR,investpy
CHBE,Beneteau,France,Unknown,EUR,investpy
LOCAL,Solocal,France,Unknown,EUR,investpy
LEGD,Legrand,France,Unknown,EUR,investpy
MANP,Manitou BF,France,Unknown,EUR,investpy
GFII,Lisi,France,Unknown,EUR,investpy
VILM,Vilmorin & Cie,France,Unknown,EUR,investpy
MAUP,Maurel et Prom,France,Unknown,EUR,investpy
TESI,Tessi,France,Unknown,EUR,investpy
LOIM,Klepierre,France,Unknown,EUR,investpy
CBLP,Mersen,France,Unknown,EUR,investpy
IPN,Ipsen,France,Unknown,EUR,investpy
CCHE,Seche,France,Unknown,EUR,investpy
ORP,Orpea,France,Unknown,EUR,investpy
JCDX,JC Decaux,France,Unknown,EUR,investpy
BIOX,Biomerieux,France,Unknown,EUR,investpy
RXPA,Recylex,France,Unknown,EUR,investpy
TFFP,TF1,France,Unknown,EUR,investpy
TEPRF,Teleperformance,France,Unknown,EUR,investpy
CRIP,Chargeurs,France,Unknown,EUR,investpy
SDGI,Synergie,France,Unknown,EUR,investpy
EPMF,Financiere Odet,France,Unknown,EUR,investpy
KOF,Kaufman Et Broad,France,Unknown,EUR,investpy
SOPR,Sopra Steria,France,Unknown,EUR,investpy
RUBF,Rubis,France,Unknown,EUR,investpy
ADUX,Hi Media,France,Unknown,EUR,investpy
PARP,Groupe Partouche,France,Unknown,EUR,investpy
SONO,NRJ Group,France,Unknown,EUR,investpy
ASY,Assystem,France,Unknown,EUR,investpy
GECI,GECI International,France,Unknown,EUR,investpy
BOND,Bonduelle,France,Unknown,EUR,investpy
STF,Stef,France,Unknown,EUR,investpy
SWOR,Sword,France,Unknown,EUR,investpy
AVOM,Avenir Telecom,France,Unknown,EUR,investpy
XPO,Xpo Logistics Europe,France,Unknown,EUR,investpy
UFFP,Union Financiere,France,Unknown,EUR,investpy
CNIM,CNIM Constr.,France,Unknown,EUR,investpy
LAEP,Aviation Latecoere,France,Unknown,EUR,investpy
VEIL,Viel Et Compagnie,France,Unknown,EUR,investpy
AVQ,Claranova,France,Unknown,EUR,investpy
LOUP,LDC,France,Unknown,EUR,investpy
PARRO,Parrot,France,Unknown,EUR,investpy
TFF,Tonnellerie Francois Freres,France,Unknown,EUR,investpy
CITT,Groupe Crit,France,Unknown,EUR,investpy
ALHRG,Herige,France,Unknown,EUR,investpy
IPAR,Inter Parfums,France,Unknown,EUR,investpy
CGR,CeGeREAL,France,Unknown,EUR,investpy
TGEL,Toupargel,France,Unknown,EUR,investpy
HIGH,High Co,France,Unknown,EUR,investpy
LECS,Lectra,France,Unknown,EUR,investpy
GFLO,Groupe Flo,France,Unknown,EUR,investpy
SPIS,Spir Communication,France,Unknown,EUR,investpy
ALBI,Gascogne,France,Unknown,EUR,investpy
THHG,Thermador,France,Unknown,EUR,investpy
MATP,Manutan,France,Unknown,EUR,investpy
LDSV,Linedata Services,France,Unknown,EUR,investpy
ALPHY,Ales Groupe,France,Unknown,EUR,investpy
LPER,Laurent-Perrier,France,Unknown,EUR,investpy
ALU10,U10,France,Unknown,EUR,investpy
ROBF,Robertet,France,Unknown,EUR,investpy
PHAI,Pharmagest Interactive,France,Unknown,EUR,investpy
MED6,Media 6,France,Unknown,EUR,investpy
GRBT,Guerbet,France,Unknown,EUR,investpy
IISP,SPII,France,Unknown,EUR,investpy
ALBOU,Bourrelier,France,Unknown,EUR,investpy
VRKP,Vranken-Pommery,France,Unknown,EUR,investpy
OPEN,Groupe Open,France,Unknown,EUR,investpy
SAMS,Samse,France,Unknown,EUR,investpy
MBRI,Mr Bricolage,France,Unknown,EUR,investpy
LAFU,Lafuma,France,Unknown,EUR,investpy
GLTN,Gl Events,France,Unknown,EUR,investpy
BAIN,Bains Mer Monaco,France,Unknown,EUR,investpy
ALPDX,Piscines Desjoyaux,France,Unknown,EUR,investpy
GDSF,Ramsay Generale De Sante,France,Unknown,EUR,investpy
FLMI,Fleury Michon,France,Unknown,EUR,investpy
HEXAO,Hexaom,France,Unknown,EUR,investpy
ALDAR,Damartex,France,Unknown,EUR,investpy
GAUM,Gaumont,France,Unknown,EUR,investpy
SIGF,CS Communication,France,Unknown,EUR,investpy
AFON,Afone,France,Unknown,EUR,investpy
CGDM,Cegedim,France,Unknown,EUR,investpy
PSBP,PSB Industries,France,Unknown,EUR,investpy
EXEP,Exel Industries,France,Unknown,EUR,investpy
CDAF,Alpes,France,Unknown,EUR,investpy
BVI,Bureau Veritas,France,Unknown,EUR,investpy
SEVI,Suez,France,Unknown,EUR,investpy
DBG,Derichebourg,France,Unknown,EUR,investpy
ICAD,ICADE,France,Unknown,EUR,investpy
ETGM,Netgem,France,Unknown,EUR,investpy
GETP,Getlink,France,Unknown,EUR,investpy
EURR,Euro Ressources,France,Unknown,EUR,investpy
EDEN,Edenred,France,Unknown,EUR,investpy
ATAR,Atari,France,Unknown,EUR,investpy
BOLL,Bollore,France,Unknown,EUR,investpy
TCH,Technicolor,France,Unknown,EUR,investpy
VCTP,Vicat,France,Unknown,EUR,investpy
ALLAN,Lanson BCC,France,Unknown,EUR,investpy
MBWS,Marie Brizard Wine & Spirits,France,Unknown,EUR,investpy
PROAC,Hubwoo,France,Unknown,EUR,investpy
ALECR,Eurofins-Cerep,France,Unknown,EUR,investpy
AXW,Axway,France,Unknown,EUR,investpy
JCQ,Jacquet Metal,France,Unknown,EUR,investpy
METEX,Metabolic Explorer,France,Unknown,EUR,investpy
VDLO,Videlio SA,France,Unknown,EUR,investpy
ABS,AB Science,France,Unknown,EUR,investpy
CFMP,Acanthe,France,Unknown,EUR,investpy
IMAF,Altarea,France,Unknown,EUR,investpy
ARGAN,Argan,France,Unknown,EUR,investpy
ASTP,A.S.T. Groupe,France,Unknown,EUR,investpy
C4X,Onxeo,France,Unknown,EUR,investpy
BZDK,Business Et Decision,France,Unknown,EUR,investpy
BDRP,Bourse Direct,France,Unknown,EUR,investpy
YAS,Cast,France,Unknown,EUR,investpy
ALDEV,Devernois,France,Unknown,EUR,investpy
ALDNX,DNXcorp,France,Unknown,EUR,investpy
EDSP,Electricite de Strasbourg,France,Unknown,EUR,investpy
EUMD,Euromedis,France,Unknown,EUR,investpy
COVH,Covivio Hotels,France,Unknown,EUR,investpy
GENX,Generix,France,Unknown,EUR,investpy
GOEG,Groupe Gorge,France,Unknown,EUR,investpy
GPEP,GPE Group Pizzorno,France,Unknown,EUR,investpy
IFDE,Indle Fin. Entrepr.,France,Unknown,EUR,investpy
ITXA,Intexa,France,Unknown,EUR,investpy
ALLDL,LDLC,France,Unknown,EUR,investpy
NVC,Lesnxconstructeurs,France,Unknown,EUR,investpy
TEDE,Moncey,France,Unknown,EUR,investpy
ARTE,Artea SA,France,Unknown,EUR,investpy
PARF,Paref,France,Unknown,EUR,investpy
PCAS,Pcas,France,Unknown,EUR,investpy
PRSW,Prologue,France,Unknown,EUR,investpy
SDIF,Sodifrance,France,Unknown,EUR,investpy
STEN,Stentys,France,Unknown,EUR,investpy
TERR,Terreis,France,Unknown,EUR,investpy
CBQP,Unibel,France,Unknown,EUR,investpy
BITI,ABC Arbitrage,France,Unknown,EUR,investpy
DTNC,Acteos,France,Unknown,EUR,investpy
MRSP,Actia,France,Unknown,EUR,investpy
ALDV,Alliance Develop,France,Unknown,EUR,investpy
ALDP,ADL Partner,France,Unknown,EUR,investpy
FPN,Fonciere Paris Nord,France,Unknown,EUR,investpy
ADVI,Advini,France,Unknown,EUR,investpy
AKA,Akka,France,Unknown,EUR,investpy
AMOS,Alpha Mos,France,Unknown,EUR,investpy
ALMP,Altamir,France,Unknown,EUR,investpy
AREIT,Altareit,France,Unknown,EUR,investpy
AUBT,Aubay,France,Unknown,EUR,investpy
AUCP,Augros,France,Unknown,EUR,investpy
AUER,Aurea,France,Unknown,EUR,investpy
AURS,Aures Tech,France,Unknown,EUR,investpy
ADVA,Advenis,France,Unknown,EUR,investpy
CDBP,Baccarat,France,Unknown,EUR,investpy
BBUI,Barbara Bui,France,Unknown,EUR,investpy
BATD,Bastide Le Confort,France,Unknown,EUR,investpy
BGBN,Bigben,France,Unknown,EUR,investpy
BLEE,Bleecker,France,Unknown,EUR,investpy
CBSM,SCBSM,France,Unknown,EUR,investpy
BULY,Burelle,France,Unknown,EUR,investpy
CAT31,Ca Toulouse 31 CCI,France,Unknown,EUR,investpy
CAFO,Cafom,France,Unknown,EUR,investpy
CAPLI,Capelli,France,Unknown,EUR,investpy
CRPP,Carpinienne Part.,France,Unknown,EUR,investpy
FCMC,Ferm. Casino Mun. Canne,France,Unknown,EUR,investpy
CFI,CFI,France,Unknown,EUR,investpy
CIBP,Cibox Inter A,France,Unknown,EUR,investpy
CCAP,Cambodge Nom.,France,Unknown,EUR,investpy
GALIM,Galimmo,France,Unknown,EUR,investpy
CTRG,CIS,France,Unknown,EUR,investpy
COHE,Coheris,France,Unknown,EUR,investpy
COLP,Colas,France,Unknown,EUR,investpy
CRTS,Courtois,France,Unknown,EUR,investpy
CARM,Carmila,France,Unknown,EUR,investpy
CROS,Crosswood,France,Unknown,EUR,investpy
ALCYB,Cybergun,France,Unknown,EUR,investpy
DALE,Dalet,France,Unknown,EUR,investpy
AVMD,Dassault Aviation,France,Unknown,EUR,investpy
ALDEL,Delfingen,France,Unknown,EUR,investpy
DLTA,Delta Plus,France,Unknown,EUR,investpy
DIGP,Digigram,France,Unknown,EUR,investpy
DMSP,Diagnostic Medical,France,Unknown,EUR,investpy
ECASA,ECA,France,Unknown,EUR,investpy
EGID,Egide,France,Unknown,EUR,investpy
EEMA,Viktoria Invest,France,Unknown,EUR,investpy
SFPI,Groupe Sfpi,France,Unknown,EUR,investpy
ALDUB,Encres Dubuit,France,Unknown,EUR,investpy
ESIG,ESI Group,France,Unknown,EUR,investpy
ECP,Europacorp,France,Unknown,EUR,investpy
PPCF,Exacompta Clairefontaine,France,Unknown,EUR,investpy
EEPC,Explosifs Prod Chimiques,France,Unknown,EUR,investpy
FSDV,Fayenc. Sarreguemi.,France,Unknown,EUR,investpy
FAUV,Fauvet Girel,France,Unknown,EUR,investpy
FFPP,FFP,France,Unknown,EUR,investpy
SACP,Fiducial Office,France,Unknown,EUR,investpy
PADI,Fiducial RE,France,Unknown,EUR,investpy
ILSB,Fin. Etang Berre,France,Unknown,EUR,investpy
FINM,Financiere Marjos,France,Unknown,EUR,investpy
LINP,Finatis,France,Unknown,EUR,investpy
FIPP,FIPP,France,Unknown,EUR,investpy
BLIM,Fonciere 7 Invest,France,Unknown,EUR,investpy
FATL,Fonciere Atland,France,Unknown,EUR,investpy
LOEX,Fonciere Euris,France,Unknown,EUR,investpy
INEA,Fonciere Inea,France,Unknown,EUR,investpy
FLYP,Fonciere Lyonnaise,France,Unknown,EUR,investpy
SPOE,Fonciere Volta,France,Unknown,EUR,investpy
SFCA,Soc Franc Casinos,France,Unknown,EUR,investpy
FREY,Frey,France,Unknown,EUR,investpy
FROB,Fromageries Bel,France,Unknown,EUR,investpy
GEAP,GEA,France,Unknown,EUR,investpy
JAJP,Groupe JAJ SA,France,Unknown,EUR,investpy
GTCN,Guillemot,France,Unknown,EUR,investpy
HFCO,HF,France,Unknown,EUR,investpy
ALHIO,Hiolle,France,Unknown,EUR,investpy
LZTL,Hotels De Paris,France,Unknown,EUR,investpy
IDVP,IDI,France,Unknown,EUR,investpy
IGXA,IGE + XAO,France,Unknown,EUR,investpy
FINA,Immob. Dassault,France,Unknown,EUR,investpy
ARTO,Artois Nom.,France,Unknown,EUR,investpy
ETOF,Infotel,France,Unknown,EUR,investpy
IPH,Innate Pharma,France,Unknown,EUR,investpy
INN,Innelec,France,Unknown,EUR,investpy
OLLI,Installux,France,Unknown,EUR,investpy
IRD,Groupe IRD,France,Unknown,EUR,investpy
ITLI,IT Link,France,Unknown,EUR,investpy
ITFT,Itesoft,France,Unknown,EUR,investpy
ITS,ITS Group,France,Unknown,EUR,investpy
JBOG,Jacques Bogart,France,Unknown,EUR,investpy
KEYR,Keyrus,France,Unknown,EUR,investpy
CHSS,Chausseria,France,Unknown,EUR,investpy
LACP,Lacroix,France,Unknown,EUR,investpy
LBEL,Belier,France,Unknown,EUR,investpy
LNA,Le Noble Age,France,Unknown,EUR,investpy
ALTAN,Le Tanneur,France,Unknown,EUR,investpy
LEBO,Lebon,France,Unknown,EUR,investpy
ALLEX,Lexibook Linguistic,France,Unknown,EUR,investpy
MFBP,Malteries FCO-Belges,France,Unknown,EUR,investpy
EFIN,Eurasia Fonciere,France,Unknown,EUR,investpy
ALMEC,Mecelec,France,Unknown,EUR,investpy
DEDAL,Medasys,France,Unknown,EUR,investpy
MEMS,Memscap,France,Unknown,EUR,investpy
AKW,Akwel,France,Unknown,EUR,investpy
MIPO,Micropole,France,Unknown,EUR,investpy
MRM,M.R.M,France,Unknown,EUR,investpy
MUSE,Musee Grevin,France,Unknown,EUR,investpy
NRO,Neurones,France,Unknown,EUR,investpy
ALNSC,NSC Groupe,France,Unknown,EUR,investpy
SABT,Oeneo,France,Unknown,EUR,investpy
OLG,Olympique Lyonnais,France,Unknown,EUR,investpy
ORPF,Orapi,France,Unknown,EUR,investpy
KAZI,Orchestra Premaman,France,Unknown,EUR,investpy
ROTH,Rothschild & Co,France,Unknown,EUR,investpy
PASS,Passat,France,Unknown,EUR,investpy
PATC,Patrimoine Et Comm,France,Unknown,EUR,investpy
GPIF,Perrier Gerard,France,Unknown,EUR,investpy
PLVP,Plastiques du Val de Loire,France,Unknown,EUR,investpy
CATGR,Catana Group,France,Unknown,EUR,investpy
PREP,Precia,France,Unknown,EUR,investpy
ALPRI,Prismaflex,France,Unknown,EUR,investpy
HOP,Public Systeme Hopscotch,France,Unknown,EUR,investpy
LBIRD,Societe Quantel,France,Unknown,EUR,investpy
RIBE,Riber,France,Unknown,EUR,investpy
ALRGR,Rougier,France,Unknown,EUR,investpy
SABL,Sabeton,France,Unknown,EUR,investpy
SELER,Selectirente,France,Unknown,EUR,investpy
GIRO,Signaux Girod,France,Unknown,EUR,investpy
SIPH,SIPH,France,Unknown,EUR,investpy
SDTC,Soditech Ingenierie,France,Unknown,EUR,investpy
SPBS,Sofibus Patrimoine,France,Unknown,EUR,investpy
SRAG,Sofragi,France,Unknown,EUR,investpy
SCLR,Sogeclair,France,Unknown,EUR,investpy
WAVE,Wavestone,France,Unknown,EUR,investpy
DAMA,Somfy,France,Unknown,EUR,investpy
SQLI,SQLi,France,Unknown,EUR,investpy
DPTP,ST Dupont,France,Unknown,EUR,investpy
SESL,SES Imagotag,France,Unknown,EUR,investpy
TYNN,Tayninh,France,Unknown,EUR,investpy
TIPK,Tipiak,France,Unknown,EUR,investpy
TIVO,Tivoly,France,Unknown,EUR,investpy
TETR,Touax,France,Unknown,EUR,investpy
TEIF,Societe de la Tour Eiffel,France,Unknown,EUR,investpy
SMTPC,SMTPC,France,Unknown,EUR,investpy
ALUMS,Umanis,France,Unknown,EUR,investpy
UTIN,Union Technologies,France,Unknown,EUR,investpy
TCNP,Verneuil,France,Unknown,EUR,investpy
VETO,Vetoquinol,France,Unknown,EUR,investpy
VDNT,Visiodent,France,Unknown,EUR,investpy
VLS,Valneva,France,Unknown,EUR,investpy
VLTZ,Graines Voltz,France,Unknown,EUR,investpy
XIL,Xilam,France,Unknown,EUR,investpy
OFP,Officiis Properties,France,Unknown,EUR,investpy
DPAP,Docks des Petroles dAmbes,France,Unknown,EUR,investpy
AGTA,Agta Record,France,Unknown,EUR,investpy
ALCLS,Cellectis,France,Unknown,EUR,investpy
ALERS,Eurobio Scientific,France,Unknown,EUR,investpy
ALGEN,Genoway,France,Unknown,EUR,investpy
GNFT,Genfit,France,Unknown,EUR,investpy
ALHYG,Hybrigenics,France,Unknown,EUR,investpy
ALINT,Integragen,France,Unknown,EUR,investpy
ALNEV,Neovacs,France,Unknown,EUR,investpy
ALVIA,Vialife,France,Unknown,EUR,investpy
ALODI,O2I,France,Unknown,EUR,investpy
KORI,Korian Medica,France,Unknown,EUR,investpy
EURA,Eurazeo,France,Unknown,EUR,investpy
CATR,Caterpillar,France,Unknown,EUR,investpy
MRK,Merck&Co,France,Unknown,EUR,investpy
HBC,HSBC,France,Unknown,EUR,investpy
DGE,Diageo,France,Unknown,EUR,investpy
GNE,General Electric,France,Unknown,EUR,investpy
MKEA,Mauna Kea Tech,France,Unknown,EUR,investpy
PRC,Artprice Com,France,Unknown,EUR,investpy
ADOC,Adocia,France,Unknown,EUR,investpy
BRCP,Brasserie Cameroun,France,Unknown,EUR,investpy
CADNi,CRCAM Nord,France,Unknown,EUR,investpy
CALCi,CRCAM Atlantique,France,Unknown,EUR,investpy
CBOT,CBO Territoria,France,Unknown,EUR,investpy
CFOA,Fin. Ouest Africain,France,Unknown,EUR,investpy
CRBP2,CRCAM Brie Picardie 2,France,Unknown,EUR,investpy
CRLA,CRCAM Langued,France,Unknown,EUR,investpy
DBV,DBV Technologies,France,Unknown,EUR,investpy
EGAB,Total Gabon,France,Unknown,EUR,investpy
EOSI,EOS Imaging,France,Unknown,EUR,investpy
FOEQ,Forestiere Equatoriale,France,Unknown,EUR,investpy
IDLA,ID Logistics,France,Unknown,EUR,investpy
VMX,Inside Secure,France,Unknown,EUR,investpy
NANOB,Nanobiotix,France,Unknown,EUR,investpy
TLVB,Televerbier,France,Unknown,EUR,investpy
FNAC,Groupe FNAC,France,Unknown,EUR,investpy
ALIMP,Implanet,France,Unknown,EUR,investpy
EKI,Ekinops SA,France,Unknown,EUR,investpy
ALMIL,1000mercis SA,France,Unknown,EUR,investpy
ALVDM,Voyageurs du Monde SA,France,Unknown,EUR,investpy
ALEUP,Europlasma SA,France,Unknown,EUR,investpy
SPIE,Spie,France,Unknown,EUR,investpy
ALPCI,Primecity Investment,France,Unknown,EUR,investpy
MLFDV,Franck Deville SA,France,Unknown,EUR,investpy
ALDR,Delta Drone SA,France,Unknown,EUR,investpy
MLGEL,Gel Groupe SA,France,Unknown,EUR,investpy
ALICR,I.Ceram SA,France,Unknown,EUR,investpy
MLMUL,Mulann SA,France,Unknown,EUR,investpy
MLCIO,Cioa,France,Unknown,EUR,investpy
SLBP,Schlumberger,France,Unknown,EUR,investpy
ALCOI,Coil,France,Unknown,EUR,investpy
ALHEO,H2O Innovation Inc,France,Unknown,EUR,investpy
ALANT,Antevenio,France,Unknown,EUR,investpy
ALGEV,Gevelot,France,Unknown,EUR,investpy
ALBDM,Bd Multimedia,France,Unknown,EUR,investpy
ALESK,Esker,France,Unknown,EUR,investpy
CRAP,Crcam Alp.Prov,France,Unknown,EUR,investpy
CCNP,Crcam Norm.Sei,France,Unknown,EUR,investpy
ALADO,Adomos,France,Unknown,EUR,investpy
ALLOG,Logic Instrume,France,Unknown,EUR,investpy
ALENR,Entreprendre,France,Unknown,EUR,investpy
CIV,Crcam Ille-Vil,France,Unknown,EUR,investpy
CRLO,Crcam Loire Ht,France,Unknown,EUR,investpy
CRTO,Crcam Touraine,France,Unknown,EUR,investpy
CRSU,Crcam Sud RA,France,Unknown,EUR,investpy
CAIF,Crcam Paris Et,France,Unknown,EUR,investpy
CMO,Crcam Morbihan,France,Unknown,EUR,investpy
ALGIL,Groupe Guillin,France,Unknown,EUR,investpy
ALADA,Ada,France,Unknown,EUR,investpy
ALCOF,Cofidur,France,Unknown,EUR,investpy
ALSIP,Si Participations,France,Unknown,EUR,investpy
ALIDS,Idsud,France,Unknown,EUR,investpy
ALPJT,Poujoulat,France,Unknown,EUR,investpy
ALDBL,Bernard Loisea,France,Unknown,EUR,investpy
ALMAK,Makheia Group,France,Unknown,EUR,investpy
ALATF,Artefact,France,Unknown,EUR,investpy
ALDOL,Dolphin Integr,France,Unknown,EUR,investpy
ALVIV,Visiativ,France,Unknown,EUR,investpy
ALMIC,Microwave Visi,France,Unknown,EUR,investpy
ALNSE,NSE SA,France,Unknown,EUR,investpy
ALCLA,Clasquin,France,Unknown,EUR,investpy
ALVER,Vergnet,France,Unknown,EUR,investpy
ALMAS,Mastrad,France,Unknown,EUR,investpy
ALTVO,Evolis,France,Unknown,EUR,investpy
ALNXT,Nextedia,France,Unknown,EUR,investpy
ALBUD,Budget Telecom,France,Unknown,EUR,investpy
ALBLD,Bilendi,France,Unknown,EUR,investpy
ALMED,Medicrea Int.,France,Unknown,EUR,investpy
ALFRE,Freelance.Com,France,Unknown,EUR,investpy
TKTT,Tarkett,France,Unknown,EUR,investpy
ALTHE,Theradiag,France,Unknown,EUR,investpy
ALI2S,I2S,France,Unknown,EUR,investpy
ALLHB,Les Hotels Bav,France,Unknown,EUR,investpy
ALIVA,Ivalis,France,Unknown,EUR,investpy
ALBFR,Sidetrade,France,Unknown,EUR,investpy
ALMGI,Mg Internation,France,Unknown,EUR,investpy
ALHVS,Harvest,France,Unknown,EUR,investpy
ALVEL,Velcan,France,Unknown,EUR,investpy
ALEZV,Easyvista,France,Unknown,EUR,investpy
ALS30,Solutions 30,France,Unknown,EUR,investpy
ALTEV,Environnement,France,Unknown,EUR,investpy
ALINN,Millet Innov.,France,Unknown,EUR,investpy
ALPRO,Prodware,France,Unknown,EUR,investpy
ALOBR,Ober,France,Unknown,EUR,investpy
ALWEB,Weborama,France,Unknown,EUR,investpy
ALUPG,Upergy,France,Unknown,EUR,investpy
ALAQU,Aquila SA,France,Unknown,EUR,investpy
ALGAU,Gaussin,France,Unknown,EUR,investpy
ALMDG,MGI Digital,France,Unknown,EUR,investpy
ALDIE,Dietswell,France,Unknown,EUR,investpy
ALTUR,Altur Inv,France,Unknown,EUR,investpy
ALHIT,Hitechpros,France,Unknown,EUR,investpy
ALNOV,Novacyt,France,Unknown,EUR,investpy
ALAMG,Auplata,France,Unknown,EUR,investpy
ALTRI,Trilogiq,France,Unknown,EUR,investpy
ALDSL,D.L.S.I,France,Unknown,EUR,investpy
ALENT,Entreparticuli,France,Unknown,EUR,investpy
ALGEM,Eurogerm,France,Unknown,EUR,investpy
ALADM,Adthink Media,France,Unknown,EUR,investpy
ALEO2,EO2,France,Unknown,EUR,investpy
ALFPC,Fountaine Pajo,France,Unknown,EUR,investpy
ALIMO,Groupimo,France,Unknown,EUR,investpy
ALALO,Acheter Louer,France,Unknown,EUR,investpy
ALROC,Roctool,France,Unknown,EUR,investpy
SSI,Supersonic Imagine,France,Unknown,EUR,investpy
ALSTW,Streamwide,France,Unknown,EUR,investpy
ALCES,Cesar,France,Unknown,EUR,investpy
OREGE,Orege,France,Unknown,EUR,investpy
ALAGR,Agrogeneration,France,Unknown,EUR,investpy
COFA,Coface,France,Unknown,EUR,investpy
ALWED,Wedia,France,Unknown,EUR,investpy
ALMER,Sapmer,France,Unknown,EUR,investpy
ALMNG,Madvertise,France,Unknown,EUR,investpy
ALREW,Reworld Media,France,Unknown,EUR,investpy
ALDEI,Deinove,France,Unknown,EUR,investpy
ALQWA,Custom Solutions,France,Unknown,EUR,investpy
ALCAR,Carmat,France,Unknown,EUR,investpy
ALBIO,Biosynex,France,Unknown,EUR,investpy
ALMOU,Moulinvest,France,Unknown,EUR,investpy
ALACT,Groupe Actiplay,France,Unknown,EUR,investpy
ALMDT,Mediantechn,France,Unknown,EUR,investpy
ALGBE,Glob Bioenergi,France,Unknown,EUR,investpy
ALTBG,The Blockchain,France,Unknown,EUR,investpy
ALVMG,Visiomed Group,France,Unknown,EUR,investpy
ALUCR,Ucar,France,Unknown,EUR,investpy
ALCOG,Cogra,France,Unknown,EUR,investpy
ALINS,Intrasense,France,Unknown,EUR,investpy
ALGLD,Gold By Gold,France,Unknown,EUR,investpy
ALMET,Methanor,France,Unknown,EUR,investpy
FALG,Fermentalg,France,Unknown,EUR,investpy
ALGEP,Global Ecopowe,France,Unknown,EUR,investpy
ALSPW,Spineway,France,Unknown,EUR,investpy
ALSGD,Spineguard,France,Unknown,EUR,investpy
ERYP,Erytech Pharma,France,Unknown,EUR,investpy
MAGIS,Ymagis,France,Unknown,EUR,investpy
ALMND,Montagne et Neige,France,Unknown,EUR,investpy
BLUE,Blue,France,Unknown,EUR,investpy
ALCRB,Carbios,France,Unknown,EUR,investpy
FGA,Figeac Aero,France,Unknown,EUR,investpy
ALCJ,Crossject,France,Unknown,EUR,investpy
GTT,GTT,France,Unknown,EUR,investpy
MCPHY,Mcphy Energy,France,Unknown,EUR,investpy
ALONC,Oncodesign,France,Unknown,EUR,investpy
GKTX,GenKyoTex,France,Unknown,EUR,investpy
GVI,Genomicvision,France,Unknown,EUR,investpy
AWOX,Awox,France,Unknown,EUR,investpy
ALREA,Realites,France,Unknown,EUR,investpy
ALUCI,Lucibel,France,Unknown,EUR,investpy
PIX,Pixium Vision,France,Unknown,EUR,investpy
SEFER,Sergeferrari G,France,Unknown,EUR,investpy
ELIOR,Elior Group,France,Unknown,EUR,investpy
PID,Paragon Id,France,Unknown,EUR,investpy
ATEME,Ateme,France,Unknown,EUR,investpy
MSTY,Mainstay Medical,France,Unknown,EUR,investpy
IAM,Itissalat Al-Maghrib,France,Unknown,EUR,investpy
ENX,Euronext,France,Unknown,EUR,investpy
VALED3,Vale ADR,France,Unknown,EUR,investpy
FBAP,Fashion B Air,France,Unknown,EUR,investpy
ALEMV,Emova SA,France,Unknown,EUR,investpy
ALFIL,Filae,France,Unknown,EUR,investpy
ALSER,Serma Technologies,France,Unknown,EUR,investpy
ALSAS,Stradim Espace Finances,France,Unknown,EUR,investpy
ALOCA,Oceasoft SAS,France,Unknown,EUR,investpy
ALTRA,Traqueur SA,France,Unknown,EUR,investpy
ALSIM,Assima PLC,France,Unknown,EUR,investpy
ALBLU,Bluelinea SA,France,Unknown,EUR,investpy
ALTHER,Theraclion SA,France,Unknown,EUR,investpy
ALANV,Anevia SA,France,Unknown,EUR,investpy
ALPLA,Planet.FR SA,France,Unknown,EUR,investpy
AIRFxb,Air France KLM,France,Unknown,EUR,investpy
ALSAF,Safe Orthopaedics SA,France,Unknown,EUR,investpy
ELIS,Elis Services SA,France,Unknown,EUR,investpy
ALFOC,Focus Home,France,Unknown,EUR,investpy
ALTRO,TronicS Microsystems,France,Unknown,EUR,investpy
POXEL,Poxel SA,France,Unknown,EUR,investpy
ALTTI,Travel Technology Interactive,France,Unknown,EUR,investpy
ALEUA,Eurasia Groupe Sa,France,Unknown,EUR,investpy
ALQGC,Quantum Genomics SA,France,Unknown,EUR,investpy
MLSUM,Sumo Resources PLC,France,Unknown,EUR,investpy
ALESA,Ecoslops SA,France,Unknown,EUR,investpy
ALPAT,Plant Advanced Technologies SA,France,Unknown,EUR,investpy
ABNX,Abionyx Pharma SA,France,Unknown,EUR,investpy
OSE,Ose Pharma International SA,France,Unknown,EUR,investpy
ALSEN,Sensorion SA,France,Unknown,EUR,investpy
EPS,Electro Power Systems SA,France,Unknown,EUR,investpy
ALDRV,Drone Volt,France,Unknown,EUR,investpy
MLIDP,Innovaderma,France,Unknown,EUR,investpy
VLTSA,Voltalia SA,France,Unknown,EUR,investpy
MLPRO,Skill Gaming,France,Unknown,EUR,investpy
ALUNT,Uniti SA,France,Unknown,EUR,investpy
WLN,Worldline SA,France,Unknown,EUR,investpy
ALLIX,Wallix Group SA,France,Unknown,EUR,investpy
ABVX,Abivax SA,France,Unknown,EUR,investpy
AMPLI,Amplitude Surgical SAS,France,Unknown,EUR,investpy
EUCAR,Europcar Groupe SA,France,Unknown,EUR,investpy
HIPAY,Hipay Group SA,France,Unknown,EUR,investpy
ALBPS,Institut Biophytis SAS,France,Unknown,EUR,investpy
ALCOR,Biocorp Production SA,France,Unknown,EUR,investpy
AMEBA,Amoeba SA,France,Unknown,EUR,investpy
CLNV,Cellnovo Group SA,France,Unknown,EUR,investpy
LHN,LafargeHolcim,France,Unknown,EUR,investpy
MLGEQ,Gentlemen’s Equity,France,Unknown,EUR,investpy
MLVAL,Valoneo SASU,France,Unknown,EUR,investpy
MLIFE,Global Health Group,France,Unknown,EUR,investpy
MLORC,Orclass.com SA,France,Unknown,EUR,investpy
MLAEM,Ashler et Manson SARL,France,Unknown,EUR,investpy
MLDYH,Design Your Home Holding AB,France,Unknown,EUR,investpy
MLSKN,Microskin,France,Unknown,EUR,investpy
ALFST,Technofirst SA,France,Unknown,EUR,investpy
MLDTB,Datbim SA,France,Unknown,EUR,investpy
MLOVE,4Service Cloud Tech Ltd,France,Unknown,EUR,investpy
SRPG,SRP Groupe SA,France,Unknown,EUR,investpy
ALKKO,Kko Intl,France,Unknown,EUR,investpy
AMUN,Amundi,France,Unknown,EUR,investpy
MLCMG,Compagnie Miniere Grecemar SA,France,Unknown,EUR,investpy
MLHK,Heckler & Koch Beteiligungs AG,France,Unknown,EUR,investpy
NOKIA,Nokia Oyj,France,Unknown,EUR,investpy
ALPOU,Poulaillon SA,France,Unknown,EUR,investpy
MLCLI,Maison Clio Blue SA,France,Unknown,EUR,investpy
ALDBT,DBT SA,France,Unknown,EUR,investpy
ALMLB,Miliboo SA,France,Unknown,EUR,investpy
ALIMR,Immersion SA,France,Unknown,EUR,investpy
ALWEC,WeConnect,France,Unknown,EUR,investpy
MLOSA,O Sorbet d’Amour,France,Unknown,EUR,investpy
MLAAT,Azorean Aquatic Tech,France,Unknown,EUR,investpy
ALWIT,Witbe Net,France,Unknown,EUR,investpy
GNRO,Geneuro,France,Unknown,EUR,investpy
ALQP,Quadpack Industries,France,Unknown,EUR,investpy
MLSFI,Swiss Fintec Invest,France,Unknown,EUR,investpy
ALKLK,Kerlink,France,Unknown,EUR,investpy
MDM,Maisons du Monde,France,Unknown,EUR,investpy
MLSDN,La Savonnerie de Nyons,France,Unknown,EUR,investpy
LFDE,La Francaise de l'Energie,France,Unknown,EUR,investpy
ALPCV,Cerinnov Group,France,Unknown,EUR,investpy
STID,Streit Mecanique,France,Unknown,EUR,investpy
ALENE,Enertime,France,Unknown,EUR,investpy
SIGHT,Gensight Biologics,France,Unknown,EUR,investpy
ALINV,Invibes Advertising,France,Unknown,EUR,investpy
MLUTP,Un Toit Pour Toi,France,Unknown,EUR,investpy
PHARN,Pharnext,France,Unknown,EUR,investpy
3CHN,Les Trois Chenes,France,Unknown,EUR,investpy
ALTXC,Txcom,France,Unknown,EUR,investpy
ARDPa,Les Motocycles Ardoin Saint Amand,France,Unknown,EUR,investpy
BLBP,Financiere Hoche Bains les Bains,France,Unknown,EUR,investpy
CHMS,Mont Blanc,France,Unknown,EUR,investpy
CHRA,Imprimerie Chirat,France,Unknown,EUR,investpy
CNV,Cnova,France,Unknown,EUR,investpy
CSCE,Lombard Et Medot,France,Unknown,EUR,investpy
DJTK,Digitech,France,Unknown,EUR,investpy
DYND,Dynafond,France,Unknown,EUR,investpy
EARO,Eaux de Royan,France,Unknown,EUR,investpy
EDDS,Editions du Signe,France,Unknown,EUR,investpy
IDSP,IDS,France,Unknown,EUR,investpy
KRNI,Groupe Carnivor,France,Unknown,EUR,investpy
ML350,As,France,Unknown,EUR,investpy
MLAAH,Amatheon Agri,France,Unknown,EUR,investpy
MLBAT,Batla Minerals,France,Unknown,EUR,investpy
MLCEC,Cecurity.com,France,Unknown,EUR,investpy
MLERO,Euroland Corporate,France,Unknown,EUR,investpy
MLETA,Metalliance,France,Unknown,EUR,investpy
MLFIR,Firstcaution,France,Unknown,EUR,investpy
MLFTI,France Tourisme Immobilier,France,Unknown,EUR,investpy
MLFXO,Finaxo Environnement,France,Unknown,EUR,investpy
MLGES,Green Energy 4 Seasons,France,Unknown,EUR,investpy
MLIML,Imalliance,France,Unknown,EUR,investpy
MLLED,Novaday,France,Unknown,EUR,investpy
MLMFI,Medical Franchises,France,Unknown,EUR,investpy
MLMON,MonFinancier,France,Unknown,EUR,investpy
MLOLM,Olmix,France,Unknown,EUR,investpy
MLONE,Body One,France,Unknown,EUR,investpy
MLPFX,Parfex,France,Unknown,EUR,investpy
MLRAM,Raphael Michel,France,Unknown,EUR,investpy
MLSEQ,Sequa Petroleum,France,Unknown,EUR,investpy
MLSML,Smalto,France,Unknown,EUR,investpy
MLUMG,Umalis Group,France,Unknown,EUR,investpy
MLV4S,Les verandas 4 saisons,France,Unknown,EUR,investpy
MLVIS,Visio Nerf,France,Unknown,EUR,investpy
MLWEY,Weya,France,Unknown,EUR,investpy
NEWS,Nicolas Miguet et Associes,France,Unknown,EUR,investpy
NWZI,News Invest,France,Unknown,EUR,investpy
PGOA,PGO Automobiles,France,Unknown,EUR,investpy
PLAP,Placoplatre,France,Unknown,EUR,investpy
ROBFi,Robertet,France,Unknown,EUR,investpy
SION,Simo Intl,France,Unknown,EUR,investpy
UMHS,Union Metallurgique De La Haute Seine,France,Unknown,EUR,investpy
ZCCM,ZCCM Investments,France,Unknown,EUR,investpy
ALNLF,Neolife,France,Unknown,EUR,investpy
ALNOX,Noxxon Pharma,France,Unknown,EUR,investpy
ABEO,Abeo SAS,France,Unknown,EUR,investpy
ALPAR,Groupe Parot,France,Unknown,EUR,investpy
ALPHS,Pharmasimple,France,Unknown,EUR,investpy
MLGML,Gour Medical,France,Unknown,EUR,investpy
ALHSW,Horizontal Software,France,Unknown,EUR,investpy
NEXTS,Nexstage Am,France,Unknown,EUR,investpy
DRIS,Damaris,France,Unknown,EUR,investpy
MLMMC,Multimicrocloud,France,Unknown,EUR,investpy
ALOSM,Osmozis,France,Unknown,EUR,investpy
LYS,Lysogene,France,Unknown,EUR,investpy
IVAA,Inventiva,France,Unknown,EUR,investpy
TKOO,Tikehau Capital Partners,France,Unknown,EUR,investpy
MLCHE,Cheops Technology,France,Unknown,EUR,investpy
XFAB,X Fab Silicon,France,Unknown,EUR,investpy
MDW,Mediawan,France,Unknown,EUR,investpy
PWG,Prodways,France,Unknown,EUR,investpy
ALVAL,Valbiotis,France,Unknown,EUR,investpy
BALYO,Balyo,France,Unknown,EUR,investpy
ALDA,ALD,France,Unknown,EUR,investpy
ANTAL,Antalis,France,Unknown,EUR,investpy
MLAHC,Health,France,Unknown,EUR,investpy
ALUVI,UV Germi,France,Unknown,EUR,investpy
ALMII,Maison Internationale Informatique,France,Unknown,EUR,investpy
BUP,BIOM UP,France,Unknown,EUR,investpy
ALARF,Adeunis,France,Unknown,EUR,investpy
MLALV,Alveen,France,Unknown,EUR,investpy
SMCP,Smcp,France,Unknown,EUR,investpy
ALTHX,Theranexus,France,Unknown,EUR,investpy
ADVIC,Advicenne,France,Unknown,EUR,investpy
ALVU,Vente Unique.com,France,Unknown,EUR,investpy
ALOXA,Oxatis,France,Unknown,EUR,investpy
MLOCT,Octopus Robots,France,Unknown,EUR,investpy
ALDNE,DONTNOD Entertainment,France,Unknown,EUR,investpy
ALNN6,Enensys Technologies,France,Unknown,EUR,investpy
VTX,Voluntis,France,Unknown,EUR,investpy
COGEC,Cogelec,France,Unknown,EUR,investpy
ALKAL,Kalray,France,Unknown,EUR,investpy
MLPRXP,Parx Plastics,France,Unknown,EUR,investpy
2CRSI,2Crsi,France,Unknown,EUR,investpy
ALORD,Ordissimo,France,Unknown,EUR,investpy
ALTUV,BIO UV,France,Unknown,EUR,investpy
RBO,Roche Bobois,France,Unknown,EUR,investpy
ALAVY,Audiovalley,France,Unknown,EUR,investpy
NAVYA,Navya,France,Unknown,EUR,investpy
MLGDI,Guandao Puer,France,Unknown,EUR,investpy
ALMBG,MyBest Group,France,Unknown,EUR,investpy
MEDCL,Medincell,France,Unknown,EUR,investpy
NEOEN,Neoen,France,Unknown,EUR,investpy
ALVGO,VOGO,France,Unknown,EUR,investpy
ALPRE,Predilife,France,Unknown,EUR,investpy
ALLLN,Lleidanetworks Serveis Telematics,France,Unknown,EUR,investpy
ALBKK,Baikowski,France,Unknown,EUR,investpy
ALCUR,Arcure,France,Unknown,EUR,investpy
MLWRC,Whiteni R Cajal,France,Unknown,EUR,investpy
MLVAP,Kumulus Vape,France,Unknown,EUR,investpy
MLEAS,Easson Holdings,France,Unknown,EUR,investpy
ALEAC,Ediliziacrobatica,France,Unknown,EUR,investpy
ALGTR,Groupe Tera,France,Unknown,EUR,investpy
MLAGA,Agartha Real Estate,France,Unknown,EUR,investpy
MLIPO,Iposa,France,Unknown,EUR,investpy
ALPER,La Perla,France,Unknown,EUR,investpy
VRLA,Verallia Deutschland,France,Unknown,EUR,investpy
BOOST,Boostheat,France,Unknown,EUR,investpy
ALAGP,Agripower,France,Unknown,EUR,investpy
FDJ,La Francaise,France,Unknown,EUR,investpy
TLIT,Telecom Italia,Italy,Unknown,EUR,investpy
FCHA,Fiat,Italy,Unknown,EUR,investpy
GASI,Generali,Italy,Unknown,EUR,investpy
SRG,Snam,Italy,Unknown,EUR,investpy
PIRC,Pirelli & C,Italy,Unknown,EUR,investpy
UBI,UBI Banca,Italy,Unknown,EUR,investpy
IOL,Italiaonline,Italy,Unknown,EUR,investpy
PRY,Prysmian,Italy,Unknown,EUR,investpy
ISP,Intesa Sanpaolo,Italy,Unknown,EUR,investpy
CRDI,UniCredit,Italy,Unknown,EUR,investpy
BMED,Banca Mediolanum,Italy,Unknown,EUR,investpy
LDOF,Leonardo,Italy,Unknown,EUR,investpy
ENEI,Enel,Italy,Unknown,EUR,investpy
TENR,Tenaris,Italy,Unknown,EUR,investpy
ENI,ENI,Italy,Unknown,EUR,investpy
UNPI,Unipol Gruppo,Italy,Unknown,EUR,investpy
BMPS,BCA MPS,Italy,Unknown,EUR,investpy
BZU,Buzzi Unicem,Italy,Unknown,EUR,investpy
A2,A2A,Italy,Unknown,EUR,investpy
ATL,Atlantia,Italy,Unknown,EUR,investpy
SALI,Salini Impregilo,Italy,Unknown,EUR,investpy
TRN,Terna,Italy,Unknown,EUR,investpy
US,UnipolSai Assicurazioni,Italy,Unknown,EUR,investpy
MDBI,Mediobanca,Italy,Unknown,EUR,investpy
AGL,Autogrill,Italy,Unknown,EUR,investpy
BAMI,Banco Bpm,Italy,Unknown,EUR,investpy
MS,Mediaset,Italy,Unknown,EUR,investpy
SPMI,Saipem,Italy,Unknown,EUR,investpy
GEDI,GEDI Gruppo Editoriale,Italy,Unknown,EUR,investpy
MOED,Mondadori Editore,Italy,Unknown,EUR,investpy
TIS,Tiscali,Italy,Unknown,EUR,investpy
AZMT,Azimut Holding,Italy,Unknown,EUR,investpy
GEO,Geox,Italy,Unknown,EUR,investpy
EXOR,Exor,Italy,Unknown,EUR,investpy
CIRX,CIR,Italy,Unknown,EUR,investpy
CPRI,Campari,Italy,Unknown,EUR,investpy
CARRA,Carraro,Italy,Unknown,EUR,investpy
SRS,Saras,Italy,Unknown,EUR,investpy
EMII,Bper Banca,Italy,Unknown,EUR,investpy
DIAS,Diasorin,Italy,Unknown,EUR,investpy
SFER,Salvatore Ferragamo,Italy,Unknown,EUR,investpy
TOD,Tod’s,Italy,Unknown,EUR,investpy
ACE,ACEA,Italy,Unknown,EUR,investpy
REST,Restart,Italy,Unknown,EUR,investpy
AMPF,Amplifon,Italy,Unknown,EUR,investpy
ASCI,Ascopiave,Italy,Unknown,EUR,investpy
ASR,Roma,Italy,Unknown,EUR,investpy
AST,Astaldi,Italy,Unknown,EUR,investpy
ATMI,ASTM,Italy,Unknown,EUR,investpy
BGN,Banca Generali,Italy,Unknown,EUR,investpy
BPSI,Banca Popolare Sondrio,Italy,Unknown,EUR,investpy
BRBI,Freni Brembo,Italy,Unknown,EUR,investpy
COFI,Cofide,Italy,Unknown,EUR,investpy
CRGI,Banca Carige,Italy,Unknown,EUR,investpy
DAL,Datalogic,Italy,Unknown,EUR,investpy
DANI,Danieli & C,Italy,Unknown,EUR,investpy
DEA,DeA Capital,Italy,Unknown,EUR,investpy
DLG,De Longhi,Italy,Unknown,EUR,investpy
EEMS,EEMS,Italy,Unknown,EUR,investpy
ERG,ERG,Italy,Unknown,EUR,investpy
AA4,Falck,Italy,Unknown,EUR,investpy
HRA,Hera,Italy,Unknown,EUR,investpy
IGD,IGD,Italy,Unknown,EUR,investpy
IMAI,IMA,Italy,Unknown,EUR,investpy
ITPG,Interpump,Italy,Unknown,EUR,investpy
IREE,Iren,Italy,Unknown,EUR,investpy
IKG,Intek,Italy,Unknown,EUR,investpy
LR,Landi Renzo,Italy,Unknown,EUR,investpy
MTCM,Maire Tecnimont,Italy,Unknown,EUR,investpy
PIA,Piaggio&C,Italy,Unknown,EUR,investpy
PRO,Banca Profilo,Italy,Unknown,EUR,investpy
RCSM,RCS MediaGroup,Italy,Unknown,EUR,investpy
RECI,Recordati,Italy,Unknown,EUR,investpy
SFLG,Safilo Group,Italy,Unknown,EUR,investpy
SIS,SIAS,Italy,Unknown,EUR,investpy
SGFI,Sogefi,Italy,Unknown,EUR,investpy
TFI,Trevi Fin Industriale,Italy,Unknown,EUR,investpy
STM,STMicroelectronics,Italy,Unknown,EUR,investpy
SAF,Safran,Italy,Unknown,EUR,investpy
AIRP,Air Liquide,Italy,Unknown,EUR,investpy
INGA,ING Groep,Italy,Unknown,EUR,investpy
AEGN,Aegon,Italy,Unknown,EUR,investpy
PHIA,Philips,Italy,Unknown,EUR,investpy
BASF,BASF,Italy,Unknown,EUR,investpy
BAYG,Bayer,Italy,Unknown,EUR,investpy
ALV,Allianz,Italy,Unknown,EUR,investpy
SIE,Siemens AG,Italy,Unknown,EUR,investpy
DBK,Deutsche Bank AG,Italy,Unknown,EUR,investpy
DAI,Daimler,Italy,Unknown,EUR,investpy
AXA,AXA,Italy,Unknown,EUR,investpy
DNN,Danone,Italy,Unknown,EUR,investpy
ENGIE,Engie,Italy,Unknown,EUR,investpy
BNPP,BNP Paribas,Italy,Unknown,EUR,investpy
LVMH,Louis Vuitton,Italy,Unknown,EUR,investpy
OR,L'Oreal,Italy,Unknown,EUR,investpy
CRR,Carrefour,Italy,Unknown,EUR,investpy
CAGR,Credit Agricole,Italy,Unknown,EUR,investpy
ORAN,Orange,Italy,Unknown,EUR,investpy
GLE,Societe Generale,Italy,Unknown,EUR,investpy
SANF,Sanofi,Italy,Unknown,EUR,investpy
VIV,Vivendi,Italy,Unknown,EUR,investpy
TOT,Total,Italy,Unknown,EUR,investpy
RENA,Renault,Italy,Unknown,EUR,investpy
TEF,Telefonica,Italy,Unknown,EUR,investpy
NOKIA,Nokia Oyj,Italy,Unknown,EUR,investpy
BMW,BMW ST,Italy,Unknown,EUR,investpy
DTE,Deutsche Telekom AG,Italy,Unknown,EUR,investpy
MUV2,Muench. Rueckvers.,Italy,Unknown,EUR,investpy
SAP,SAP,Italy,Unknown,EUR,investpy
PRTP,Kering,Italy,Unknown,EUR,investpy
RWE,RWE AG ST,Italy,Unknown,EUR,investpy
UNA,Unilever NV,Italy,Unknown,EUR,investpy
AD,Ahold Delhaize,Italy,Unknown,EUR,investpy
EOA,E.ON SE,Italy,Unknown,EUR,investpy
AGES,Ageas,Italy,Unknown,EUR,investpy
BIO,BB Biotech,Italy,Unknown,EUR,investpy
37B,B&C Speakers,Italy,Unknown,EUR,investpy
ACAG,ACSM-Agam,Italy,Unknown,EUR,investpy
ACO,Acotel,Italy,Unknown,EUR,investpy
AEF,Aeffe,Italy,Unknown,EUR,investpy
AMBA,Ambromobiliare,Italy,Unknown,EUR,investpy
ARN,Alerion,Italy,Unknown,EUR,investpy
AUMI,Autostrade Meridionali,Italy,Unknown,EUR,investpy
B7C,D'Amico,Italy,Unknown,EUR,investpy
BCNT,Basicnet,Italy,Unknown,EUR,investpy
BCU,Brunello Cucinelli,Italy,Unknown,EUR,investpy
BE,Beghelli,Italy,Unknown,EUR,investpy
BET,BE,Italy,Unknown,EUR,investpy
BFE,Banca Finnat,Italy,Unknown,EUR,investpy
BIA,Bialetti Industrie,Italy,Unknown,EUR,investpy
BIAN,Biancamano,Italy,Unknown,EUR,investpy
BIE,Bioera,Italy,Unknown,EUR,investpy
BIM,Banca Intermobiliare,Italy,Unknown,EUR,investpy
BRGI,Borgosesia,Italy,Unknown,EUR,investpy
BRGIn,Borgosesia,Italy,Unknown,EUR,investpy
BRUI,Brioschi,Italy,Unknown,EUR,investpy
BSS,Biesse,Italy,Unknown,EUR,investpy
BTGI,Bastogi,Italy,Unknown,EUR,investpy
BZUn,Buzzi Unicem RSP,Italy,Unknown,EUR,investpy
CAI,Cairo Communication,Italy,Unknown,EUR,investpy
CALI,Caltagirone,Italy,Unknown,EUR,investpy
CASS,Cattolica Assicurazioni,Italy,Unknown,EUR,investpy
CDRU,Compagnia della Ruota,Italy,Unknown,EUR,investpy
CED,Caltagirone Editore,Italy,Unknown,EUR,investpy
CEMB,Cembre,Italy,Unknown,EUR,investpy
CEMI,Cementir Holding,Italy,Unknown,EUR,investpy
CHL,CHL,Italy,Unknown,EUR,investpy
CIAZ,CIA,Italy,Unknown,EUR,investpy
CLED,Class Editori,Italy,Unknown,EUR,investpy
CLFF,Caleffi,Italy,Unknown,EUR,investpy
CLII,Centrale del Latte,Italy,Unknown,EUR,investpy
COPR,Conafi Prestito,Italy,Unknown,EUR,investpy
CRGIn,Banca Carige RSP,Italy,Unknown,EUR,investpy
CSP,CSP International,Italy,Unknown,EUR,investpy
DANIn,Danieli & C RSP,Italy,Unknown,EUR,investpy
DESI,Banco Di Desio E Brianza,Italy,Unknown,EUR,investpy
DESIn,Banco Di Desio E Brianza RSP,Italy,Unknown,EUR,investpy
DIB,Digital Bros,Italy,Unknown,EUR,investpy
NTW,Netweek,Italy,Unknown,EUR,investpy
E5T,Eurotech,Italy,Unknown,EUR,investpy
EDII,Monrif,Italy,Unknown,EUR,investpy
EDNn,Edison RSP,Italy,Unknown,EUR,investpy
ELC,Elica,Italy,Unknown,EUR,investpy
ELEN,El En,Italy,Unknown,EUR,investpy
EM,Emak,Italy,Unknown,EUR,investpy
EMBI,Credito Emiliano,Italy,Unknown,EUR,investpy
ENVT,Enervit,Italy,Unknown,EUR,investpy
EUKE,Eukedos,Italy,Unknown,EUR,investpy
FDA,Fidia,Italy,Unknown,EUR,investpy
FDE,Frendy Energy,Italy,Unknown,EUR,investpy
FICP,First Capital,Italy,Unknown,EUR,investpy
FIMI,Fiera Milano,Italy,Unknown,EUR,investpy
FNMI,FNM,Italy,Unknown,EUR,investpy
FTL,Fintel Energia,Italy,Unknown,EUR,investpy
FUL,Fullsix,Italy,Unknown,EUR,investpy
GABI,Gabetti Property,Italy,Unknown,EUR,investpy
GFRN,Gefran,Italy,Unknown,EUR,investpy
GSP,Gas Plus,Italy,Unknown,EUR,investpy
GEQ,Gequity,Italy,Unknown,EUR,investpy
IF,Banca IFIS,Italy,Unknown,EUR,investpy
IGS,Isagro,Italy,Unknown,EUR,investpy
IGV,I Grandi Viaggi,Italy,Unknown,EUR,investpy
PLC,PLC SpA,Italy,Unknown,EUR,investpy
IMSI,IMMSI,Italy,Unknown,EUR,investpy
SALIn,Impregilo RSP,Italy,Unknown,EUR,investpy
IRC,IRCE,Italy,Unknown,EUR,investpy
ITMI,Italmobiliare,Italy,Unknown,EUR,investpy
ITWY,It Way,Italy,Unknown,EUR,investpy
JUVE,Juventus,Italy,Unknown,EUR,investpy
SERK,Seri Industrial,Italy,Unknown,EUR,investpy
WIGG,Gruppo Waste Italia,Italy,Unknown,EUR,investpy
IKGn,Intek RSP,Italy,Unknown,EUR,investpy
LAZI,Lazio,Italy,Unknown,EUR,investpy
LDO,La Doria,Italy,Unknown,EUR,investpy
LVEN,Lventure,Italy,Unknown,EUR,investpy
LIT,Retelit,Italy,Unknown,EUR,investpy
MARR,Marr,Italy,Unknown,EUR,investpy
CBI,Cose Belle,Italy,Unknown,EUR,investpy
SES,SESA,Italy,Unknown,EUR,investpy
MLMD,Molmed,Italy,Unknown,EUR,investpy
MOL,Mutuionline,Italy,Unknown,EUR,investpy
MTTI,Mittel,Italy,Unknown,EUR,investpy
MTV,Mondo TV,Italy,Unknown,EUR,investpy
NR,Nova Re,Italy,Unknown,EUR,investpy
NRST,Neurosoft,Italy,Unknown,EUR,investpy
OLI,Olidata,Italy,Unknown,EUR,investpy
PAGR,Panariagroup,Italy,Unknown,EUR,investpy
PCVI,Banca Piccolo Credito,Italy,Unknown,EUR,investpy
IOLn,Italiaonline RSP,Italy,Unknown,EUR,investpy
VE,Visibilia Editore,Italy,Unknown,EUR,investpy
PNNI,Pininfarina,Italy,Unknown,EUR,investpy
POLI,Poligrafici Editoriale,Italy,Unknown,EUR,investpy
POPR,Poligrafici Printing,Italy,Unknown,EUR,investpy
PQ,Piquadro,Italy,Unknown,EUR,investpy
PRII,Prima Industrie,Italy,Unknown,EUR,investpy
PRL,Pierrel,Italy,Unknown,EUR,investpy
PRT,Esprinet,Italy,Unknown,EUR,investpy
PSF,Poligrafica S Faustino,Italy,Unknown,EUR,investpy
RATI,Ratti,Italy,Unknown,EUR,investpy
RDM,Reno De Medici,Italy,Unknown,EUR,investpy
REY,Reply,Italy,Unknown,EUR,investpy
RN,Risanamento,Italy,Unknown,EUR,investpy
ROSS,ROSSS,Italy,Unknown,EUR,investpy
S24,Il Sole 24 Ore,Italy,Unknown,EUR,investpy
SABF,Sabaf,Italy,Unknown,EUR,investpy
ATH,Ambienthesis,Italy,Unknown,EUR,investpy
SAEI,Saes Getters,Italy,Unknown,EUR,investpy
SAEIn,Saes Getters RSP,Italy,Unknown,EUR,investpy
SARIn,Banco Di Sardegna,Italy,Unknown,EUR,investpy
TYA,Toscana Aeroporti,Italy,Unknown,EUR,investpy
SERIT,Servizi Italia,Italy,Unknown,EUR,investpy
TTT,SINTESI,Italy,Unknown,EUR,investpy
SOLS,Sol,Italy,Unknown,EUR,investpy
SPMIr,Saipem Pref,Italy,Unknown,EUR,investpy
STEP,Stefanel,Italy,Unknown,EUR,investpy
STEPn,Stefanel RSP,Italy,Unknown,EUR,investpy
TAS,TAS,Italy,Unknown,EUR,investpy
TES,Tesmec,Italy,Unknown,EUR,investpy
TIP,Tamburi Investment,Italy,Unknown,EUR,investpy
TLITn,Telecom Italia RSP,Italy,Unknown,EUR,investpy
TRNI,Ternienergia,Italy,Unknown,EUR,investpy
TXTS,TXT,Italy,Unknown,EUR,investpy
VALS,Valsoia,Italy,Unknown,EUR,investpy
VINI,Vianini,Italy,Unknown,EUR,investpy
XPR,Exprivia,Italy,Unknown,EUR,investpy
ZUCI,Zucchi,Italy,Unknown,EUR,investpy
ZUCIn,Zucchi RSP,Italy,Unknown,EUR,investpy
ZV,Zignago Vetro,Italy,Unknown,EUR,investpy
MACA,M&C,Italy,Unknown,EUR,investpy
IVS,IVS Group SA,Italy,Unknown,EUR,investpy
CNHI,CNH Industrial NV,Italy,Unknown,EUR,investpy
MONC,Moncler SpA,Italy,Unknown,EUR,investpy
CERV,Cerved Information Solutions SpA,Italy,Unknown,EUR,investpy
FBK,FinecoBank,Italy,Unknown,EUR,investpy
FCT,Fincantieri,Italy,Unknown,EUR,investpy
ANIM,Anima Holding SpA,Italy,Unknown,EUR,investpy
ON,BIO ON,Italy,Unknown,EUR,investpy
RWAY,Rai Way SpA,Italy,Unknown,EUR,investpy
MOLDC,Costamp,Italy,Unknown,EUR,investpy
ENER,Enertronica,Italy,Unknown,EUR,investpy
EXSY,Expert System,Italy,Unknown,EUR,investpy
IINT,Italia IG,Italy,Unknown,EUR,investpy
CDGI,Casta Diva,Italy,Unknown,EUR,investpy
INCI,Innovatec,Italy,Unknown,EUR,investpy
KI,KI Group,Italy,Unknown,EUR,investpy
MAIL,MailUp,Italy,Unknown,EUR,investpy
NPI,Notorious,Italy,Unknown,EUR,investpy
TRWL,Safe Bag,Italy,Unknown,EUR,investpy
FILA,Fila,Italy,Unknown,EUR,investpy
AGAT,Agatos,Italy,Unknown,EUR,investpy
YIV,Imvest,Italy,Unknown,EUR,investpy
YSFT,Softec,Italy,Unknown,EUR,investpy
GO,GO internet,Italy,Unknown,EUR,investpy
DMG,Digital Magics,Italy,Unknown,EUR,investpy
MTFR,Mondo TV France,Italy,Unknown,EUR,investpy
TB,Triboo,Italy,Unknown,EUR,investpy
TNXT,Tinexta,Italy,Unknown,EUR,investpy
AXEL,Axelero Srl,Italy,Unknown,EUR,investpy
FDOP,Giorgio Fedon & Figli,Italy,Unknown,EUR,investpy
ITWB,Italian Wine Brands SpA,Italy,Unknown,EUR,investpy
EPRC,Eprice,Italy,Unknown,EUR,investpy
OVS,OVS SPA,Italy,Unknown,EUR,investpy
CALG,Caleido Group,Italy,Unknown,EUR,investpy
DGT,Digitouch SPA,Italy,Unknown,EUR,investpy
ECKS,Ecosuntek SpA,Italy,Unknown,EUR,investpy
ELAB,Energy Lab SpA,Italy,Unknown,EUR,investpy
GGPW,Gruppo Green Power SpA,Italy,Unknown,EUR,investpy
IB,Iniziative Bresciane Inbre,Italy,Unknown,EUR,investpy
LCMG,Lucisano Media Group,Italy,Unknown,EUR,investpy
LFG,Leone Film Group SpA,Italy,Unknown,EUR,investpy
CLAB,Clabo SPA,Italy,Unknown,EUR,investpy
MSU,Mondo TV Suisse SA,Italy,Unknown,EUR,investpy
ELIN,Elettra Investimenti SpA,Italy,Unknown,EUR,investpy
COV,Cover 50 SpA,Italy,Unknown,EUR,investpy
BIO2,Biodue SpA,Italy,Unknown,EUR,investpy
MZB,Massimo Zanetti Beverage Group SpA,Italy,Unknown,EUR,investpy
INWT,Inwit,Italy,Unknown,EUR,investpy
BSTA,Banca Sistema Spa,Italy,Unknown,EUR,investpy
MASIA,Masi Agricola SpA,Italy,Unknown,EUR,investpy
ADB,Aeroporto Guglielmo Marconi di Bolo,Italy,Unknown,EUR,investpy
ASSI,Assiteca SpA Internazionale,Italy,Unknown,EUR,investpy
GGTV,Giglio Group SpA,Italy,Unknown,EUR,investpy
PITE,PiteCo SpA,Italy,Unknown,EUR,investpy
AVI,Avio,Italy,Unknown,EUR,investpy
PST,Poste Italiane,Italy,Unknown,EUR,investpy
GAMB,Gambero Rosso SpA,Italy,Unknown,EUR,investpy
ORSO,Orsero,Italy,Unknown,EUR,investpy
HFARM,H-Farm SpA,Italy,Unknown,EUR,investpy
BBLUE,Blue Financial Communication SpA,Italy,Unknown,EUR,investpy
OJM,Openjobmetis SpA Agenzia per il,Italy,Unknown,EUR,investpy
RACE,Ferrari NV,Italy,Unknown,EUR,investpy
EMCC,Energica Motor,Italy,Unknown,EUR,investpy
ABIT,Abitare In,Italy,Unknown,EUR,investpy
SITI,Siti B&T,Italy,Unknown,EUR,investpy
TGYM,Technogym,Italy,Unknown,EUR,investpy
CRES,Coima Res SpA,Italy,Unknown,EUR,investpy
CBKG,Commerzbank,Italy,Unknown,EUR,investpy
LHAG,Lufthansa,Italy,Unknown,EUR,investpy
SGEF,Vinci,Italy,Unknown,EUR,investpy
PRSM,PRISMI,Italy,Unknown,EUR,investpy
ADSGn,Adidas,Italy,Unknown,EUR,investpy
AIR,Airbus Group,Italy,Unknown,EUR,investpy
CONG,Continental AG,Italy,Unknown,EUR,investpy
DPWGn,Deutsche Post,Italy,Unknown,EUR,investpy
ENAV,Enav,Italy,Unknown,EUR,investpy
IFXGn,Infineon,Italy,Unknown,EUR,investpy
MRCG,Merck,Italy,Unknown,EUR,investpy
VOWG_p,Volkswagen VZO,Italy,Unknown,EUR,investpy
4AIM,4Aim Societa di Investimento,Italy,Unknown,EUR,investpy
BEIG,Beiersdorf AG,Italy,Unknown,EUR,investpy
DHH,Dominion Hosting Holding,Italy,Unknown,EUR,investpy
FREG,Fresenius SE,Italy,Unknown,EUR,investpy
HEIG,Heidelbergcement,Italy,Unknown,EUR,investpy
SCM,Solutions Capital Management,Italy,Unknown,EUR,investpy
SDFGn,K+S AG,Italy,Unknown,EUR,investpy
VTY,Vetrya SpA,Italy,Unknown,EUR,investpy
SCHN,Schneider Electric,Italy,Unknown,EUR,investpy
ABI,Anheuser Busch Inbev,Italy,Unknown,EUR,investpy
DB1Gn,Deutsche Boerse,Italy,Unknown,EUR,investpy
FMEG,Fresenius ST,Italy,Unknown,EUR,investpy
PSMGn,Prosiebensat,Italy,Unknown,EUR,investpy
SGOB,Saint Gobain,Italy,Unknown,EUR,investpy
ASML,ASML Holding,Italy,Unknown,EUR,investpy
ESSI,EssilorLuxottica,Italy,Unknown,EUR,investpy
HNKG_p,Henkel VZO,Italy,Unknown,EUR,investpy
TKAG,Thyssenkrupp AG,Italy,Unknown,EUR,investpy
UN01,Uniper SE,Italy,Unknown,EUR,investpy
VNAn,Vonovia,Italy,Unknown,EUR,investpy
URW,WFD Unibail Rodamco,Italy,Unknown,EUR,investpy
EVKn,Evonik,Italy,Unknown,EUR,investpy
FF,Fine Foods Pharma,Italy,Unknown,EUR,investpy
IG,Italgas,Italy,Unknown,EUR,investpy
FOPE,Fope,Italy,Unknown,EUR,investpy
GPI,GPI,Italy,Unknown,EUR,investpy
WMC,WM Capital,Italy,Unknown,EUR,investpy
HIA,Health Italia,Italy,Unknown,EUR,investpy
TLSA,Telesia,Italy,Unknown,EUR,investpy
CELL,Cellularline,Italy,Unknown,EUR,investpy
LUVE,LU-VE,Italy,Unknown,EUR,investpy
TPSG,Technical Publications,Italy,Unknown,EUR,investpy
UNIR,UniEuro,Italy,Unknown,EUR,investpy
BFF,Banca Farmafactoring,Italy,Unknown,EUR,investpy
ECNL,Aquafil,Italy,Unknown,EUR,investpy
INDB,Indel B,Italy,Unknown,EUR,investpy
WIIT,Wiit,Italy,Unknown,EUR,investpy
FNL,Finlogic,Italy,Unknown,EUR,investpy
BFG,BF Holding,Italy,Unknown,EUR,investpy
DIGT,Digital360,Italy,Unknown,EUR,investpy
DOVA,DoValue,Italy,Unknown,EUR,investpy
CULT,Culti Milano,Italy,Unknown,EUR,investpy
CFTS,CFT,Italy,Unknown,EUR,investpy
SICT,Sicit Group,Italy,Unknown,EUR,investpy
SITT,SIT,Italy,Unknown,EUR,investpy
ABTG,Alfio Bardolla,Italy,Unknown,EUR,investpy
ICFG,ICF Group,Italy,Unknown,EUR,investpy
PHNU,Pharmanutra,Italy,Unknown,EUR,investpy
CFP2,Capital for Progress 2,Italy,Unknown,EUR,investpy
IGS_p,Isagro Pref,Italy,Unknown,EUR,investpy
NDT,Neodecortech,Italy,Unknown,EUR,investpy
SPTV,Spactiv,Italy,Unknown,EUR,investpy
GIMA,Gima TT,Italy,Unknown,EUR,investpy
IN3,Industrial Stars Italy 3,Italy,Unknown,EUR,investpy
PSAR,Portale Sardegna,Italy,Unknown,EUR,investpy
EQUI,Equita,Italy,Unknown,EUR,investpy
AMZN,Amazon.com,Italy,Unknown,EUR,investpy
GAME,Gamenet,Italy,Unknown,EUR,investpy
ALKE,Alkemy,Italy,Unknown,EUR,investpy
IDEAM,Ideami,Italy,Unknown,EUR,investpy
DBA,DBA,Italy,Unknown,EUR,investpy
GELE,Gel,Italy,Unknown,EUR,investpy
GCL,Guala Closures,Italy,Unknown,EUR,investpy
ILLA,ILLA SpA,Italy,Unknown,EUR,investpy
VEI1,Vei 1,Italy,Unknown,EUR,investpy
LCC,Life Care Capital,Italy,Unknown,EUR,investpy
KIP,Kolinpharma,Italy,Unknown,EUR,investpy
FVIR,Fervi,Italy,Unknown,EUR,investpy
GVALU,Gabelli Value Italy,Italy,Unknown,EUR,investpy
NBAA,Nb Aurora,Italy,Unknown,EUR,investpy
SOME,Somec,Italy,Unknown,EUR,investpy
GRALA,Grifal,Italy,Unknown,EUR,investpy
CRLI,Carel Industries,Italy,Unknown,EUR,investpy
TTSLA,Tesla,Italy,Unknown,EUR,investpy
LON,Longino & Cardenal,Italy,Unknown,EUR,investpy
ESAU,Esautomotion,Italy,Unknown,EUR,investpy
EVAS,Askoll Eva,Italy,Unknown,EUR,investpy
MONNA,Monnalisa,Italy,Unknown,EUR,investpy
PORTO,Portobello,Italy,Unknown,EUR,investpy
INTD,Intred,Italy,Unknown,EUR,investpy
EPS2,EPS Equita Pep Spac 2,Italy,Unknown,EUR,investpy
SGCO,Sg Company,Italy,Unknown,EUR,investpy
SOTR,Sostravel.Com,Italy,Unknown,EUR,investpy
VIMI,Vimi Fasteners,Italy,Unknown,EUR,investpy
TSPA,Thespac,Italy,Unknown,EUR,investpy
SCK,Sciuker Frames,Italy,Unknown,EUR,investpy
RENER,Renergetica,Italy,Unknown,EUR,investpy
AAPLE,Apple,Italy,Unknown,EUR,investpy
PVNA,Piovan,Italy,Unknown,EUR,investpy
CIRC,Circle,Italy,Unknown,EUR,investpy
DGV,Digital Value,Italy,Unknown,EUR,investpy
GHC,Garofalo Health,Italy,Unknown,EUR,investpy
EDAC,Ediliziacrobatica,Italy,Unknown,EUR,investpy
PWS,Powersoft,Italy,Unknown,EUR,investpy
TEDGE,Techedge,Italy,Unknown,EUR,investpy
AED,Aedes Societa,Italy,Unknown,EUR,investpy
NESN,Nestle,Italy,Unknown,EUR,investpy
IBE,Iberdrola,Italy,Unknown,EUR,investpy
REP,Repsol,Italy,Unknown,EUR,investpy
NNVDA,NVIDIA,Italy,Unknown,EUR,investpy
CVO,Covivio,Italy,Unknown,EUR,investpy
AAMD,AMD,Italy,Unknown,EUR,investpy
AF,Air France KLM,Italy,Unknown,EUR,investpy
FFB,Facebook,Italy,Unknown,EUR,investpy
GOOG,Alphabet C,Italy,Unknown,EUR,investpy
NETI,Net Insurance,Italy,Unknown,EUR,investpy
IINTC,Intel,Italy,Unknown,EUR,investpy
MMSFT,Microsoft,Italy,Unknown,EUR,investpy
MMU,Micron,Italy,Unknown,EUR,investpy
NNFLX,Netflix,Italy,Unknown,EUR,investpy
NOVN,Novartis,Italy,Unknown,EUR,investpy
SSBUX,Starbucks,Italy,Unknown,EUR,investpy
ILP,ILPRA,Italy,Unknown,EUR,investpy
NSP,Neosperience,Italy,Unknown,EUR,investpy
ILTY,illimity Bank,Italy,Unknown,EUR,investpy
MAPS,Maps,Italy,Unknown,EUR,investpy
COME,Comer Industries,Italy,Unknown,EUR,investpy
SEIFT,Societa Editoriale Il,Italy,Unknown,EUR,investpy
CFM,CrowdFundMe,Italy,Unknown,EUR,investpy
NEXII,Nexi,Italy,Unknown,EUR,investpy
ANV,Antares Vision,Italy,Unknown,EUR,investpy
AAMM,Am,Italy,Unknown,EUR,investpy
ALCC,Alcon,Italy,Unknown,EUR,investpy
SIOO,Sirio,Italy,Unknown,EUR,investpy
IEG,Italian Exhibition Group,Italy,Unknown,EUR,investpy
ELES,Eles,Italy,Unknown,EUR,investpy
GBUSS,Gibus,Italy,Unknown,EUR,investpy
OS,Officina Stellare,Italy,Unknown,EUR,investpy
RLT,Relatech,Italy,Unknown,EUR,investpy
PTRN,Pattern,Italy,Unknown,EUR,investpy
SHE,Shedir Pharma,Italy,Unknown,EUR,investpy
CLNBB,Cleanbnb,Italy,Unknown,EUR,investpy
FCM,Friulchem,Italy,Unknown,EUR,investpy
RADIC,Radici Pietro,Italy,Unknown,EUR,investpy
FARMA,Farmae Srl,Italy,Unknown,EUR,investpy
CFVT,Confinvest,Italy,Unknown,EUR,investpy
IE,Iervolino,Italy,Unknown,EUR,investpy
COPE,Copernico,Italy,Unknown,EUR,investpy
WEBO,Websolute,Italy,Unknown,EUR,investpy
CYB,Cyberoo,Italy,Unknown,EUR,investpy
NWLF,Newlat Food,Italy,Unknown,EUR,investpy
ABIS,Arterra Bio,Italy,Unknown,EUR,investpy
MFTC,Matica Fintec,Italy,Unknown,EUR,investpy
ACS,ACS,Spain,Unknown,EUR,investpy
ABG,Abengoa,Spain,Unknown,EUR,investpy
A3M,Atresmedia,Spain,Unknown,EUR,investpy
ACX,Acerinox,Spain,Unknown,EUR,investpy
BBVA,BBVA,Spain,Unknown,EUR,investpy
BKT,Bankinter,Spain,Unknown,EUR,investpy
BME,BME,Spain,Unknown,EUR,investpy
ANA,Acciona,Spain,Unknown,EUR,investpy
CABK,Caixabank,Spain,Unknown,EUR,investpy
ENAG,Enagas,Spain,Unknown,EUR,investpy
FCC,FCC,Spain,Unknown,EUR,investpy
NTGY,Naturgy Energy,Spain,Unknown,EUR,investpy
SGREN,Gamesa,Spain,Unknown,EUR,investpy
GRLS,Grifols,Spain,Unknown,EUR,investpy
FER,Ferrovial,Spain,Unknown,EUR,investpy
REE,Red Electrica,Spain,Unknown,EUR,investpy
ITX,Inditex,Spain,Unknown,EUR,investpy
REP,Repsol,Spain,Unknown,EUR,investpy
IBE,Iberdrola,Spain,Unknown,EUR,investpy
IDR,Indra A,Spain,Unknown,EUR,investpy
MAP,Mapfre,Spain,Unknown,EUR,investpy
TEF,Telefonica,Spain,Unknown,EUR,investpy
TL5,Mediaset,Spain,Unknown,EUR,investpy
SCYR,Sacyr,Spain,Unknown,EUR,investpy
SABE,B. Sabadell,Spain,Unknown,EUR,investpy
SAN,Santander,Spain,Unknown,EUR,investpy
COL,Inmobiliaria Colonial,Spain,Unknown,EUR,investpy
TRE,Tecnicas Reunidas,Spain,Unknown,EUR,investpy
OHL,OHL,Spain,Unknown,EUR,investpy
ICAG,IAG,Spain,Unknown,EUR,investpy
EBRO,Ebro Foods,Spain,Unknown,EUR,investpy
ELE,Endesa,Spain,Unknown,EUR,investpy
AMA,Amadeus,Spain,Unknown,EUR,investpy
BKIA,Bankia,Spain,Unknown,EUR,investpy
DIDA,DIA,Spain,Unknown,EUR,investpy
VTSG,Vertice 360 Grados,Spain,Unknown,EUR,investpy
ROVI,Laborat.Rovi,Spain,Unknown,EUR,investpy
GALQ,General Alquiler Maquinaria,Spain,Unknown,EUR,investpy
SLRS,Solaria,Spain,Unknown,EUR,investpy
AI,Airtificial Intelligence,Spain,Unknown,EUR,investpy
ALNTA,Alantra Partners,Spain,Unknown,EUR,investpy
ALB,Alba SA,Spain,Unknown,EUR,investpy
PRS,Promotora Informaciones,Spain,Unknown,EUR,investpy
MEL,Melia Hotels,Spain,Unknown,EUR,investpy
GSJ,Empresarial San Jose,Spain,Unknown,EUR,investpy
NXTE,Nueva Expresion,Spain,Unknown,EUR,investpy
ADXR,Audax Renovables,Spain,Unknown,EUR,investpy
MCM,Miquel Cost.,Spain,Unknown,EUR,investpy
GCO,Grupo Catalana Occidente,Spain,Unknown,EUR,investpy
SPSL,Service P.S.,Spain,Unknown,EUR,investpy
ENC,ENCE,Spain,Unknown,EUR,investpy
CAF,Construcciones y Auxiliar,Spain,Unknown,EUR,investpy
UBS,Urbas Grupo,Spain,Unknown,EUR,investpy
ISUR,Inmobiliaria del Sur,Spain,Unknown,EUR,investpy
QBT,Quabit,Spain,Unknown,EUR,investpy
LGT,Lingotes,Spain,Unknown,EUR,investpy
IBG,Iberpapel Gestion,Spain,Unknown,EUR,investpy
BRIO,Bodegas Riojanas,Spain,Unknown,EUR,investpy
ADZ,Adolfo Dominguez,Spain,Unknown,EUR,investpy
RLIA,Realia,Spain,Unknown,EUR,investpy
IBES,Nyesa Valores,Spain,Unknown,EUR,investpy
CBAV,Clinica Baviera,Spain,Unknown,EUR,investpy
RDM,Reno De Medici,Spain,Unknown,EUR,investpy
NEA,Nicolas Correa,Spain,Unknown,EUR,investpy
CIEA,Cie Automotive,Spain,Unknown,EUR,investpy
RTA4,Renta 4 Banco,Spain,Unknown,EUR,investpy
RJFE,Laboratorio Reig Jofre,Spain,Unknown,EUR,investpy
EZEN,Grupo Ezentis SA,Spain,Unknown,EUR,investpy
MDF,Duro Felguera,Spain,Unknown,EUR,investpy
ZOT,Zardoya Otis,Spain,Unknown,EUR,investpy
BDL,Baron De Ley,Spain,Unknown,EUR,investpy
MTBA,Montebalito,Spain,Unknown,EUR,investpy
MVC,Metrovacesa,Spain,Unknown,EUR,investpy
NHH,NH Hoteles,Spain,Unknown,EUR,investpy
FAE,Faes Farma,Spain,Unknown,EUR,investpy
TUR,Tubos Reunid,Spain,Unknown,EUR,investpy
PVA,Pescanova,Spain,Unknown,EUR,investpy
GRLSbn,Grifols Pref,Spain,Unknown,EUR,investpy
BIOS,Biosearch,Spain,Unknown,EUR,investpy
VIS,Viscofan,Spain,Unknown,EUR,investpy
PSG,Prosegur,Spain,Unknown,EUR,investpy
ALM,Almirall,Spain,Unknown,EUR,investpy
VOC,Vocento,Spain,Unknown,EUR,investpy
VID,Vidrala,Spain,Unknown,EUR,investpy
CCMC,Empresarial Materiales,Spain,Unknown,EUR,investpy
TUBA,Tubacex,Spain,Unknown,EUR,investpy
REN,Renta Corp,Spain,Unknown,EUR,investpy
FLUI,Fluidra,Spain,Unknown,EUR,investpy
ENOR,Elecnor,Spain,Unknown,EUR,investpy
AZK,Azkoyen,Spain,Unknown,EUR,investpy
APAM,Aperam,Spain,Unknown,EUR,investpy
SNCE,Sniace,Spain,Unknown,EUR,investpy
ECR,Ercros,Spain,Unknown,EUR,investpy
CDRE,Codere,Spain,Unknown,EUR,investpy
NATR,Natra,Spain,Unknown,EUR,investpy
APE,Amper,Spain,Unknown,EUR,investpy
AIR,Airbus Group,Spain,Unknown,EUR,investpy
PRIM,Prim,Spain,Unknown,EUR,investpy
OLEO,Deoleo,Spain,Unknown,EUR,investpy
MTS,ArcelorMittal,Spain,Unknown,EUR,investpy
ABGek,Abengoa B,Spain,Unknown,EUR,investpy
LBK,Liberbank,Spain,Unknown,EUR,investpy
EBI,Ebioss Energy,Spain,Unknown,EUR,investpy
YENT,Entre Cua Socimi,Spain,Unknown,EUR,investpy
PETR4,PETROBRAS PN,Spain,Unknown,EUR,investpy
AMXL,America Movil,Spain,Unknown,EUR,investpy
BRPO,BRADESPAR ON,Spain,Unknown,EUR,investpy
BRPP,BRADESPAR PN,Spain,Unknown,EUR,investpy
BRKM3,BRASKEM PNA,Spain,Unknown,EUR,investpy
CPLE6,COPEL PNB,Spain,Unknown,EUR,investpy
ELTO,ELETROBRAS ON,Spain,Unknown,EUR,investpy
ELTB,ELETROBRAS PNB,Spain,Unknown,EUR,investpy
PETR3,PETROBRAS ON,Spain,Unknown,EUR,investpy
USIO,USIMINAS ON,Spain,Unknown,EUR,investpy
USIM5,USIMINAS PNA,Spain,Unknown,EUR,investpy
VALO,VALE ON,Spain,Unknown,EUR,investpy
ALFAA,Alfa,Spain,Unknown,EUR,investpy
ELEKTRA,Grupo Elektra,Spain,Unknown,EUR,investpy
XNOR,Grupo Financiero Banorte,Spain,Unknown,EUR,investpy
TVAZ,TV Azteca Cpo,Spain,Unknown,EUR,investpy
BBAR,BBVA Banco Frances,Spain,Unknown,EUR,investpy
CMIG4,CEMIG PN,Spain,Unknown,EUR,investpy
BBDC,BRADESCO PN EJ N1,Spain,Unknown,EUR,investpy
GGBR4,GERDAU PN N1,Spain,Unknown,EUR,investpy
VOLB,Volcan Cmp Min,Spain,Unknown,EUR,investpy
IKM,1nkemia IUCT SA,Spain,Unknown,EUR,investpy
ABBO,Ab-Biotics S.A.,Spain,Unknown,EUR,investpy
ALC,Altia Consultores S.A.,Spain,Unknown,EUR,investpy
ADLB,ADL Bionatur,Spain,Unknown,EUR,investpy
CATN,Catenon S.A.,Spain,Unknown,EUR,investpy
EESP,Euroespes S.A.,Spain,Unknown,EUR,investpy
EUWT,Eurona Wireless Telecom S.A.,Spain,Unknown,EUR,investpy
GRIE,Grino Ecologic S.A.,Spain,Unknown,EUR,investpy
MASM,Masmovil Ibercom,Spain,Unknown,EUR,investpy
IMGI,Imaginarium S.A.,Spain,Unknown,EUR,investpy
MEDC,Medcom Tech S.A.,Spain,Unknown,EUR,investpy
NEUB,Neuron Bio S.A.,Spain,Unknown,EUR,investpy
SECU,Secuoya Grupo de Comunicacion S.A.,Spain,Unknown,EUR,investpy
EDRE,eDreams Odigeo SA,Spain,Unknown,EUR,investpy
LRES,Lar Espana Real Estate SOCIMI SA,Spain,Unknown,EUR,investpy
APPS,Applus Services SA,Spain,Unknown,EUR,investpy
MRL,Merlin Properties SA,Spain,Unknown,EUR,investpy
FACE,Facephi Biometria SA,Spain,Unknown,EUR,investpy
LOG,Logista,Spain,Unknown,EUR,investpy
CRBHO,Cerbium,Spain,Unknown,EUR,investpy
HMR,Home Meal,Spain,Unknown,EUR,investpy
AENA,Aena,Spain,Unknown,EUR,investpy
YURO,Uro Property Holdings,Spain,Unknown,EUR,investpy
NBIB,NBI Bearings Europe,Spain,Unknown,EUR,investpy
NTH,Naturhouse Health SA,Spain,Unknown,EUR,investpy
CLNX,Cellnex Telecom,Spain,Unknown,EUR,investpy
TLGO,Talgo,Spain,Unknown,EUR,investpy
EKTL,Euskaltel SA,Spain,Unknown,EUR,investpy
YFID,Fidere Patrimonio SOCIMI SA,Spain,Unknown,EUR,investpy
GREG,Grenergy Renovables SA,Spain,Unknown,EUR,investpy
INC,Inclam CO2 SA,Spain,Unknown,EUR,investpy
YTRA,Trajano Iberia Socimi SA,Spain,Unknown,EUR,investpy
LLN,Lleidanetworks Serveis Telematics,Spain,Unknown,EUR,investpy
YARE,Autonomy Spain Real Estate Socimi S,Spain,Unknown,EUR,investpy
YOSO,Obsido Socimi SA,Spain,Unknown,EUR,investpy
PHMR,Pharma Mar,Spain,Unknown,EUR,investpy
GIGAH,Gigas Hosting SA,Spain,Unknown,EUR,investpy
NEOL,Neol Biosolutions SA,Spain,Unknown,EUR,investpy
AGIL,Agile Content SA,Spain,Unknown,EUR,investpy
YZBL,Zambal Spain Socimi SA,Spain,Unknown,EUR,investpy
ORY,Oryzon Genomics,Spain,Unknown,EUR,investpy
TQT,Tecnoquark Trust SA,Spain,Unknown,EUR,investpy
CLRE,Clerhp Estructuras,Spain,Unknown,EUR,investpy
YPR3,Corpfin Capital Prime Retail III,Spain,Unknown,EUR,investpy
DOMI,Global Dominion,Spain,Unknown,EUR,investpy
PQR,Parques Reunidos,Spain,Unknown,EUR,investpy
YABA,Jaba I Inversiones,Spain,Unknown,EUR,investpy
YSCI,Silvercode Investments,Spain,Unknown,EUR,investpy
CCEP,Coca-Cola European,Spain,Unknown,EUR,investpy
YAST,Asturias Retail,Spain,Unknown,EUR,investpy
YVIT,Vitruvio Real Estate,Spain,Unknown,EUR,investpy
YISC,Isc Fresh Water,Spain,Unknown,EUR,investpy
YQUO,Quonia SOCIMI,Spain,Unknown,EUR,investpy
ATRY,Atrys Health,Spain,Unknown,EUR,investpy
VOZ,Voztelecom Oigaa360,Spain,Unknown,EUR,investpy
YGMP,GMP Property,Spain,Unknown,EUR,investpy
YORS,Optimum Re Spain,Spain,Unknown,EUR,investpy
CMM,CommCenter,Spain,Unknown,EUR,investpy
ECG,ECG,Spain,Unknown,EUR,investpy
CLE,Clever Global,Spain,Unknown,EUR,investpy
MONIB,Mondo TV,Spain,Unknown,EUR,investpy
PANGO,Pangaea Oncology,Spain,Unknown,EUR,investpy
YVBA,VBARE Iberian Properties,Spain,Unknown,EUR,investpy
YORE,Ores Socimi,Spain,Unknown,EUR,investpy
CASHP,Prosegur Cash,Spain,Unknown,EUR,investpy
HOME,Neinor Homes,Spain,Unknown,EUR,investpy
GEST,Gestamp Automocion,Spain,Unknown,EUR,investpy
YOVA,Optimum III Value Added,Spain,Unknown,EUR,investpy
ELZZ,Asturiana de Laminados,Spain,Unknown,EUR,investpy
UNI,Unicaja Banco,Spain,Unknown,EUR,investpy
YGGC,GGC,Spain,Unknown,EUR,investpy
YNUM,Numulae Gestion de Servicios,Spain,Unknown,EUR,investpy
BAINS,Borges Agricultural,Spain,Unknown,EUR,investpy
YAML,AM Locales Property,Spain,Unknown,EUR,investpy
YGOP,Grupo Ortiz,Spain,Unknown,EUR,investpy
YDOM,Domo Activos,Spain,Unknown,EUR,investpy
AEDAS,Aedas Homes,Spain,Unknown,EUR,investpy
NTX,Netex Knowledge,Spain,Unknown,EUR,investpy
GRN,Greenalia,Spain,Unknown,EUR,investpy
YPSNA,Prevision Sanitaria,Spain,Unknown,EUR,investpy
YSPS,Student Properties,Spain,Unknown,EUR,investpy
YHAB,Heref Habaneras,Spain,Unknown,EUR,investpy
RBT,Robot,Spain,Unknown,EUR,investpy
YTEM,Tempore Properties,Spain,Unknown,EUR,investpy
YSRR,Serrano 61 Desarrollo,Spain,Unknown,EUR,investpy
YAP67,Ap67 Socimi,Spain,Unknown,EUR,investpy
TR1,Tier1,Spain,Unknown,EUR,investpy
YTOR,Torbel Investmentד,Spain,Unknown,EUR,investpy
YQPQ,Quid Pro Quo Alquiler,Spain,Unknown,EUR,investpy
YEXR,Excem Socimi,Spain,Unknown,EUR,investpy
YCPS,Castellana Properties,Spain,Unknown,EUR,investpy
YTST,Testa Residencial,Spain,Unknown,EUR,investpy
BKY,Berkeley Energy,Spain,Unknown,EUR,investpy
ALQ,Alquiber Quality,Spain,Unknown,EUR,investpy
YGOB,Go Madrid Benz,Spain,Unknown,EUR,investpy
ARM,Arima Real Estate,Spain,Unknown,EUR,investpy
EATP,Amrest,Spain,Unknown,EUR,investpy
YATO,Atom Hoteles,Spain,Unknown,EUR,investpy
SPK,Solarpack,Spain,Unknown,EUR,investpy
YARP,Arrienda Rental,Spain,Unknown,EUR,investpy
YVIV,Vivenio Residencial,Spain,Unknown,EUR,investpy
YAC1,Almagro Capital,Spain,Unknown,EUR,investpy
YPARK,Inmobiliaria Park Rose,Spain,Unknown,EUR,investpy
YEPS,Euripo Properties,Spain,Unknown,EUR,investpy
PROE,Proeduca Altus,Spain,Unknown,EUR,investpy
YMRE,Meridia RE III,Spain,Unknown,EUR,investpy
IFFE,Iffe Futura,Spain,Unknown,EUR,investpy
CEV,Viviendas en Alquiler,Spain,Unknown,EUR,investpy
YMHRE,Millenium Hotels,Spain,Unknown,EUR,investpy
INGA,ING Groep,Netherlands,Unknown,EUR,investpy
RDSa,Royal Dutch Shell A,Netherlands,Unknown,EUR,investpy
HEIN,Heineken,Netherlands,Unknown,EUR,investpy
AEGN,Aegon,Netherlands,Unknown,EUR,investpy
PHG,Philips,Netherlands,Unknown,EUR,investpy
ARBN,Amsterdam Commodities,Netherlands,Unknown,EUR,investpy
RDSb,Royal Dutch Shell B,Netherlands,Unknown,EUR,investpy
HOLCO,Holland Colours,Netherlands,Unknown,EUR,investpy
URW,WFD Unibail Rodamco,Netherlands,Unknown,EUR,investpy
ASMI,ASM,Netherlands,Unknown,EUR,investpy
RAND,Randstad,Netherlands,Unknown,EUR,investpy
FUGRc,Fugro,Netherlands,Unknown,EUR,investpy
CORB,Corbion,Netherlands,Unknown,EUR,investpy
VASN,Vastned Retail,Netherlands,Unknown,EUR,investpy
AMG,AMG,Netherlands,Unknown,EUR,investpy
WLSNc,Wolters Kluwer,Netherlands,Unknown,EUR,investpy
SBMO,SBM Offshore,Netherlands,Unknown,EUR,investpy
ORDN,Ordina,Netherlands,Unknown,EUR,investpy
AKZO,Akzo Nobel,Netherlands,Unknown,EUR,investpy
VOPA,Vopak,Netherlands,Unknown,EUR,investpy
TOM2,TomTom,Netherlands,Unknown,EUR,investpy
DSMN,Koninklijke DSM,Netherlands,Unknown,EUR,investpy
BSWSc,Koninklijke Wessanen,Netherlands,Unknown,EUR,investpy
KARD,Kardan NV,Netherlands,Unknown,EUR,investpy
AD,Ahold Delhaize,Netherlands,Unknown,EUR,investpy
MT,ArcelorMittal,Netherlands,Unknown,EUR,investpy
BINCK,Binckbank,Netherlands,Unknown,EUR,investpy
KPN,Koninklijke KPN,Netherlands,Unknown,EUR,investpy
BAMN,BAM Groep,Netherlands,Unknown,EUR,investpy
ASML,ASML Holding,Netherlands,Unknown,EUR,investpy
NSTEc,NSI,Netherlands,Unknown,EUR,investpy
AALB,Aalberts Industries,Netherlands,Unknown,EUR,investpy
WEHA,Wereldhave,Netherlands,Unknown,EUR,investpy
ARDS,Arcadis,Netherlands,Unknown,EUR,investpy
BRUN,Brunel,Netherlands,Unknown,EUR,investpy
BOSN,Boskalis Westminster,Netherlands,Unknown,EUR,investpy
HLAN,Hal Trust,Netherlands,Unknown,EUR,investpy
HEIJ,Heijmans,Netherlands,Unknown,EUR,investpy
SVEL,Kendrion,Netherlands,Unknown,EUR,investpy
PHAR,Pharming Group,Netherlands,Unknown,EUR,investpy
ACCG,Accell,Netherlands,Unknown,EUR,investpy
SIPFc,Eurocommercial Properties,Netherlands,Unknown,EUR,investpy
HUDN,Hunter Douglas,Netherlands,Unknown,EUR,investpy
LVIDE,Lavide,Netherlands,Unknown,EUR,investpy
CTAN,CTAC,Netherlands,Unknown,EUR,investpy
BETR,Beter Bed,Netherlands,Unknown,EUR,investpy
SNOW,SnowWorld NV,Netherlands,Unknown,EUR,investpy
TWKNc,TKH Group,Netherlands,Unknown,EUR,investpy
KASNc,KAS Bank,Netherlands,Unknown,EUR,investpy
BESI,BE Semiconductor,Netherlands,Unknown,EUR,investpy
NEDP,Nedap,Netherlands,Unknown,EUR,investpy
AJAX,Ajax,Netherlands,Unknown,EUR,investpy
ICTA,ICT Group,Netherlands,Unknown,EUR,investpy
BRIL,Brill,Netherlands,Unknown,EUR,investpy
ORANW,Oranjewoud NV,Netherlands,Unknown,EUR,investpy
VLAN,Van Lanschot,Netherlands,Unknown,EUR,investpy
ROON,Roodmicrotec,Netherlands,Unknown,EUR,investpy
DGB,DGB Group,Netherlands,Unknown,EUR,investpy
NEWN,Neways Electronics,Netherlands,Unknown,EUR,investpy
EAS2P,Ease2pay,Netherlands,Unknown,EUR,investpy
ARTN,Stern Groep,Netherlands,Unknown,EUR,investpy
YATRA,Yatra Capital,Netherlands,Unknown,EUR,investpy
REL,Relx,Netherlands,Unknown,EUR,investpy
DPA,DPA Group,Netherlands,Unknown,EUR,investpy
PHLX,Inverko,Netherlands,Unknown,EUR,investpy
NEDSE,NedSense,Netherlands,Unknown,EUR,investpy
APAM,Aperam,Netherlands,Unknown,EUR,investpy
PTNL,PostNL,Netherlands,Unknown,EUR,investpy
HYDRA,Hydratec,Netherlands,Unknown,EUR,investpy
TFG,Tetragon,Netherlands,Unknown,EUR,investpy
IEX,Iex Group,Netherlands,Unknown,EUR,investpy
GLPG,Galapagos,Netherlands,Unknown,EUR,investpy
ACCS,Accsys,Netherlands,Unknown,EUR,investpy
ANDP,AND,Netherlands,Unknown,EUR,investpy
ATRS,Atrium Ltd,Netherlands,Unknown,EUR,investpy
BGHL,Boussard Gavaudan,Netherlands,Unknown,EUR,investpy
ESPE,Esperite,Netherlands,Unknown,EUR,investpy
NSEN,New Sources Energy,Netherlands,Unknown,EUR,investpy
SLIGR,Sligro Food,Netherlands,Unknown,EUR,investpy
ARCPF,Arcona Property,Netherlands,Unknown,EUR,investpy
TIEH,Tie Holding,Netherlands,Unknown,EUR,investpy
CCEP,Coca-Cola European,Netherlands,Unknown,EUR,investpy
PRCF,Porceleyne Fles,Netherlands,Unknown,EUR,investpy
CLB,Core Laboratories,Netherlands,Unknown,EUR,investpy
NOVI,Novisource,Netherlands,Unknown,EUR,investpy
AAA,AP Alternative Asset,Netherlands,Unknown,USD,investpy
MORE,HeadFirst Source,Netherlands,Unknown,EUR,investpy
BEVA,Bever Holding NV,Netherlands,Unknown,EUR,investpy
VALU8,Value8,Netherlands,Unknown,EUR,investpy
ECT,Eurocastle Investment,Netherlands,Unknown,EUR,investpy
HEIO,Heineken,Netherlands,Unknown,EUR,investpy
OCI,OCI NV,Netherlands,Unknown,EUR,investpy
TBIRD,Thunderbird Resorts,Netherlands,Unknown,USD,investpy
VTA,Volta Finance,Netherlands,Unknown,EUR,investpy
PSH,Pershing Square,Netherlands,Unknown,USD,investpy
VVY,Vivoryon Therapeutics,Netherlands,Unknown,EUR,investpy
NN,NN Group NV,Netherlands,Unknown,EUR,investpy
IMCD,IMCD NV,Netherlands,Unknown,EUR,investpy
THXLE,Theta Legends,Netherlands,Unknown,EUR,investpy
BOLS,Lucas Bols,Netherlands,Unknown,EUR,investpy
GVNV,Grandvision BV,Netherlands,Unknown,EUR,investpy
FLOW,Flow Traders NV,Netherlands,Unknown,EUR,investpy
KDS,Kiadis Pharma,Netherlands,Unknown,EUR,investpy
ATCA,Altice,Netherlands,Unknown,EUR,investpy
INTER,Intertrust Group Holding SA,Netherlands,Unknown,EUR,investpy
RNTO,Robeco Global,Netherlands,Unknown,EUR,investpy
ABNd,ABN AMRO,Netherlands,Unknown,EUR,investpy
CURE,Curetis NV,Netherlands,Unknown,EUR,investpy
ATCB,Altice NV B,Netherlands,Unknown,EUR,investpy
SIFG,Sif Holding NV,Netherlands,Unknown,EUR,investpy
LIGHT,Signify,Netherlands,Unknown,EUR,investpy
FFARM,ForFarmers,Netherlands,Unknown,EUR,investpy
ASRNL,ASR Nederland,Netherlands,Unknown,EUR,investpy
BFIT,Basic Fit,Netherlands,Unknown,EUR,investpy
ENVI,Envipco,Netherlands,Unknown,EUR,investpy
RBEN,Robeco Global Stars,Netherlands,Unknown,EUR,investpy
RLIN,Rolinco,Netherlands,Unknown,EUR,investpy
UNA,Unilever NV,Netherlands,Unknown,EUR,investpy
TKWY,Takeaway Com,Netherlands,Unknown,EUR,investpy
AVTX,Avantium,Netherlands,Unknown,EUR,investpy
VON,VEON,Netherlands,Unknown,EUR,investpy
KVW,Koninklijke Volker Wessels Stevin,Netherlands,Unknown,EUR,investpy
NRP,NEPI Rockcastle,Netherlands,Unknown,EUR,investpy
REINA,Reinet Invest,Netherlands,Unknown,EUR,investpy
PREVA_p,Value8 Pref,Netherlands,Unknown,EUR,investpy
DSC1,Dutch Star Companies ONE NV,Netherlands,Unknown,EUR,investpy
ALFEN,Alfen Beheer,Netherlands,Unknown,EUR,investpy
BSGR,B&S Group,Netherlands,Unknown,EUR,investpy
NIBC,NIBC Holding,Netherlands,Unknown,EUR,investpy
ADYEN,Adyen,Netherlands,Unknown,EUR,investpy
FASTN,Fastned BV,Netherlands,Unknown,EUR,investpy
MAREL,Marel hf,Netherlands,Unknown,EUR,investpy
PRX,Prosus,Netherlands,Unknown,EUR,investpy
ALHGR,Hoffmann Green,Netherlands,Unknown,EUR,investpy
CMCOM,Cm,Netherlands,Unknown,EUR,investpy
CSGN,Credit Suisse,Switzerland,Unknown,CHF,investpy
ADEN,Adecco N,Switzerland,Unknown,CHF,investpy
CFR,Richemont,Switzerland,Unknown,CHF,investpy
BAER,Julius Baer,Switzerland,Unknown,CHF,investpy
ABBN,ABB,Switzerland,Unknown,CHF,investpy
LHN,LafargeHolcim,Switzerland,Unknown,CHF,investpy
BALN,Baloise Holding,Switzerland,Unknown,CHF,investpy
LOGN,Logitech,Switzerland,Unknown,CHF,investpy
CLN,Clariant,Switzerland,Unknown,CHF,investpy
ZURN,Zurich Insurance Group,Switzerland,Unknown,CHF,investpy
UHR,Swatch I,Switzerland,Unknown,CHF,investpy
SLHN,Swiss Life Holding,Switzerland,Unknown,CHF,investpy
NOVN,Novartis,Switzerland,Unknown,CHF,investpy
NESN,Nestle,Switzerland,Unknown,CHF,investpy
SRENH,Swiss Re,Switzerland,Unknown,CHF,investpy
ROG,Roche Holding Participation,Switzerland,Unknown,CHF,investpy
LONN,Lonza Group,Switzerland,Unknown,CHF,investpy
SCMN,Swisscom,Switzerland,Unknown,CHF,investpy
SGSN,SGS,Switzerland,Unknown,CHF,investpy
KURN,Kuros Biosciences,Switzerland,Unknown,CHF,investpy
OERL,OC Oerlikon Corp,Switzerland,Unknown,CHF,investpy
RIGN,Transocean,Switzerland,Unknown,CHF,investpy
BASFZ,BASF,Switzerland,Unknown,CHF,investpy
SIEGn,Siemens AG,Switzerland,Unknown,CHF,investpy
DANO,Danone,Switzerland,Unknown,CHF,investpy
GE,General Electric,Switzerland,Unknown,CHF,investpy
GEBN,Geberit,Switzerland,Unknown,CHF,investpy
AMS,AMS,Switzerland,Unknown,CHF,investpy
BEAN,Belimo Holding,Switzerland,Unknown,CHF,investpy
VALN,Valora Holding,Switzerland,Unknown,CHF,investpy
BUCN,Bucher Industries,Switzerland,Unknown,CHF,investpy
RIEN,Rieter Holding,Switzerland,Unknown,CHF,investpy
ALLN,Allreal Holding,Switzerland,Unknown,CHF,investpy
FHZN,Flughafen Zurich,Switzerland,Unknown,CHF,investpy
KOMN,Komax Holding,Switzerland,Unknown,CHF,investpy
IFCN,Inficon Holding,Switzerland,Unknown,CHF,investpy
MOBN,Mobimo Hldg,Switzerland,Unknown,CHF,investpy
ASCN,Ascom Holding AG,Switzerland,Unknown,CHF,investpy
DOKA,Dorma Kaba Holding,Switzerland,Unknown,CHF,investpy
TECN,Tecan Group,Switzerland,Unknown,CHF,investpy
BOS,Bossard Holding AG,Switzerland,Unknown,CHF,investpy
VONN,Vontobel Holding,Switzerland,Unknown,CHF,investpy
EMMN,Emmi AG,Switzerland,Unknown,CHF,investpy
BCVN,Banque Cantonale,Switzerland,Unknown,CHF,investpy
EMSN,Ems Chemie Hld,Switzerland,Unknown,CHF,investpy
EVE,Evolva Holding,Switzerland,Unknown,CHF,investpy
IMPN,Implenia,Switzerland,Unknown,CHF,investpy
SCHN,Schindler Holding,Switzerland,Unknown,CHF,investpy
DAE,Daetwyl I,Switzerland,Unknown,CHF,investpy
KARN,Kardex,Switzerland,Unknown,CHF,investpy
ARBNO,Arbonia,Switzerland,Unknown,CHF,investpy
ZEHN,Zehnder,Switzerland,Unknown,CHF,investpy
COPN,COSMO Pharma,Switzerland,Unknown,CHF,investpy
BION,BB Biotech,Switzerland,Unknown,CHF,investpy
SIKA,Sika,Switzerland,Unknown,CHF,investpy
SPSN,Swiss Prime Site,Switzerland,Unknown,CHF,investpy
BARN,Barry Callebaut,Switzerland,Unknown,CHF,investpy
LISN,Lindt & Spruengli,Switzerland,Unknown,CHF,investpy
HELN,Helvetia,Switzerland,Unknown,CHF,investpy
PSPN,PSP Swiss Property,Switzerland,Unknown,CHF,investpy
PGHN,Partners Group,Switzerland,Unknown,CHF,investpy
SCHP,Schindler Ps,Switzerland,Unknown,CHF,investpy
KNIN,Kuehne & Nagel,Switzerland,Unknown,CHF,investpy
SUN,Sulzer,Switzerland,Unknown,CHF,investpy
ARYN,Aryzta,Switzerland,Unknown,CHF,investpy
DKSH,DKSH Holding,Switzerland,Unknown,CHF,investpy
FIN,Georg Fischer,Switzerland,Unknown,CHF,investpy
SOON,Sonova H Ag,Switzerland,Unknown,CHF,investpy
VATN,Valiant,Switzerland,Unknown,CHF,investpy
VIFN,Vifor Pharma,Switzerland,Unknown,CHF,investpy
PARG,Pargesa I,Switzerland,Unknown,CHF,investpy
GAMH,GAM Holding,Switzerland,Unknown,CHF,investpy
LMN,Lastminute.com,Switzerland,Unknown,CHF,investpy
NESNEE,Nestle,Switzerland,Unknown,CHF,investpy
HBMNN,HBM Healthcare Investments AG,Switzerland,Unknown,CHF,investpy
MOLN,Molecular Partners AG,Switzerland,Unknown,CHF,investpy
LISP,Lindt & Sp Ps,Switzerland,Unknown,CHF,investpy
UHRN,Swatch Group N,Switzerland,Unknown,CHF,investpy
UBSG,UBS Group,Switzerland,Unknown,CHF,investpy
SFSN,SFS Group AG,Switzerland,Unknown,CHF,investpy
BELL,Bell AG,Switzerland,Unknown,CHF,investpy
SRCG,Sunrise Communications AG,Switzerland,Unknown,CHF,investpy
SPCE,Spice Priv AG,Switzerland,Unknown,CHF,investpy
ADVN,Adval Tech Holding AG,Switzerland,Unknown,CHF,investpy
ADXN,Addex Therapeutics Ltd,Switzerland,Unknown,CHF,investpy
AEVS,Aevis Victoria,Switzerland,Unknown,CHF,investpy
AIRE,Airesis SA,Switzerland,Unknown,CHF,investpy
AIRN,Airopack Tech Group AG,Switzerland,Unknown,CHF,investpy
ALPH,Alpiq Holding AG,Switzerland,Unknown,CHF,investpy
ALPN,Alpine Select AG,Switzerland,Unknown,CHF,investpy
ALSN,Also Holding AG,Switzerland,Unknown,CHF,investpy
APGN,APG SGA SA,Switzerland,Unknown,CHF,investpy
AUTON,Autoneum Holding AG,Switzerland,Unknown,CHF,investpy
BANB,BACHEM HOLDING AG,Switzerland,Unknown,CHF,investpy
BBN,Bellevue Group AG,Switzerland,Unknown,CHF,investpy
BCGE,Banque Cantonale de Geneve,Switzerland,Unknown,CHF,investpy
BCHN,Burckhardt Compression,Switzerland,Unknown,CHF,investpy
BCJ,Banque Cantonale Du Jura,Switzerland,Unknown,CHF,investpy
BEKN,Berner Kantonalbank AG,Switzerland,Unknown,CHF,investpy
BKWB,BKW AG,Switzerland,Unknown,CHF,investpy
BLIN,BFW Liegenschaften AG,Switzerland,Unknown,CHF,investpy
BLKB,Basellandschaftliche Kantonalbank,Switzerland,Unknown,CHF,investpy
BOBNN,Bobst Group SA,Switzerland,Unknown,CHF,investpy
BPDG,Banque Profil Gestion,Switzerland,Unknown,CHF,investpy
BRKN,Burkhalter Holding AG,Switzerland,Unknown,CHF,investpy
BSKP,Basler Kantonalbank,Switzerland,Unknown,CHF,investpy
BSLN,Basilea Pharmaceutica AG,Switzerland,Unknown,CHF,investpy
BVZN,BVZ Holding AG,Switzerland,Unknown,CHF,investpy
CALN,Calida Holding AG,Switzerland,Unknown,CHF,investpy
CASN,Castle Alternative Invest AG,Switzerland,Unknown,CHF,investpy
CFT,Compagnie Financiere Tradition,Switzerland,Unknown,CHF,investpy
CICN,Cicor Technologies Ltd,Switzerland,Unknown,CHF,investpy
CIE,CI Com SA,Switzerland,Unknown,CHF,investpy
CLTN,Coltene Holding AG,Switzerland,Unknown,CHF,investpy
CLXN,Crealogix Holding AG,Switzerland,Unknown,CHF,investpy
CMBN,Cembra Money Bank AG,Switzerland,Unknown,CHF,investpy
CONC,Conzzeta AG,Switzerland,Unknown,CHF,investpy
COTNE,Comet,Switzerland,Unknown,CHF,investpy
CPE,Castle Private Equity AG,Switzerland,Unknown,CHF,investpy
CHAMA,Cham Group,Switzerland,Unknown,CHF,investpy
CPHN,CPH Chemie und Papier Holding,Switzerland,Unknown,CHF,investpy
DCN,Datacolor AG,Switzerland,Unknown,CHF,investpy
DESN,Dottikon Es Holding AG,Switzerland,Unknown,CHF,investpy
DUFN,Dufry,Switzerland,Unknown,CHF,investpy
EDHN,Energiedienst Holding AG,Switzerland,Unknown,CHF,investpy
EFGN,EFG International AG,Switzerland,Unknown,CHF,investpy
ELMN,Elma Electronic AG,Switzerland,Unknown,CHF,investpy
ESUN,Edisun Power Europe AG,Switzerland,Unknown,CHF,investpy
FORN,Forbo Holding AG,Switzerland,Unknown,CHF,investpy
FTON,Feintool International Holding,Switzerland,Unknown,CHF,investpy
GAV,Carlo Gavazzi Holding AG,Switzerland,Unknown,CHF,investpy
LUMX,LumX,Switzerland,Unknown,CHF,investpy
GMI,Groupe Minoteries SA,Switzerland,Unknown,CHF,investpy
GRKP,Graubuendner Kantonalbank,Switzerland,Unknown,CHF,investpy
GUR,Gurit Holding AG,Switzerland,Unknown,CHF,investpy
HBLN,Hypothekarbank Lenzburg AG,Switzerland,Unknown,CHF,investpy
HBMN,HBM Healthcare Investments,Switzerland,Unknown,CHF,investpy
HIAG,HIAG Immobilien Holding AG,Switzerland,Unknown,CHF,investpy
HLEE,Highlight Event Entertainment,Switzerland,Unknown,CHF,investpy
HOCN,Hochdorf Holding AG,Switzerland,Unknown,CHF,investpy
HREN,Romande Energie Holding SA,Switzerland,Unknown,CHF,investpy
HUBN,Huber+suhner AG,Switzerland,Unknown,CHF,investpy
INRN,Interroll Holding AG,Switzerland,Unknown,CHF,investpy
ISN,Intershop Holding AG,Switzerland,Unknown,CHF,investpy
JFN,Jungfraubahn,Switzerland,Unknown,CHF,investpy
KUD,Kudelski,Switzerland,Unknown,CHF,investpy
LECN,Leclanche SA,Switzerland,Unknown,CHF,investpy
LEHN,Lem Holding SA,Switzerland,Unknown,CHF,investpy
LEON,Leonteq AG,Switzerland,Unknown,CHF,investpy
LINN,Bank Linth LLB AG,Switzerland,Unknown,CHF,investpy
MBTN,Meyer Burger Tech AG,Switzerland,Unknown,CHF,investpy
NBEN,Nebag ag,Switzerland,Unknown,CHF,investpy
NEV,New Venturetec AG,Switzerland,Unknown,CHF,investpy
NEWN,New Value AG,Switzerland,Unknown,CHF,investpy
PEHN,Private Equity Holding AG,Switzerland,Unknown,CHF,investpy
STMN,Straumann Holding AG,Switzerland,Unknown,CHF,investpy
TEMN,Temenos Group AG,Switzerland,Unknown,CHF,investpy
BALNE,Baloise N 2L,Switzerland,Unknown,CHF,investpy
MOZN,mobilezone ag,Switzerland,Unknown,CHF,investpy
BAP,Groupe Baumgartner Holding,Switzerland,Unknown,CHF,investpy
AAPLEUR,Apple,Switzerland,Unknown,EUR,investpy
BAYGnEUR,Bayer,Switzerland,Unknown,EUR,investpy
BEIGEUR,Beiersdorf AG,Switzerland,Unknown,EUR,investpy
DAIGnEUR,Daimler,Switzerland,Unknown,EUR,investpy
DBKGnEUR,Deutsche Bank AG,Switzerland,Unknown,EUR,investpy
FREGEUR,Fresenius SE,Switzerland,Unknown,EUR,investpy
HEIGEUR,Heidelbergcement,Switzerland,Unknown,EUR,investpy
IFXGnEUR,Infineon,Switzerland,Unknown,EUR,investpy
MRCGEUR,Merck,Switzerland,Unknown,EUR,investpy
RWEGEUR,RWE AG ST,Switzerland,Unknown,EUR,investpy
TKAGEUR,Thyssenkrupp AG,Switzerland,Unknown,EUR,investpy
BMWGEUR,BMW ST,Switzerland,Unknown,EUR,investpy
DPWGnEUR,Deutsche Post,Switzerland,Unknown,EUR,investpy
DTEGnEUR,Deutsche Telekom AG,Switzerland,Unknown,EUR,investpy
LHAGEUR,Lufthansa,Switzerland,Unknown,EUR,investpy
LXSGEUR,Lanxess AG,Switzerland,Unknown,EUR,investpy
FMEGEUR,Fresenius ST,Switzerland,Unknown,EUR,investpy
LLBN,Liechtensteinische Landesbank,Switzerland,Unknown,CHF,investpy
LUKN,Luzerner Kantonalbank AG,Switzerland,Unknown,CHF,investpy
MCHN,MCH Group AG,Switzerland,Unknown,CHF,investpy
METN,Metall Zug AG,Switzerland,Unknown,CHF,investpy
MIKN,Mikron Holding AG,Switzerland,Unknown,CHF,investpy
MUVGnEUR,Muench. Rueckvers.,Switzerland,Unknown,EUR,investpy
NWRN,Newron Pharmaceuticals,Switzerland,Unknown,CHF,investpy
ODHN,Orascom Development,Switzerland,Unknown,CHF,investpy
OFN,Orell Fuessli Holding AG,Switzerland,Unknown,CHF,investpy
ORON,Orior AG,Switzerland,Unknown,CHF,investpy
NTIV,Native,Switzerland,Unknown,CHF,investpy
PEAN,Peach Property Group AG,Switzerland,Unknown,CHF,investpy
PEDU,Perrot Duval Holding SA,Switzerland,Unknown,CHF,investpy
PLANZ,Plazza Immobilien AG,Switzerland,Unknown,CHF,investpy
PM,Phoenix Mecano AG,Switzerland,Unknown,CHF,investpy
PRFN,Perfect Holding SA,Switzerland,Unknown,CHF,investpy
PWTN,Panalpina Welttransport,Switzerland,Unknown,CHF,investpy
RLD,Edmond de Rothschild Suisse SA,Switzerland,Unknown,CHF,investpy
RO,Roche Holding,Switzerland,Unknown,CHF,investpy
ROL,Von Roll Holding AG,Switzerland,Unknown,CHF,investpy
SAHN,Schaffner Holding AG,Switzerland,Unknown,CHF,investpy
SANN,Santhera Pharmaceuticals Holding,Switzerland,Unknown,CHF,investpy
SFPN,Swiss Finance & Property Invest,Switzerland,Unknown,CHF,investpy
SFZN,Siegfried Holding Ltd,Switzerland,Unknown,CHF,investpy
SGKN,St Galler Kantonalbank AG,Switzerland,Unknown,CHF,investpy
SHLTN,S H L Telemedicine Ltd,Switzerland,Unknown,CHF,investpy
SKIN,Cassiopea SpA,Switzerland,Unknown,CHF,investpy
SNBN,Schweizerische Nationalbank,Switzerland,Unknown,CHF,investpy
SQN,Swissquote Group Holding SA,Switzerland,Unknown,CHF,investpy
STGN,Starrag Group Holding AG,Switzerland,Unknown,CHF,investpy
STLN,Schmolz & Bickenbach AG,Switzerland,Unknown,CHF,investpy
STRN,Schlatter Industries AG,Switzerland,Unknown,CHF,investpy
SWTQ,Schweiter Tech,Switzerland,Unknown,CHF,investpy
TAMN,Tamedia AG,Switzerland,Unknown,CHF,investpy
TIBN,Bergbahnen Engelberg Truebsee,Switzerland,Unknown,CHF,investpy
TKBP,Thurgauer Kantonalbank,Switzerland,Unknown,CHF,investpy
RLFB,Therametrics holding,Switzerland,Unknown,CHF,investpy
TOHN,Tornos,Switzerland,Unknown,CHF,investpy
UBXN,U Blox Holding AG,Switzerland,Unknown,CHF,investpy
ARONL,Arundel,Switzerland,Unknown,CHF,investpy
VAHN,Vaudoise Assurances Holding SA,Switzerland,Unknown,CHF,investpy
VBSN,IVF Hartmann Holding AG,Switzerland,Unknown,CHF,investpy
VET,Vetropack Holding SA,Switzerland,Unknown,CHF,investpy
VILN,Villars Holding SA,Switzerland,Unknown,CHF,investpy
VLRT,Valartis,Switzerland,Unknown,CHF,investpy
VPBN,VP Bank AG,Switzerland,Unknown,CHF,investpy
VZN,VZ Holding AG,Switzerland,Unknown,CHF,investpy
WARN,Warteck Invest Ltd,Switzerland,Unknown,CHF,investpy
WKB,Banque Cantonale du Valais,Switzerland,Unknown,CHF,investpy
METG,Walter Meier,Switzerland,Unknown,CHF,investpy
YPSN,Ypsomed Holding AG,Switzerland,Unknown,CHF,investpy
ZBH,Zimmer Biomet,Switzerland,Unknown,CHF,investpy
ZG,Zuger Kantonalbank,Switzerland,Unknown,CHF,investpy
ZUBN,Zueblin Immobilien Holding AG,Switzerland,Unknown,CHF,investpy
ZUGN,Zug Estates Holding AG,Switzerland,Unknown,CHF,investpy
ZWM,Zwahlen et Mayr SA,Switzerland,Unknown,CHF,investpy
ALVGEUR,Allianz,Switzerland,Unknown,EUR,investpy
DB1GnEUR,Deutsche Boerse,Switzerland,Unknown,EUR,investpy
EONGnEUR,E.ON SE,Switzerland,Unknown,EUR,investpy
SAPGEUR,SAP,Switzerland,Unknown,EUR,investpy
SIEGnEUR,Siemens AG,Switzerland,Unknown,EUR,investpy
GLKBN,Glarner Kantonalbank,Switzerland,Unknown,CHF,investpy
KHC,Kraft Heinz,Switzerland,Unknown,CHF,investpy
ENGIE,Engie,Switzerland,Unknown,CHF,investpy
HNKG_pEUR,Henkel VZO,Switzerland,Unknown,EUR,investpy
ADSGnEUR,Adidas,Switzerland,Unknown,EUR,investpy
CONGEUR,Continental AG,Switzerland,Unknown,EUR,investpy
PYPL,PayPal Holdings Inc,Switzerland,Unknown,CHF,investpy
RACE,Ferrari NV,Switzerland,Unknown,CHF,investpy
SDFGnEUR,K+S AG,Switzerland,Unknown,EUR,investpy
VNAn,Vonovia,Switzerland,Unknown,CHF,investpy
FTI,TechnipFMC,Switzerland,Unknown,CHF,investpy
EW,Edwards Lifesciences,Switzerland,Unknown,CHF,investpy
TSC,Tractor Supply,Switzerland,Unknown,CHF,investpy
WIHN,Wisekey International,Switzerland,Unknown,CHF,investpy
TELIA,Telia Company,Switzerland,Unknown,CHF,investpy
VACN,VAT Group,Switzerland,Unknown,CHF,investpy
RDSB,Royal Dutch Shell B,Switzerland,Unknown,CHF,investpy
NTES,NetEase,Switzerland,Unknown,CHF,investpy
IREN,Investis,Switzerland,Unknown,CHF,investpy
GLJ,Grenke,Switzerland,Unknown,CHF,investpy
INGA,ING Groep,Switzerland,Unknown,CHF,investpy
GIVN,Givaudan,Switzerland,Unknown,CHF,investpy
AAPLUSD,Apple,Switzerland,Unknown,USD,investpy
AMZNUSD,Amazon.com,Switzerland,Unknown,USD,investpy
BMYUSD,Bristol-Myers Squibb,Switzerland,Unknown,USD,investpy
MOUSD,Altria,Switzerland,Unknown,USD,investpy
NFLXUSD,Netflix,Switzerland,Unknown,USD,investpy
QCOMUSD,Qualcomm,Switzerland,Unknown,USD,investpy
TSLAUSD,Tesla,Switzerland,Unknown,USD,investpy
WFCUSD,Wells Fargo&Co,Switzerland,Unknown,USD,investpy
BABAUSD,Alibaba ADR,Switzerland,Unknown,USD,investpy
GOOGLUSD,Alphabet A,Switzerland,Unknown,USD,investpy
AMDUSD,AMD,Switzerland,Unknown,USD,investpy
GILDUSD,Gilead,Switzerland,Unknown,USD,investpy
GMUSD,General Motors,Switzerland,Unknown,USD,investpy
IBMUSD,IBM,Switzerland,Unknown,USD,investpy
JNJUSD,J&J,Switzerland,Unknown,USD,investpy
JPMUSD,JPMorgan,Switzerland,Unknown,USD,investpy
MDLZUSD,Mondelez,Switzerland,Unknown,USD,investpy
MRKUSD,Merck&Co,Switzerland,Unknown,USD,investpy
RIGNUSD,Transocean,Switzerland,Unknown,USD,investpy
SBUXUSD,Starbucks,Switzerland,Unknown,USD,investpy
TUSD,AT&T,Switzerland,Unknown,USD,investpy
TWTRUSD,Twitter Inc,Switzerland,Unknown,USD,investpy
VLOF,Valeo,Switzerland,Unknown,CHF,investpy
INTCUSD,Intel,Switzerland,Unknown,USD,investpy
CSCOUSD,Cisco,Switzerland,Unknown,USD,investpy
HDUSD,Home Depot,Switzerland,Unknown,USD,investpy
NKEUSD,Nike,Switzerland,Unknown,USD,investpy
UNIPE,Uniper SE,Switzerland,Unknown,CHF,investpy
CELGUSD,Celgene,Switzerland,Unknown,USD,investpy
CUSD,Citigroup,Switzerland,Unknown,USD,investpy
FBUSD,Facebook,Switzerland,Unknown,USD,investpy
XOMUSD,Exxon Mobil,Switzerland,Unknown,USD,investpy
KOUSD,Coca-Cola,Switzerland,Unknown,USD,investpy
GPROUSD,GoPro Inc,Switzerland,Unknown,USD,investpy
INNOG,Innogy,Switzerland,Unknown,CHF,investpy
CVXUSD,Chevron,Switzerland,Unknown,USD,investpy
GLWUSD,Corning,Switzerland,Unknown,USD,investpy
VZUSD,Verizon,Switzerland,Unknown,USD,investpy
MSFTUSD,Microsoft,Switzerland,Unknown,USD,investpy
FCXUSD,Freeport-McMoran,Switzerland,Unknown,USD,investpy
PMAG,PIERER Mobility AG,Switzerland,Unknown,CHF,investpy
PGUSD,Procter&Gamble,Switzerland,Unknown,USD,investpy
DISUSD,Walt Disney,Switzerland,Unknown,USD,investpy
FSLRUSD,First Solar,Switzerland,Unknown,USD,investpy
HPQAUSD,HP Inc,Switzerland,Unknown,USD,investpy
MUUSD,Micron,Switzerland,Unknown,USD,investpy
0992,Lenovo Group,Switzerland,Unknown,CHF,investpy
6758,Sony,Switzerland,Unknown,CHF,investpy
AAL,Anglo American,Switzerland,Unknown,CHF,investpy
AAPL,Apple,Switzerland,Unknown,CHF,investpy
ABI,Anheuser Busch Inbev,Switzerland,Unknown,CHF,investpy
ABT,Abbott Labs,Switzerland,Unknown,CHF,investpy
ABX,Barrick Gold,Switzerland,Unknown,CHF,investpy
ACCP,Accor,Switzerland,Unknown,CHF,investpy
ADBE,Adobe,Switzerland,Unknown,CHF,investpy
ADSGn,Adidas,Switzerland,Unknown,CHF,investpy
AEGN,Aegon,Switzerland,Unknown,CHF,investpy
AEM,Agnico Eagle Mines,Switzerland,Unknown,CHF,investpy
AFXG,Carl Zeiss AG,Switzerland,Unknown,CHF,investpy
AIR,Airbus Group,Switzerland,Unknown,CHF,investpy
AIRP,Air Liquide,Switzerland,Unknown,CHF,investpy
ALSO,Alstom,Switzerland,Unknown,CHF,investpy
ALVG,Allianz,Switzerland,Unknown,CHF,investpy
AMD,AMD,Switzerland,Unknown,CHF,investpy
AMGN,Amgen,Switzerland,Unknown,CHF,investpy
AMZN,Amazon.com,Switzerland,Unknown,CHF,investpy
ANFO,UBS CH Property Fund Leman,Switzerland,Unknown,CHF,investpy
ASML,ASML Holding,Switzerland,Unknown,CHF,investpy
ATSV,At&S Austria,Switzerland,Unknown,CHF,investpy
AUDKt,RTL Group,Switzerland,Unknown,CHF,investpy
AXAF,AXA,Switzerland,Unknown,CHF,investpy
AXP,American Express,Switzerland,Unknown,CHF,investpy
AZN,AstraZeneca,Switzerland,Unknown,CHF,investpy
BA,Boeing,Switzerland,Unknown,CHF,investpy
BAC,Bank of America,Switzerland,Unknown,CHF,investpy
BARC,Barclays,Switzerland,Unknown,CHF,investpy
BATS,British American Tobacco,Switzerland,Unknown,CHF,investpy
BAYGn,Bayer,Switzerland,Unknown,CHF,investpy
BEIG,Beiersdorf AG,Switzerland,Unknown,CHF,investpy
BHP1,BHP Billiton Ltd,Switzerland,Unknown,CHF,investpy
BIIB,Biogen,Switzerland,Unknown,CHF,investpy
BIM,Bonhote Immobilier,Switzerland,Unknown,CHF,investpy
BLD,Ballard,Switzerland,Unknown,CHF,investpy
BLT,BHP Group,Switzerland,Unknown,CHF,investpy
BMWG,BMW ST,Switzerland,Unknown,CHF,investpy
BMY,Bristol-Myers Squibb,Switzerland,Unknown,CHF,investpy
BNPP,BNP Paribas,Switzerland,Unknown,CHF,investpy
BOSSn,Hugo Boss AG,Switzerland,Unknown,CHF,investpy
BP,BP,Switzerland,Unknown,CHF,investpy
BRKb,Berkshire Hathaway B,Switzerland,Unknown,CHF,investpy
BVB,Borussia Dortmund,Switzerland,Unknown,CHF,investpy
C,Citigroup,Switzerland,Unknown,CHF,investpy
CADOn,Comercial del Plata N,Switzerland,Unknown,CHF,investpy
CAGR,Credit Agricole,Switzerland,Unknown,CHF,investpy
CARR,Carrefour,Switzerland,Unknown,CHF,investpy
CAT,Caterpillar,Switzerland,Unknown,CHF,investpy
CBKG,Commerzbank,Switzerland,Unknown,CHF,investpy
CCO,Cameco,Switzerland,Unknown,CHF,investpy
CDE,Coeur Mining,Switzerland,Unknown,CHF,investpy
CELG,Celgene,Switzerland,Unknown,CHF,investpy
CHD,Church&Dwight,Switzerland,Unknown,CHF,investpy
CL,Colgate-Palmolive,Switzerland,Unknown,CHF,investpy
CNAT,Natixis,Switzerland,Unknown,CHF,investpy
COKG,Cancom SE,Switzerland,Unknown,CHF,investpy
COLOb,Coloplast,Switzerland,Unknown,CHF,investpy
CONG,Continental AG,Switzerland,Unknown,CHF,investpy
COP,ConocoPhillips,Switzerland,Unknown,CHF,investpy
CRDI,UniCredit,Switzerland,Unknown,CHF,investpy
CRMS,Salesforce.com,Switzerland,Unknown,CHF,investpy
CSCO,Cisco,Switzerland,Unknown,CHF,investpy
CSLP,CS Real Estate Fund LivingPlus,Switzerland,Unknown,CHF,investpy
CTSH,Cognizant A,Switzerland,Unknown,CHF,investpy
CVX,Chevron,Switzerland,Unknown,CHF,investpy
DAIGn,Daimler,Switzerland,Unknown,CHF,investpy
DALI,Delta Air Lines,Switzerland,Unknown,CHF,investpy
DB1Gn,Deutsche Boerse,Switzerland,Unknown,CHF,investpy
DBANn,Deutsche Beteiligungs AG,Switzerland,Unknown,CHF,investpy
DBKGn,Deutsche Bank AG,Switzerland,Unknown,CHF,investpy
DDD,3D Systems,Switzerland,Unknown,CHF,investpy
DEZG,Deutz AG,Switzerland,Unknown,CHF,investpy
DIS,Walt Disney,Switzerland,Unknown,CHF,investpy
DPWGn,Deutsche Post,Switzerland,Unknown,CHF,investpy
DRPF,UBS CH Property Direct Residential,Switzerland,Unknown,CHF,investpy
DTEGn,Deutsche Telekom AG,Switzerland,Unknown,CHF,investpy
DUEG,Duerr AG,Switzerland,Unknown,CHF,investpy
DWNG,Deutsche Wohnen,Switzerland,Unknown,CHF,investpy
EDF,Electricite de France,Switzerland,Unknown,CHF,investpy
EDP,EDP,Switzerland,Unknown,CHF,investpy
EMR,Emerson,Switzerland,Unknown,CHF,investpy
ENEI,Enel,Switzerland,Unknown,CHF,investpy
ENI,ENI,Switzerland,Unknown,CHF,investpy
EONGn,E.ON SE,Switzerland,Unknown,CHF,investpy
EPED,Faurecia,Switzerland,Unknown,CHF,investpy
EPH,Eastern Property Holdings,Switzerland,Unknown,USD,investpy
ERRES,Edmond de Rothschild RE,Switzerland,Unknown,CHF,investpy
ESSI,EssilorLuxottica,Switzerland,Unknown,CHF,investpy
EVKn,Evonik,Switzerland,Unknown,CHF,investpy
EVTG,Evotec AG,Switzerland,Unknown,CHF,investpy
FB,Facebook,Switzerland,Unknown,CHF,investpy
FCX,Freeport-McMoran,Switzerland,Unknown,CHF,investpy
FIEG,Fielmann AG,Switzerland,Unknown,CHF,investpy
FIR,FIR,Switzerland,Unknown,CHF,investpy
FMEG,Fresenius ST,Switzerland,Unknown,CHF,investpy
FNTGn,Freenet AG,Switzerland,Unknown,CHF,investpy
FOC,La Fonciere,Switzerland,Unknown,CHF,investpy
FONC,Ubs Property Fd Leman Residential,Switzerland,Unknown,CHF,investpy
FREG,Fresenius SE,Switzerland,Unknown,CHF,investpy
FSLR,First Solar,Switzerland,Unknown,CHF,investpy
G1AG,GEA Group AG,Switzerland,Unknown,CHF,investpy
GASI,Generali,Switzerland,Unknown,CHF,investpy
GBFG,Bilfinger SE,Switzerland,Unknown,CHF,investpy
GFIJ,Gold Fields,Switzerland,Unknown,CHF,investpy
GILD,Gilead,Switzerland,Unknown,CHF,investpy
GIS,General Mills,Switzerland,Unknown,CHF,investpy
GLOBI,Credit Suisse RE Global,Switzerland,Unknown,CHF,investpy
GMMG,Grammer AG,Switzerland,Unknown,CHF,investpy
GOOGL,Alphabet A,Switzerland,Unknown,CHF,investpy
GPRO,GoPro Inc,Switzerland,Unknown,CHF,investpy
GREEN,Credit Suisse RE Green Property,Switzerland,Unknown,CHF,investpy
GSK,GlaxoSmithKline,Switzerland,Unknown,CHF,investpy
GXIG,Gerresheimer AG,Switzerland,Unknown,CHF,investpy
HABG,Hamborner AG,Switzerland,Unknown,CHF,investpy
HAL,Halliburton,Switzerland,Unknown,CHF,investpy
HD,Home Depot,Switzerland,Unknown,CHF,investpy
HDDG,Heidelberger Druckmaschinen,Switzerland,Unknown,CHF,investpy
HEIG,Heidelbergcement,Switzerland,Unknown,CHF,investpy
HEIN,Heineken,Switzerland,Unknown,CHF,investpy
HHFGn,Hamburger Hafen A-SP,Switzerland,Unknown,CHF,investpy
HL,Hecla Mining,Switzerland,Unknown,CHF,investpy
HMb,H&M B,Switzerland,Unknown,CHF,investpy
HNRGn,Hannover Rueckversicherung SE,Switzerland,Unknown,CHF,investpy
HOSP,CS Real Estate Hospitality,Switzerland,Unknown,CHF,investpy
HOTG,Hochtief AG,Switzerland,Unknown,CHF,investpy
IBM,IBM,Switzerland,Unknown,CHF,investpy
IFXGn,Infineon,Switzerland,Unknown,CHF,investpy
IM,Immofonds Immobilien,Switzerland,Unknown,CHF,investpy
IMHE,Immo Helvetic,Switzerland,Unknown,CHF,investpy
INGC,Ingenico,Switzerland,Unknown,CHF,investpy
INT,CS Real Estate Fund Interswiss,Switzerland,Unknown,CHF,investpy
INTC,Intel,Switzerland,Unknown,CHF,investpy
ISP,Intesa Sanpaolo,Switzerland,Unknown,CHF,investpy
ISRGS,Intuitive Surgical,Switzerland,Unknown,CHF,investpy
JNJ,J&J,Switzerland,Unknown,CHF,investpy
JPM,JPMorgan,Switzerland,Unknown,CHF,investpy
KGC,Kinross Gold,Switzerland,Unknown,CHF,investpy
KGX,Kion Group AG,Switzerland,Unknown,CHF,investpy
KO,Coca-Cola,Switzerland,Unknown,CHF,investpy
KU2G,Kuka AG,Switzerland,Unknown,CHF,investpy
LHAG,Lufthansa,Switzerland,Unknown,CHF,investpy
LLOY,Lloyds Banking,Switzerland,Unknown,CHF,investpy
LMT,Lockheed Martin,Switzerland,Unknown,CHF,investpy
LVMH,Louis Vuitton,Switzerland,Unknown,CHF,investpy
MCD,McDonald’s,Switzerland,Unknown,CHF,investpy
MDLZ,Mondelez,Switzerland,Unknown,CHF,investpy
MDT,Medtronic,Switzerland,Unknown,CHF,investpy
CECG,Ceconomy,Switzerland,Unknown,CHF,investpy
MMM,3M,Switzerland,Unknown,CHF,investpy
MO,Altria,Switzerland,Unknown,CHF,investpy
MORG,Morphosys AG,Switzerland,Unknown,CHF,investpy
MRCG,Merck,Switzerland,Unknown,CHF,investpy
MSFT,Microsoft,Switzerland,Unknown,CHF,investpy
MU,Micron,Switzerland,Unknown,CHF,investpy
MUVGn,Muench. Rueckvers.,Switzerland,Unknown,CHF,investpy
NCM,Newcrest Mining,Switzerland,Unknown,CHF,investpy
NDB,Nordea Bank,Switzerland,Unknown,CHF,investpy
NDXG,Nordex SE,Switzerland,Unknown,CHF,investpy
NEM,Newmont Goldcorp,Switzerland,Unknown,CHF,investpy
NFLX,Netflix,Switzerland,Unknown,CHF,investpy
NHY,Norsk Hydro,Switzerland,Unknown,CHF,investpy
NKE,Nike,Switzerland,Unknown,CHF,investpy
NOEJ,Norma AG,Switzerland,Unknown,CHF,investpy
NOVOb,Novo Nordisk B,Switzerland,Unknown,CHF,investpy
NVDA,NVIDIA,Switzerland,Unknown,CHF,investpy
NZYMb,Novozymes B,Switzerland,Unknown,CHF,investpy
O2Dn,Telefonica Deutschland AG,Switzerland,Unknown,CHF,investpy
ORCL,Oracle,Switzerland,Unknown,CHF,investpy
OSRn,Osram Licht,Switzerland,Unknown,CHF,investpy
P1ZGn,Patrizia Immobilien,Switzerland,Unknown,CHF,investpy
PAA,Pan American Silver,Switzerland,Unknown,CHF,investpy
BKNG,Booking,Switzerland,Unknown,CHF,investpy
PEP,PepsiCo,Switzerland,Unknown,CHF,investpy
PEUP,Peugeot,Switzerland,Unknown,CHF,investpy
PG,Procter&Gamble,Switzerland,Unknown,CHF,investpy
PMI,Philip Morris,Switzerland,Unknown,CHF,investpy
PNDORA,Pandora,Switzerland,Unknown,CHF,investpy
PSCF,Procimmo Swiss Commercial,Switzerland,Unknown,CHF,investpy
PSMGn,Prosiebensat,Switzerland,Unknown,CHF,investpy
PSREF,Patrimonium Swiss RE,Switzerland,Unknown,CHF,investpy
PTNL,PostNL,Switzerland,Unknown,CHF,investpy
PUMG,Puma SE,Switzerland,Unknown,CHF,investpy
QCOM,Qualcomm,Switzerland,Unknown,CHF,investpy
RBIV,Raiffeisen Bank,Switzerland,Unknown,CHF,investpy
RBS,RBS PLC,Switzerland,Unknown,CHF,investpy
RDSa,Royal Dutch Shell A,Switzerland,Unknown,CHF,investpy
REGN,Regeneron Pharma,Switzerland,Unknown,CHF,investpy
RENA,Renault,Switzerland,Unknown,CHF,investpy
RHMG,Rheinmetall AG,Switzerland,Unknown,CHF,investpy
RIO,Rio Tinto PLC,Switzerland,Unknown,CHF,investpy
RLIN,Rolinco,Switzerland,Unknown,CHF,investpy
RSPF,Realstone Swiss Pro-RTS,Switzerland,Unknown,CHF,investpy
RUSE,ENR Russia Invest,Switzerland,Unknown,CHF,investpy
RWEG,RWE AG ST,Switzerland,Unknown,CHF,investpy
S92G,SMA Solar AG,Switzerland,Unknown,CHF,investpy
SAPG,SAP,Switzerland,Unknown,CHF,investpy
SASY,Sanofi,Switzerland,Unknown,CHF,investpy
SAXG,Stroeer,Switzerland,Unknown,CHF,investpy
SBOE,Schoeller-Bleckmann AG,Switzerland,Unknown,CHF,investpy
SBUX,Starbucks,Switzerland,Unknown,CHF,investpy
SCAb,SCA B,Switzerland,Unknown,CHF,investpy
SCR,SCOR,Switzerland,Unknown,CHF,investpy
SDFGn,K+S AG,Switzerland,Unknown,CHF,investpy
SGEF,Vinci,Switzerland,Unknown,CHF,investpy
SGOB,Saint Gobain,Switzerland,Unknown,CHF,investpy
SIAT,CS RE Siat,Switzerland,Unknown,CHF,investpy
SIC,Swisscanto CH RE Ifca,Switzerland,Unknown,CHF,investpy
SIMA,UBS CH Property Swiss Mixed Sima,Switzerland,Unknown,CHF,investpy
SIXG,Sixt AG ST,Switzerland,Unknown,CHF,investpy
SLB,Schlumberger,Switzerland,Unknown,CHF,investpy
SLW,Wheaton Precious Metals,Switzerland,Unknown,CHF,investpy
SOGN,Societe Generale,Switzerland,Unknown,CHF,investpy
SOL,Solvalor 61,Switzerland,Unknown,CHF,investpy
SPLK,Splunk,Switzerland,Unknown,CHF,investpy
SREA,UBS SW Swissreal,Switzerland,Unknown,CHF,investpy
SREIF,Swissinvest RE,Switzerland,Unknown,CHF,investpy
SRI,Schroder Immoplus,Switzerland,Unknown,CHF,investpy
STAFR,RESIDENTIA CHF,Switzerland,Unknown,CHF,investpy
STL,Equinor,Switzerland,Unknown,CHF,investpy
SW,Sierra Wireless,Switzerland,Unknown,CHF,investpy
SW1,SHW AG,Switzerland,Unknown,CHF,investpy
T,AT&T,Switzerland,Unknown,CHF,investpy
TLXGn,Talanx AG,Switzerland,Unknown,CHF,investpy
TMUS,T-Mobile US,Switzerland,Unknown,CHF,investpy
TSLA,Tesla,Switzerland,Unknown,CHF,investpy
TTIGn,Tom Tailor AG,Switzerland,Unknown,CHF,investpy
TTKG,Takkt AG,Switzerland,Unknown,CHF,investpy
TWTR,Twitter Inc,Switzerland,Unknown,CHF,investpy
UAAA,Under Armour A,Switzerland,Unknown,CHF,investpy
UBIP,Ubisoft,Switzerland,Unknown,CHF,investpy
UIS,Unisys,Switzerland,Unknown,CHF,investpy
UTDI,United Internet AG,Switzerland,Unknown,CHF,investpy
UTX,United Technologies,Switzerland,Unknown,CHF,investpy
V,Visa A,Switzerland,Unknown,CHF,investpy
VIE,Veolia Environnement,Switzerland,Unknown,CHF,investpy
VIV,Vivendi,Switzerland,Unknown,CHF,investpy
VLLP,Vallourec,Switzerland,Unknown,CHF,investpy
VLS,Valneva,Switzerland,Unknown,CHF,investpy
VOD,Vodafone Group PLC,Switzerland,Unknown,CHF,investpy
VOWG,Volkswagen ST,Switzerland,Unknown,CHF,investpy
VRX,Bausch Health,Switzerland,Unknown,CHF,investpy
VWS,Vestas Wind,Switzerland,Unknown,CHF,investpy
WACGn,Wacker Neuson,Switzerland,Unknown,CHF,investpy
WBSV,Wienerberger AG,Switzerland,Unknown,CHF,investpy
WDIG,Wirecard AG,Switzerland,Unknown,CHF,investpy
WFC,Wells Fargo&Co,Switzerland,Unknown,CHF,investpy
WMT,Walmart,Switzerland,Unknown,CHF,investpy
WPL,Woodside Petroleum,Switzerland,Unknown,CHF,investpy
XOM,Exxon Mobil,Switzerland,Unknown,CHF,investpy
XRX,Xerox,Switzerland,Unknown,CHF,investpy
YAR,Yara International,Switzerland,Unknown,CHF,investpy
YRI,Yamana Gold,Switzerland,Unknown,CHF,investpy
ZALG,Zalando SE,Switzerland,Unknown,CHF,investpy
ZNGA,Zynga,Switzerland,Unknown,CHF,investpy
ZO1G,Zooplus AG,Switzerland,Unknown,CHF,investpy
CLUSD,Colgate-Palmolive,Switzerland,Unknown,USD,investpy
BAUSD,Boeing,Switzerland,Unknown,EUR,investpy
GSUSD,Goldman Sachs,Switzerland,Unknown,EUR,investpy
BKNGUSD,Booking,Switzerland,Unknown,EUR,investpy
VARN,Varia US,Switzerland,Unknown,CHF,investpy
PYPLUSD,PayPal Holdings Inc,Switzerland,Unknown,USD,investpy
TOTF,Total,Switzerland,Unknown,CHF,investpy
SNAP,Snap,Switzerland,Unknown,CHF,investpy
SNAPC,Snap,Switzerland,Unknown,USD,investpy
GALE,Galenica Sante,Switzerland,Unknown,CHF,investpy
IDIA,Idorsia,Switzerland,Unknown,CHF,investpy
ROSEG,Zur Rose,Switzerland,Unknown,CHF,investpy
GEBNE,Geberit 2L,Switzerland,Unknown,CHF,investpy
LANDI,Landis&Gyr,Switzerland,Unknown,CHF,investpy
PNHO,Poenina,Switzerland,Unknown,CHF,investpy
BTC,Bitcoin Group,Switzerland,Unknown,CHF,investpy
ASWN,Asmallworld,Switzerland,Unknown,CHF,investpy
SENSI,Sensirion,Switzerland,Unknown,CHF,investpy
CEVAL,CEVA Logistics,Switzerland,Unknown,CHF,investpy
POLN,Polyphor,Switzerland,Unknown,CHF,investpy
MEDA,Medartis,Switzerland,Unknown,CHF,investpy
SPF,Spotify Tech,Switzerland,Unknown,CHF,investpy
UBSGE,UBS Group,Switzerland,Unknown,CHF,investpy
KLIN,Klingelnberg,Switzerland,Unknown,CHF,investpy
LLQ,Lalique,Switzerland,Unknown,CHF,investpy
BLS,Blackstone Resources,Switzerland,Unknown,CHF,investpy
OBSN,ObsEva,Switzerland,Unknown,CHF,investpy
FORNE,Forbo,Switzerland,Unknown,CHF,investpy
SIGNC,SIG Combibloc,Switzerland,Unknown,CHF,investpy
FREN,Fundamenta Real Estate,Switzerland,Unknown,CHF,investpy
SFPF,SF Sustainable Property Fund,Switzerland,Unknown,CHF,investpy
SFRP,SF Retail Properties Fund,Switzerland,Unknown,CHF,investpy
SFCC,SF Commercial Properties Fund,Switzerland,Unknown,CHF,investpy
IGPH,IGEA Pharma,Switzerland,Unknown,CHF,investpy
1COV,Covestro,Switzerland,Unknown,CHF,investpy
2HQ,Tilray,Switzerland,Unknown,CHF,investpy
ADENE,Adecco,Switzerland,Unknown,CHF,investpy
AIRF,Air France KLM,Switzerland,Unknown,CHF,investpy
AIY,Activision Blizzard,Switzerland,Unknown,CHF,investpy
LIN,Linde PLC,Switzerland,Unknown,CHF,investpy
PBBG,Deutsche Pfandbriefbank AG,Switzerland,Unknown,CHF,investpy
RBEN,Robeco Global Stars,Switzerland,Unknown,CHF,investpy
RIB,RIB Software AG,Switzerland,Unknown,CHF,investpy
SGCG,SGL Carbon SE,Switzerland,Unknown,CHF,investpy
TLIT,Telecom Italia,Switzerland,Unknown,CHF,investpy
MOVE,Medacta,Switzerland,Unknown,CHF,investpy
ALCC,Alcon,Switzerland,Unknown,CHF,investpy
SRAIL,Stadler Rail,Switzerland,Unknown,CHF,investpy
UBER,Uber Tech,Switzerland,Unknown,CHF,investpy
EIC,Eeii AG,Switzerland,Unknown,CHF,investpy
AFPD,Aluflexpack,Switzerland,Unknown,CHF,investpy
SWON,Softwareone,Switzerland,Unknown,CHF,investpy
ACHI,Achiko,Switzerland,Unknown,CHF,investpy
ELUXb,Electrolux B,Sweden,Unknown,SEK,investpy
ATCOa,Atlas Copco A,Sweden,Unknown,SEK,investpy
BOL,Boliden,Sweden,Unknown,SEK,investpy
AZN,AstraZeneca,Sweden,Unknown,SEK,investpy
ENRO,Eniro,Sweden,Unknown,SEK,investpy
ERICb,LM Ericsson B,Sweden,Unknown,SEK,investpy
ALFA,Alfa Laval AB,Sweden,Unknown,SEK,investpy
ABB,ABB,Sweden,Unknown,SEK,investpy
ASSAb,ASSA ABLOY B,Sweden,Unknown,SEK,investpy
ATCOb,Atlas Copco B,Sweden,Unknown,SEK,investpy
SEBa,SEB A,Sweden,Unknown,SEK,investpy
SAND,Sandvik AB,Sweden,Unknown,SEK,investpy
INVEb,Investor B,Sweden,Unknown,SEK,investpy
NOKIA,Nokia Oyj,Sweden,Unknown,SEK,investpy
LUPE,Lundin Petroleum,Sweden,Unknown,SEK,investpy
HMb,H&M B,Sweden,Unknown,SEK,investpy
SCAb,SCA B,Sweden,Unknown,SEK,investpy
SECUb,Securitas B,Sweden,Unknown,SEK,investpy
SWEDa,Swedbank A,Sweden,Unknown,SEK,investpy
SKAb,Skanska B,Sweden,Unknown,SEK,investpy
SHBa,Svenska Handelsbanken A,Sweden,Unknown,SEK,investpy
VOLVb,Volvo B,Sweden,Unknown,SEK,investpy
TEL2b,Tele2 AB,Sweden,Unknown,SEK,investpy
TELIA,Telia Company,Sweden,Unknown,SEK,investpy
SKFb,SKF B,Sweden,Unknown,SEK,investpy
SWMA,Swedish Match,Sweden,Unknown,SEK,investpy
SSABa,SSAB A,Sweden,Unknown,SEK,investpy
NDASE,Nordea Bank,Sweden,Unknown,SEK,investpy
AOIC,Africa Oil Corp,Sweden,Unknown,SEK,investpy
AXFO,Axfood AB,Sweden,Unknown,SEK,investpy
CAST,Castellum AB,Sweden,Unknown,SEK,investpy
EKTAb,Elekta B,Sweden,Unknown,SEK,investpy
ENQ,Enquest,Sweden,Unknown,SEK,investpy
ERICa,Ericsson A,Sweden,Unknown,SEK,investpy
FABG,Fabege,Sweden,Unknown,SEK,investpy
GETIb,Getinge B,Sweden,Unknown,SEK,investpy
ICAA,ICA Gruppen,Sweden,Unknown,SEK,investpy
HEXAb,Hexagon B,Sweden,Unknown,SEK,investpy
HOLMb,Holmen,Sweden,Unknown,SEK,investpy
HUFVa,Hufvudstaden A,Sweden,Unknown,SEK,investpy
HUSQa,Husqvarna A,Sweden,Unknown,SEK,investpy
HUSQb,Husqvarna B,Sweden,Unknown,SEK,investpy
INTRUM,Intrum Justitia,Sweden,Unknown,SEK,investpy
INDUa,Industrivarden A,Sweden,Unknown,SEK,investpy
INVEa,Investor A,Sweden,Unknown,SEK,investpy
JM,JM AB,Sweden,Unknown,SEK,investpy
KINVa,Kinnevik A,Sweden,Unknown,SEK,investpy
KINVb,Kinnevik B,Sweden,Unknown,SEK,investpy
KLED,Kungsleden AB,Sweden,Unknown,SEK,investpy
LATOb,Investment Latour,Sweden,Unknown,SEK,investpy
LIAB,Lindab International,Sweden,Unknown,SEK,investpy
LOOMb,Loomis B,Sweden,Unknown,SEK,investpy
LUNDb,Lundbergforetagen B,Sweden,Unknown,SEK,investpy
MTGa,MTG A,Sweden,Unknown,SEK,investpy
MTGb,MTG B,Sweden,Unknown,SEK,investpy
NCCa,NCC A,Sweden,Unknown,SEK,investpy
NCCb,NCC B,Sweden,Unknown,SEK,investpy
NOBI,Nobia AB,Sweden,Unknown,SEK,investpy
PEABb,Peab B,Sweden,Unknown,SEK,investpy
RATOb,Ratos B,Sweden,Unknown,SEK,investpy
SAABb,SAAB B,Sweden,Unknown,SEK,investpy
SAS,SAS,Sweden,Unknown,SEK,investpy
SCAa,SCA A,Sweden,Unknown,SEK,investpy
SEBc,SEB C,Sweden,Unknown,SEK,investpy
SSABb,SSAB B,Sweden,Unknown,SEK,investpy
TEL2a,Tele2 AB A,Sweden,Unknown,SEK,investpy
TRELb,Trelleborg B,Sweden,Unknown,SEK,investpy
VOLVa,Volvo A,Sweden,Unknown,SEK,investpy
AAK,AAK,Sweden,Unknown,SEK,investpy
ACTI,Active Biotech,Sweden,Unknown,SEK,investpy
ADDTb,Addtech,Sweden,Unknown,SEK,investpy
AFb,AF AB,Sweden,Unknown,SEK,investpy
ALIVsdb,Autoliv Inc. SDB,Sweden,Unknown,SEK,investpy
ANODb,AddNode B,Sweden,Unknown,SEK,investpy
ANOT,Anoto,Sweden,Unknown,SEK,investpy
ATREA,AllTele Allmanna Svenska,Sweden,Unknown,SEK,investpy
AVANZ,Avanza Bank,Sweden,Unknown,SEK,investpy
ARISE,Arise Windpower,Sweden,Unknown,SEK,investpy
BALDb,Fastighets AB Balder B,Sweden,Unknown,SEK,investpy
BERGb,B&B Tools,Sweden,Unknown,SEK,investpy
BEGR,BE Group AB,Sweden,Unknown,SEK,investpy
BEIAb,Beijer Alma,Sweden,Unknown,SEK,investpy
BEIJb,Beijer Ref,Sweden,Unknown,SEK,investpy
BELE,Beijer Electronics,Sweden,Unknown,SEK,investpy
BETSb,Betsson,Sweden,Unknown,SEK,investpy
BILIa,Bilia,Sweden,Unknown,SEK,investpy
BILL,BillerudKorsnas,Sweden,Unknown,SEK,investpy
BINV,BioInvent International,Sweden,Unknown,SEK,investpy
BIOGb,BioGaia B,Sweden,Unknown,SEK,investpy
BIOT,Biotage AB,Sweden,Unknown,SEK,investpy
BMAX,Byggmax Group,Sweden,Unknown,SEK,investpy
BOLJ,Bong AB,Sweden,Unknown,SEK,investpy
BORG,Bjorn Borg,Sweden,Unknown,SEK,investpy
BOUL,Boule Diagnostics,Sweden,Unknown,SEK,investpy
BRGb,Bergs Timber B,Sweden,Unknown,SEK,investpy
BRINb,Brinova Fastigheter,Sweden,Unknown,SEK,investpy
BTSb,BTS Group B,Sweden,Unknown,SEK,investpy
BURE,Bure Equity AB,Sweden,Unknown,SEK,investpy
CATE,Catena AB,Sweden,Unknown,SEK,investpy
CCORb,Concordia Maritime B,Sweden,Unknown,SEK,investpy
QLRO,Qliro Group,Sweden,Unknown,SEK,investpy
CEVI,CellaVision AB,Sweden,Unknown,SEK,investpy
CLASb,Clas Ohlson B,Sweden,Unknown,SEK,investpy
CLOEb,Cloetta B,Sweden,Unknown,SEK,investpy
CONIC,Concentric AB,Sweden,Unknown,SEK,investpy
CONSb,Consilium B,Sweden,Unknown,SEK,investpy
COREa,Corem Property,Sweden,Unknown,SEK,investpy
CTTS,CTT Systems AB,Sweden,Unknown,SEK,investpy
CVTEC,Cavotec SA,Sweden,Unknown,SEK,investpy
DEDIC,Dedicare B,Sweden,Unknown,SEK,investpy
DIOS,Dios Fastigheter,Sweden,Unknown,SEK,investpy
DORO,DORO AB,Sweden,Unknown,SEK,investpy
DUNI,Duni AB,Sweden,Unknown,SEK,investpy
DURCb,Duroc B,Sweden,Unknown,SEK,investpy
EAST9,Eastnine,Sweden,Unknown,SEK,investpy
ELANb,Elanders B,Sweden,Unknown,SEK,investpy
ELEC,Electra Gruppen,Sweden,Unknown,SEK,investpy
ELOSSb,Elos B,Sweden,Unknown,SEK,investpy
ELUXa,Electrolux A,Sweden,Unknown,SEK,investpy
ENEA,Enea,Sweden,Unknown,SEK,investpy
ETRN,Etrion Corporation,Sweden,Unknown,SEK,investpy
EWRK,eWork Group,Sweden,Unknown,SEK,investpy
FAG,Fagerhult,Sweden,Unknown,SEK,investpy
BULTEN,Bulten AB,Sweden,Unknown,SEK,investpy
FEEL,Feelgood Svenska,Sweden,Unknown,SEK,investpy
FINGb,Fingerprint Cards B,Sweden,Unknown,SEK,investpy
FPAR,FastPartner,Sweden,Unknown,SEK,investpy
FPIP,FormPipe Software,Sweden,Unknown,SEK,investpy
GHP,GHP Special Care,Sweden,Unknown,SEK,investpy
GUNN,Gunnebo AB,Sweden,Unknown,SEK,investpy
HEBAb,HEBA Fastighets,Sweden,Unknown,SEK,investpy
HIQ,HiQ Intl,Sweden,Unknown,SEK,investpy
HLDX,Haldex AB,Sweden,Unknown,SEK,investpy
HMSN,HMS Networks,Sweden,Unknown,SEK,investpy
HOLMa,Holmen,Sweden,Unknown,SEK,investpy
HPOLb,HEXPOL B,Sweden,Unknown,SEK,investpy
HUFVc,Hufvudstaden C,Sweden,Unknown,SEK,investpy
IARb,I.A.R Systems B,Sweden,Unknown,SEK,investpy
INDT,Indutrade AB,Sweden,Unknown,SEK,investpy
INDUc,Industrivarden C,Sweden,Unknown,SEK,investpy
ICT,Icta B,Sweden,Unknown,SEK,investpy
ISY,Image Systems,Sweden,Unknown,SEK,investpy
ITABb,ITAB Shop Concept B,Sweden,Unknown,SEK,investpy
KABEb,KABE B,Sweden,Unknown,SEK,investpy
KAHL,KappAhl,Sweden,Unknown,SEK,investpy
KARO,Karo Pharma,Sweden,Unknown,SEK,investpy
KDEV,Karolinska Development B,Sweden,Unknown,SEK,investpy
KLOVa,Klovern AB,Sweden,Unknown,SEK,investpy
KNOW,Know IT AB,Sweden,Unknown,SEK,investpy
LAGRb,Lagercrantz B,Sweden,Unknown,SEK,investpy
LAMMb,Lammhults Design B,Sweden,Unknown,SEK,investpy
ATRLJb,Atrium Ljungberg B,Sweden,Unknown,SEK,investpy
MBPH,Moberg Pharma,Sweden,Unknown,SEK,investpy
MEABb,Malmbergs Elektriska B,Sweden,Unknown,SEK,investpy
MEKO,Mekonomen,Sweden,Unknown,SEK,investpy
MYCR,Mycronic publ AB,Sweden,Unknown,SEK,investpy
TIGOsdb,Millicom DRC,Sweden,Unknown,SEK,investpy
MIDWa,Midway Holding A,Sweden,Unknown,SEK,investpy
MIDWb,Midway Holding B,Sweden,Unknown,SEK,investpy
MQH,MQ Holding AB,Sweden,Unknown,SEK,investpy
MSABb,Micro Systemations B,Sweden,Unknown,SEK,investpy
EMPIRb,MSC Group,Sweden,Unknown,SEK,investpy
MSONa,Midsona A,Sweden,Unknown,SEK,investpy
MSONb,Midsona B,Sweden,Unknown,SEK,investpy
MULQ,MultiQ International,Sweden,Unknown,SEK,investpy
MVIRb,Medivir B,Sweden,Unknown,SEK,investpy
NETb,NetEnt,Sweden,Unknown,SEK,investpy
NETIb,Net Insight B,Sweden,Unknown,SEK,investpy
NEWAb,New Wave Group B,Sweden,Unknown,SEK,investpy
NIBEb,NIBE Industrier B,Sweden,Unknown,SEK,investpy
NMAN,Nederman,Sweden,Unknown,SEK,investpy
NOLAb,Nolato B,Sweden,Unknown,SEK,investpy
NOTE,NOTE AB,Sweden,Unknown,SEK,investpy
STRAX,Strax,Sweden,Unknown,SEK,investpy
NTEKb,NOVOTEK B,Sweden,Unknown,SEK,investpy
OASM,Oasmia Pharmaceutical,Sweden,Unknown,SEK,investpy
ODD,Odd Molly,Sweden,Unknown,SEK,investpy
OEMb,OEM International B,Sweden,Unknown,SEK,investpy
TRENT,Trention,Sweden,Unknown,SEK,investpy
ORES,Investment Oresund,Sweden,Unknown,SEK,investpy
ORTIa,Ortivus A,Sweden,Unknown,SEK,investpy
ORTIb,Ortivus B,Sweden,Unknown,SEK,investpy
ORX,Orexo AB,Sweden,Unknown,SEK,investpy
PACT,Proact IT Group,Sweden,Unknown,SEK,investpy
POOLb,Poolia B,Sweden,Unknown,SEK,investpy
PREC,Precise Biometrics,Sweden,Unknown,SEK,investpy
PREVb,Prevas B,Sweden,Unknown,SEK,investpy
PRICb,Pricer B,Sweden,Unknown,SEK,investpy
PROB,Probi AB,Sweden,Unknown,SEK,investpy
PROFb,ProfilGruppen B,Sweden,Unknown,SEK,investpy
VSSABb,Viking Supply Ships,Sweden,Unknown,SEK,investpy
RATOa,Ratos A,Sweden,Unknown,SEK,investpy
RAYb,RaySearch Labs B,Sweden,Unknown,SEK,investpy
REJLb,Rejlerkoncernen,Sweden,Unknown,SEK,investpy
RNBS,RNB Retail & Brands publ,Sweden,Unknown,SEK,investpy
RROS,Rottneros AB,Sweden,Unknown,SEK,investpy
SAGAa,Sagax AB,Sweden,Unknown,SEK,investpy
SECTb,Sectra,Sweden,Unknown,SEK,investpy
SEMC,Semcon AB,Sweden,Unknown,SEK,investpy
SENS,Sensys Traffic,Sweden,Unknown,SEK,investpy
SHBb,Svenska Handelsbanken B,Sweden,Unknown,SEK,investpy
SINT,SinterCast AB,Sweden,Unknown,SEK,investpy
SKFa,SKF A,Sweden,Unknown,SEK,investpy
SKISb,SkiStar,Sweden,Unknown,SEK,investpy
SMF,SEMAFO Inc,Sweden,Unknown,SEK,investpy
SOBIV,Swedish Orphan Biovitrum,Sweden,Unknown,SEK,investpy
SOFb,Softronic B,Sweden,Unknown,SEK,investpy
STEa,Stora Enso A,Sweden,Unknown,SEK,investpy
STEr,Stora Enso R,Sweden,Unknown,SEK,investpy
STWK,Stockwik Forvaltning,Sweden,Unknown,SEK,investpy
SVEDb,Svedbergs i Dalstorp B,Sweden,Unknown,SEK,investpy
SVIK,Studsvik,Sweden,Unknown,SEK,investpy
SWECa,SWECO A,Sweden,Unknown,SEK,investpy
SWECb,SWECO B,Sweden,Unknown,SEK,investpy
SWOLb,Swedol B,Sweden,Unknown,SEK,investpy
SYSR,Systemair AB,Sweden,Unknown,SEK,investpy
AGROM,Agromino,Sweden,Unknown,SEK,investpy
TIETOS,Tieto,Sweden,Unknown,SEK,investpy
TRACb,Traction B,Sweden,Unknown,SEK,investpy
TRAD,TradeDoubler AB,Sweden,Unknown,SEK,investpy
KINDsdb,Kindred Group,Sweden,Unknown,SEK,investpy
VBGb,VBG GROUP B,Sweden,Unknown,SEK,investpy
VITb,Vitec Software B,Sweden,Unknown,SEK,investpy
VITR,Vitrolife,Sweden,Unknown,SEK,investpy
VNVsdb,Vostok New Ventures,Sweden,Unknown,SEK,investpy
VRGb,Venue Retail B,Sweden,Unknown,SEK,investpy
WALLb,Wallenstam B,Sweden,Unknown,SEK,investpy
WIHL,Wihlborgs Fastigheter,Sweden,Unknown,SEK,investpy
XANOb,XANO Industri,Sweden,Unknown,SEK,investpy
PFE,Pfizer,Sweden,Unknown,SEK,investpy
ENDO,Endomines AB,Sweden,Unknown,SEK,investpy
ARP,Arctic Paper SA,Sweden,Unknown,SEK,investpy
SAGAb,Sagax B,Sweden,Unknown,SEK,investpy
MERTa,Mertiva,Sweden,Unknown,SEK,investpy
TETY,Tethys Oil,Sweden,Unknown,SEK,investpy
NVP,NeuroVive,Sweden,Unknown,SEK,investpy
WILAbt,Wilderness Holdings,Sweden,Unknown,BWP,investpy
KANC,Kancera AB,Sweden,Unknown,SEK,investpy
ABIG,Igrene,Sweden,Unknown,SEK,investpy
ITALsdb,Italeaf,Sweden,Unknown,EUR,investpy
ADVENI,Advenica,Sweden,Unknown,SEK,investpy
AKANOK,Akastor ASA,Sweden,Unknown,NOK,investpy
PAPI,Papilly,Sweden,Unknown,SEK,investpy
SSONOK,Scatec Solar OL,Sweden,Unknown,NOK,investpy
SFTR,GWS Production AB,Sweden,Unknown,SEK,investpy
ABSO,Absolent Group AB,Sweden,Unknown,SEK,investpy
GRANG,Granges,Sweden,Unknown,SEK,investpy
GABAT,Gabather,Sweden,Unknown,SEK,investpy
SPRINT,Sprint Bioscience AB,Sweden,Unknown,SEK,investpy
NP3,NP3 Fastigheter AB,Sweden,Unknown,SEK,investpy
SEAL,Sealwacs,Sweden,Unknown,SEK,investpy
FOLLI,Follicum,Sweden,Unknown,SEK,investpy
BAYNE,Bayn Europe AB,Sweden,Unknown,SEK,investpy
SBBb,Samhallsbyggnadsbolaget,Sweden,Unknown,SEK,investpy
ARCOMA,Arcoma AB,Sweden,Unknown,SEK,investpy
ZENI,Zenicor,Sweden,Unknown,SEK,investpy
THULE,Thule Group AB,Sweden,Unknown,SEK,investpy
ROOT,Rootfruit Scand,Sweden,Unknown,SEK,investpy
NXTMS,Nexstim,Sweden,Unknown,SEK,investpy
HEART,Real Heart,Sweden,Unknown,SEK,investpy
VERI,Verisec AB,Sweden,Unknown,SEK,investpy
PCELL,Powercell Sweden,Sweden,Unknown,SEK,investpy
LUNG,Lundin Gold Inc,Sweden,Unknown,SEK,investpy
NEWTON,Newton Nordic,Sweden,Unknown,SEK,investpy
SAPIAB,Saltangen Property Invest,Sweden,Unknown,SEK,investpy
TORSAB,Torslanda Property Investment,Sweden,Unknown,SEK,investpy
ORGC,Organoclick AB,Sweden,Unknown,SEK,investpy
ELTEL,Eltel AB,Sweden,Unknown,SEK,investpy
KARE,Karessa Pharma Holding AB,Sweden,Unknown,SEK,investpy
DUST,Dustin Group AB,Sweden,Unknown,SEK,investpy
LEXIN,Lexington Company AB,Sweden,Unknown,SEK,investpy
COPPb,Copperstone Resources AB,Sweden,Unknown,SEK,investpy
EMOTR,Emotra AB,Sweden,Unknown,SEK,investpy
ACRIN,Acrinova,Sweden,Unknown,SEK,investpy
CANTA,Cantargia AB,Sweden,Unknown,SEK,investpy
EVOG,Evolution Gaming,Sweden,Unknown,SEK,investpy
NANONOK,Nordic Nanovector ASA,Sweden,Unknown,NOK,investpy
APTA,Aptahem AB,Sweden,Unknown,SEK,investpy
BACTIb,Bactiguard Holding AB,Sweden,Unknown,SEK,investpy
BESQ,Besqab publ AB,Sweden,Unknown,SEK,investpy
BUFAB,Bufab Holding AB,Sweden,Unknown,SEK,investpy
CLINEb,Cline Scientific AB,Sweden,Unknown,SEK,investpy
EPISb,Episurf Medical AB,Sweden,Unknown,SEK,investpy
FEOIb,Fenix Outdoor International AG,Sweden,Unknown,SEK,investpy
G5EN,G5 Entertainment publ AB,Sweden,Unknown,SEK,investpy
HEMF,Hemfosa Fastigheter AB,Sweden,Unknown,SEK,investpy
HOFI,Hoist Finance AB,Sweden,Unknown,SEK,investpy
INWI,Inwido,Sweden,Unknown,SEK,investpy
IVISYS,Ivisys AB,Sweden,Unknown,SEK,investpy
LIFCOb,Lifco publ AB,Sweden,Unknown,SEK,investpy
LUC,Lucara Diamond Corp,Sweden,Unknown,SEK,investpy
JOSE,Josemaria Resources,Sweden,Unknown,SEK,investpy
OP,Oscar Properties Holding AB,Sweden,Unknown,SEK,investpy
OPUS,Opus Group publ AB,Sweden,Unknown,SEK,investpy
PLAZb,Platzer Fastigheter Holding,Sweden,Unknown,SEK,investpy
RECIb,Recipharm publ AB,Sweden,Unknown,SEK,investpy
SCST,Scandi Standard publ AB,Sweden,Unknown,SEK,investpy
TROAX,Troax Group,Sweden,Unknown,SEK,investpy
VICPA,Victoria Park AB A,Sweden,Unknown,SEK,investpy
VICPb,Victoria Park AB B,Sweden,Unknown,SEK,investpy
DEFLb,Deflamo AB,Sweden,Unknown,SEK,investpy
SPIFF,Spiffx,Sweden,Unknown,SEK,investpy
TOBII,Tobii AB,Sweden,Unknown,SEK,investpy
SALTb,SaltX Technology,Sweden,Unknown,SEK,investpy
HEMb,Hembla,Sweden,Unknown,SEK,investpy
NFGAB,Nordic Flanges,Sweden,Unknown,SEK,investpy
VSDYNb,Vibrosense Dynamics AB,Sweden,Unknown,SEK,investpy
SPOR,Sportamore Publ AB,Sweden,Unknown,SEK,investpy
CLBIO,Corline Biomedical AB,Sweden,Unknown,SEK,investpy
COMBI,Combigene,Sweden,Unknown,SEK,investpy
GCOR,Gaming Corps AB,Sweden,Unknown,SEK,investpy
MULTINOK,Multiconsult AS SE,Sweden,Unknown,NOK,investpy
PHLOGb,Pharmacolog i Uppsala,Sweden,Unknown,SEK,investpy
FGG,Future Gaming Group,Sweden,Unknown,SEK,investpy
SCHANOK,Schibsted A,Sweden,Unknown,NOK,investpy
SCIB,Scibase AB,Sweden,Unknown,SEK,investpy
TRANS,Transtema Group AB,Sweden,Unknown,SEK,investpy
ALIG,Alimak Hek Group AB,Sweden,Unknown,SEK,investpy
AVEN,Avensia publ AB,Sweden,Unknown,SEK,investpy
COOR,COOR Service Management AB,Sweden,Unknown,SEK,investpy
EPRNOK,Europris ASA,Sweden,Unknown,NOK,investpy
HOVD,Hovding Sverige AB,Sweden,Unknown,SEK,investpy
IDOGEN,Idogen AB,Sweden,Unknown,SEK,investpy
INISSb,Inission,Sweden,Unknown,SEK,investpy
NILb,Nilorngruppen AB,Sweden,Unknown,SEK,investpy
BATTM,Eurobattery Minerals,Sweden,Unknown,SEK,investpy
PRIME,Prime Living publ AB,Sweden,Unknown,SEK,investpy
REDS,Redsense Medical,Sweden,Unknown,SEK,investpy
SCHBNOK,Schibsted ASA B,Sweden,Unknown,NOK,investpy
STZEa,Starbreeze AB A,Sweden,Unknown,SEK,investpy
STZEb,Starbreeze AB B,Sweden,Unknown,SEK,investpy
CRADb,C-Rad,Sweden,Unknown,SEK,investpy
IVSO,Invisio Communications AB,Sweden,Unknown,SEK,investpy
KONT,Kontigo Care AB,Sweden,Unknown,SEK,investpy
NOBINA,Nobina publ AB,Sweden,Unknown,SEK,investpy
ORIFL,Oriflame Holding AG,Sweden,Unknown,SEK,investpy
PANDXb,Pandox AB,Sweden,Unknown,SEK,investpy
QBNK,QBNK Holding AB,Sweden,Unknown,SEK,investpy
SPEC,SpectraCure,Sweden,Unknown,SEK,investpy
WISE,Wise Group AB,Sweden,Unknown,SEK,investpy
BONAS,Bonasudden Holding AB,Sweden,Unknown,SEK,investpy
COLLE,Collector AB,Sweden,Unknown,SEK,investpy
EOLUb,Eolus Vind publ AB,Sweden,Unknown,SEK,investpy
HYCO,Hybricon Bus Systems AB,Sweden,Unknown,SEK,investpy
KLOVb,Klovern AB,Sweden,Unknown,SEK,investpy
AHM1S,Ahlstrom-Munksjo,Sweden,Unknown,SEK,investpy
PRCOb,Precio Fishbone AB,Sweden,Unknown,SEK,investpy
SLOTTa,Slottsviken Fastighetsaktiebolag A,Sweden,Unknown,SEK,investpy
SLOTTb,Slottsviken Fastighetsaktiebolag B,Sweden,Unknown,SEK,investpy
VISE,Vindico Group AB,Sweden,Unknown,SEK,investpy
SPEQT,myTaste AB,Sweden,Unknown,SEK,investpy
MOMENT,2E Group,Sweden,Unknown,SEK,investpy
FASTAT,Fastator,Sweden,Unknown,SEK,investpy
ADDVa,ADDvise Group AB A,Sweden,Unknown,SEK,investpy
ADDVb,ADDvise Group AB B,Sweden,Unknown,SEK,investpy
AGESb,AGES Industri AB,Sweden,Unknown,SEK,investpy
AJAb,Byggmastare Anders J Ahlstrom Hold,Sweden,Unknown,SEK,investpy
ALMT,ALM Equity AB,Sweden,Unknown,SEK,investpy
AMAST,Amasten Holding publ AB,Sweden,Unknown,SEK,investpy
ARCT,Arctic Gold Publ AB,Sweden,Unknown,SEK,investpy
AURIM,Auriant Mining AB,Sweden,Unknown,SEK,investpy
AVTCHb,Avtech Sweden publ AB,Sweden,Unknown,SEK,investpy
AXIC,aXichem publ AB,Sweden,Unknown,SEK,investpy
BIMOB,Bimobject,Sweden,Unknown,SEK,investpy
BRE2,Bredband2 i Skandinavien AB,Sweden,Unknown,SEK,investpy
BRIG,Brighter publ AB,Sweden,Unknown,SEK,investpy
CAPAC,Capacent Holding AB,Sweden,Unknown,SEK,investpy
CATa,Catella AB A,Sweden,Unknown,SEK,investpy
CATb,Catella AB B,Sweden,Unknown,SEK,investpy
CBTTb,Christian Berner Trade Tech AB,Sweden,Unknown,SEK,investpy
CIb,Cell Impact publ AB,Sweden,Unknown,SEK,investpy
CLAVI,Clavister Holding AB,Sweden,Unknown,SEK,investpy
SINCH,CLX Coms,Sweden,Unknown,SEK,investpy
COEN,Cortus Energy AB,Sweden,Unknown,SEK,investpy
CONF,Confidence,Sweden,Unknown,SEK,investpy
DDM,DDM Group AG,Sweden,Unknown,SEK,investpy
DELARK,Delarka Holding publ AB,Sweden,Unknown,SEK,investpy
DIAH,Diadrom Holding AB,Sweden,Unknown,SEK,investpy
DIGN,Dignitana AB,Sweden,Unknown,SEK,investpy
DISTIT,DistIT AB,Sweden,Unknown,SEK,investpy
DMYDb,Diamyd Medical,Sweden,Unknown,SEK,investpy
DOMEN,Dome Energy,Sweden,Unknown,SEK,investpy
DOXA,Doxa AB,Sweden,Unknown,SEK,investpy
DRIL,Drillcon AB,Sweden,Unknown,SEK,investpy
ELLE,Ellen AB,Sweden,Unknown,SEK,investpy
KAKEL,Kakel Max,Sweden,Unknown,SEK,investpy
ENZY,Enzymatica publ AB,Sweden,Unknown,SEK,investpy
FFLY,Firefly AB,Sweden,Unknown,SEK,investpy
GENI,Generic Sweden publ AB,Sweden,Unknown,SEK,investpy
GENOb,Genovis AB,Sweden,Unknown,SEK,investpy
GHUSb,Gotenehus Group AB,Sweden,Unknown,SEK,investpy
HANZA,Hanza AB,Sweden,Unknown,SEK,investpy
HELIO,Heliospectra publ AB,Sweden,Unknown,SEK,investpy
HIFAb,Hifab Group AB,Sweden,Unknown,SEK,investpy
HNSA,Hansa Medical,Sweden,Unknown,SEK,investpy
HTRO,Hexatronic Group AB,Sweden,Unknown,SEK,investpy
IMMUN,Immunicum AB,Sweden,Unknown,SEK,investpy
IMPC,Impact Coatings publ AB,Sweden,Unknown,SEK,investpy
NBZG,Northbaze Group,Sweden,Unknown,SEK,investpy
JLTM,JLT Mobile Computers publ AB,Sweden,Unknown,SEK,investpy
KAMBI,Kambi Group PLC,Sweden,Unknown,SEK,investpy
KAPIAB,Kalleback Property Invest AB,Sweden,Unknown,SEK,investpy
KENH,Kentima Holding publ AB,Sweden,Unknown,SEK,investpy
KOPY,Kopy Goldfields publ AB,Sweden,Unknown,SEK,investpy
LIDDS,Lidds AB,Sweden,Unknown,SEK,investpy
LINKAB,Link Prop Investment publ AB,Sweden,Unknown,SEK,investpy
LLSWb,LightLab Sweden,Sweden,Unknown,SEK,investpy
MACKb,Mackmyra Svensk Whisky AB,Sweden,Unknown,SEK,investpy
MAGNO,Magnolia Bostad AB,Sweden,Unknown,SEK,investpy
MANGS,Mangold AB,Sweden,Unknown,SEK,investpy
MAV,Mavshack publ AB,Sweden,Unknown,SEK,investpy
MEDCAP,MedCap,Sweden,Unknown,SEK,investpy
MEEK,Modern Ekonomi Sverige Holding,Sweden,Unknown,SEK,investpy
IRIST,Irisity,Sweden,Unknown,SEK,investpy
MISE,Misen Energy AB,Sweden,Unknown,SEK,investpy
MYFC,myFC AB,Sweden,Unknown,SEK,investpy
NEXAM,Nexam Chemical Holding AB,Sweden,Unknown,SEK,investpy
NICO,Nicoccino Holding AB,Sweden,Unknown,SEK,investpy
NISCH,Nischer Properties,Sweden,Unknown,SEK,investpy
NJOB,NetJobs Group AB,Sweden,Unknown,SEK,investpy
NLABA,ENLABS,Sweden,Unknown,SEK,investpy
CLEME,NC Lahega,Sweden,Unknown,SEK,investpy
NWND,New Nordic Healthbrands AB,Sweden,Unknown,SEK,investpy
OBAB,Online Brands Nordic AB,Sweden,Unknown,SEK,investpy
BINERO,Oniva Online,Sweden,Unknown,SEK,investpy
PALSb,Pallas Group AB,Sweden,Unknown,SEK,investpy
PCOMb,Precomp Solutions publ AB,Sweden,Unknown,SEK,investpy
SAXGR,Pilum,Sweden,Unknown,SEK,investpy
PLED,PledPharma,Sweden,Unknown,SEK,investpy
POLY,PolyPlank publ AB,Sweden,Unknown,SEK,investpy
SAVOS,Savo Solar Oy,Sweden,Unknown,SEK,investpy
SBOK,ScandBook Holding AB,Sweden,Unknown,SEK,investpy
SCENS,Scandinavian Enviro Systems AB,Sweden,Unknown,SEK,investpy
SDOS,ScandiDos AB,Sweden,Unknown,SEK,investpy
SEABb,Skanska Energi AB,Sweden,Unknown,SEK,investpy
SJRb,SJR in Scandinavia AB,Sweden,Unknown,SEK,investpy
SKMO,Skane mollan AB,Sweden,Unknown,SEK,investpy
ALLGb,Allgon,Sweden,Unknown,SEK,investpy
SNMP,ShaMaran Petroleum,Sweden,Unknown,SEK,investpy
SOLT,SolTech Energy Sweden AB,Sweden,Unknown,SEK,investpy
STEFb,Stendorren Fastigheter AB,Sweden,Unknown,SEK,investpy
STLL,Stille AB,Sweden,Unknown,SEK,investpy
STORYb,Storytel,Sweden,Unknown,SEK,investpy
TAGMb,TagMaster AB,Sweden,Unknown,SEK,investpy
TEONE,TargetEveryOne,Sweden,Unknown,SEK,investpy
UTG1,Unlimited Travel Group UTG publ AB,Sweden,Unknown,SEK,investpy
VEMFsdb,Vostok Emerging Finance Ltd,Sweden,Unknown,SEK,investpy
WESC,WeSC publ AB,Sweden,Unknown,SEK,investpy
WIFOG,Wifog Holding,Sweden,Unknown,SEK,investpy
WPAY,West International,Sweden,Unknown,SEK,investpy
XVIVO,Xvivo Perfusion AB,Sweden,Unknown,SEK,investpy
ZETA,ZetaDisplay AB,Sweden,Unknown,SEK,investpy
ZZb,Zinzino AB,Sweden,Unknown,SEK,investpy
OV,Medical Prognosis Institute,Sweden,Unknown,SEK,investpy
AAPb,Arc Aroma Pure AB,Sweden,Unknown,SEK,investpy
BRAV,Bravida Holding AB,Sweden,Unknown,SEK,investpy
HAMLET,Hamlet Pharma AB,Sweden,Unknown,SEK,investpy
KIDNOK,Kid ASA,Sweden,Unknown,NOK,investpy
KLAR,Klaria Pharma Holding AB,Sweden,Unknown,SEK,investpy
NICA,Nanologica publ AB,Sweden,Unknown,SEK,investpy
PEXAb,PExA AB,Sweden,Unknown,SEK,investpy
SANION,Saniona AB,Sweden,Unknown,SEK,investpy
SBANKNOK,Skandiabanken,Sweden,Unknown,NOK,investpy
AHA,AHA World AB,Sweden,Unknown,SEK,investpy
ALZ,Alzinova,Sweden,Unknown,SEK,investpy
DOMETIC,Dometic Group publ AB,Sweden,Unknown,SEK,investpy
MOXI,Maxkompetens Sverige,Sweden,Unknown,SEK,investpy
MINEST,Minesto AB,Sweden,Unknown,SEK,investpy
PCAT,Photocat AS,Sweden,Unknown,SEK,investpy
WAYSH,Waystream Holding publ AB,Sweden,Unknown,SEK,investpy
ACMED,A City Media AB,Sweden,Unknown,SEK,investpy
ATTE,Attendo International publ AB,Sweden,Unknown,SEK,investpy
CAMX,Camurus AB,Sweden,Unknown,SEK,investpy
GAMIGNOK,Gaming Innovation,Sweden,Unknown,NOK,investpy
IMMNOV,Immunovia publ AB,Sweden,Unknown,SEK,investpy
NILS,Nilsson Special Vehicles publ AB,Sweden,Unknown,SEK,investpy
SFRG,Stillfront Group publ AB,Sweden,Unknown,SEK,investpy
SHOTE,Scandic Hotels Group AB,Sweden,Unknown,SEK,investpy
TCTE,TC TECH Sweden AB,Sweden,Unknown,SEK,investpy
VICOR,Vicore Pharma Holding AB,Sweden,Unknown,SEK,investpy
ZENZIPb,Zenergy,Sweden,Unknown,SEK,investpy
IMINT,Imint Image Intelligence AB,Sweden,Unknown,SEK,investpy
NUEVOL,Nuevolution AB,Sweden,Unknown,SEK,investpy
PHLYNOK,Philly Shipyard ASA,Sweden,Unknown,NOK,investpy
PREBON,Prebona AB,Sweden,Unknown,SEK,investpy
QUICK,Quickcool,Sweden,Unknown,SEK,investpy
SPIRA,DalsSpira Mejeri AB,Sweden,Unknown,SEK,investpy
TOLE,Toleranzia AB,Sweden,Unknown,SEK,investpy
VISTINNOK,Vistin Pharma ASA,Sweden,Unknown,NOK,investpy
AXACNOK,Axactor,Sweden,Unknown,NOK,investpy
FOUT,Fastout Int,Sweden,Unknown,SEK,investpy
HEGR,Hedera Group publ,Sweden,Unknown,SEK,investpy
NRCNOK,NRC Group,Sweden,Unknown,NOK,investpy
PRIMEprefb,Prime Living publ Pref,Sweden,Unknown,SEK,investpy
RBASE,Raybased,Sweden,Unknown,SEK,investpy
SLEEP,Sleepo,Sweden,Unknown,SEK,investpy
CATME,Catena Media,Sweden,Unknown,SEK,investpy
SCCb,Sjostrand Coffee,Sweden,Unknown,SEK,investpy
ALIFb,AddLife,Sweden,Unknown,SEK,investpy
EVERYa,Everysport Media,Sweden,Unknown,SEK,investpy
FRONOK,Frontline,Sweden,Unknown,NOK,investpy
GARO,Garo,Sweden,Unknown,SEK,investpy
HUMAN,Humana,Sweden,Unknown,SEK,investpy
IMSW,Invent Medic Sweden,Sweden,Unknown,SEK,investpy
LEOV,LeoVegas,Sweden,Unknown,SEK,investpy
PMED,Peptonic Medical,Sweden,Unknown,SEK,investpy
POLYG,Polygiene,Sweden,Unknown,SEK,investpy
RHOVAC,RhoVac ApS,Sweden,Unknown,SEK,investpy
XBRANE,Xbrane Biopharma,Sweden,Unknown,SEK,investpy
XINT,Xintela,Sweden,Unknown,SEK,investpy
LOUDS,Cleantech Invest,Sweden,Unknown,SEK,investpy
IBTb,Infant Bacterial Therapeutics,Sweden,Unknown,SEK,investpy
PLEJD,Plejd,Sweden,Unknown,SEK,investpy
SYDSV,Sydsvenska Hem,Sweden,Unknown,SEK,investpy
NEPA,Nepa,Sweden,Unknown,SEK,investpy
SIMRISb,Simris Alg,Sweden,Unknown,SEK,investpy
RESURS,Resurs,Sweden,Unknown,SEK,investpy
VADS,Vadsbo SwitchTech,Sweden,Unknown,SEK,investpy
BOSJO,Bosjo Fastigheter,Sweden,Unknown,SEK,investpy
CLEMO,Clean Motion,Sweden,Unknown,SEK,investpy
NGSG,NGS Group,Sweden,Unknown,SEK,investpy
TALKP,TalkPool,Sweden,Unknown,SEK,investpy
CYXO,Cyxone,Sweden,Unknown,SEK,investpy
LITIU,Litium,Sweden,Unknown,SEK,investpy
PDXI,Paradox Interactive,Sweden,Unknown,SEK,investpy
BONAVa,Bonava A,Sweden,Unknown,SEK,investpy
BONAVb,Bonava B,Sweden,Unknown,SEK,investpy
PIEZO,PiezoMotor,Sweden,Unknown,SEK,investpy
B2HNOK,B2holding,Sweden,Unknown,NOK,investpy
ACADE,AcadeMedia,Sweden,Unknown,SEK,investpy
AVMNOK,Avocet Mining,Sweden,Unknown,NOK,investpy
B3,B3IT Management,Sweden,Unknown,SEK,investpy
ERMA,Enorama Pharma,Sweden,Unknown,SEK,investpy
NWGH,Nordic Waterproofing,Sweden,Unknown,SEK,investpy
REDWPH,Redwood Pharma,Sweden,Unknown,SEK,investpy
SECARE,Swedencare,Sweden,Unknown,SEK,investpy
TFBANK,TF Bank,Sweden,Unknown,SEK,investpy
GOMX,GomSpace,Sweden,Unknown,SEK,investpy
LAUR,Lauritz.com,Sweden,Unknown,SEK,investpy
ABSLC,Absolicon Solar Collector,Sweden,Unknown,SEK,investpy
ALELIO,Alelion Energy Systems,Sweden,Unknown,SEK,investpy
AROC,AroCell,Sweden,Unknown,SEK,investpy
CRNOSb,Cereno Scientific,Sweden,Unknown,SEK,investpy
MAXFP,MaxFast Properties,Sweden,Unknown,SEK,investpy
NOFINOK,Norwegian Finans,Sweden,Unknown,NOK,investpy
PROVIT,Provide IT Sweden,Sweden,Unknown,SEK,investpy
SRTMG,Shortcut Media,Sweden,Unknown,SEK,investpy
TRENOK,Treasure,Sweden,Unknown,NOK,investpy
BRANDB,VideoBur,Sweden,Unknown,SEK,investpy
SYNACT,SynAct Pharma,Sweden,Unknown,SEK,investpy
FLOWS,Crowdsoft,Sweden,Unknown,SEK,investpy
EXPRS2,ExpreS2ion Biotech,Sweden,Unknown,SEK,investpy
MAHAa,Maha Energy,Sweden,Unknown,SEK,investpy
PENCON,PEN Concept,Sweden,Unknown,SEK,investpy
TECHNOK,Techstep,Sweden,Unknown,NOK,investpy
OPTIFR,OptiFreeze,Sweden,Unknown,SEK,investpy
LAIR,Ascenditur,Sweden,Unknown,SEK,investpy
AIKb,AIK Fotboll,Sweden,Unknown,SEK,investpy
ARBONa,Arbona A,Sweden,Unknown,SEK,investpy
ARBONb,Arbona B,Sweden,Unknown,SEK,investpy
BRIOX,Briox,Sweden,Unknown,SEK,investpy
CRWEN,Crown Energy,Sweden,Unknown,SEK,investpy
DIVIb,Dividend Sweden,Sweden,Unknown,SEK,investpy
DIVIkv1b,Dividend Sweden Pref,Sweden,Unknown,SEK,investpy
ETIN,ExeoTech Invest,Sweden,Unknown,SEK,investpy
F2M,Free2Move,Sweden,Unknown,SEK,investpy
FNOX,Fortnox,Sweden,Unknown,SEK,investpy
FRNTb,FrontOffice Nordic,Sweden,Unknown,SEK,investpy
GTABb,Glycorex Transplantation,Sweden,Unknown,SEK,investpy
GTGS,Gold Town Games,Sweden,Unknown,SEK,investpy
GUGEO,Guideline Geo,Sweden,Unknown,SEK,investpy
IMSOLb,Implementa Sol,Sweden,Unknown,SEK,investpy
SUST,IQS Energi,Sweden,Unknown,SEK,investpy
KOBR,Kopparbergs Bryggeri,Sweden,Unknown,SEK,investpy
LCTE,LC Tec,Sweden,Unknown,SEK,investpy
LIFEb,LifeAssays,Sweden,Unknown,SEK,investpy
MEDNA,Medica Clinical Nord,Sweden,Unknown,SEK,investpy
METV,Metallvarden i Sverige,Sweden,Unknown,SEK,investpy
MEGRP,Mediacle,Sweden,Unknown,SEK,investpy
MVVb,MVV Holding,Sweden,Unknown,SEK,investpy
OBDUb,Obducat AB,Sweden,Unknown,SEK,investpy
PNVA,Paynova,Sweden,Unknown,SEK,investpy
QUARTpref,Quartiers Properties,Sweden,Unknown,SEK,investpy
REALb,Real Holding i Sverige,Sweden,Unknown,SEK,investpy
SBC,Sbc Sveriges Bostadsrattscentrum,Sweden,Unknown,SEK,investpy
SOSIL,Sotkamo Silver AB,Sweden,Unknown,SEK,investpy
SWEMb,Swemet,Sweden,Unknown,SEK,investpy
MLTR,Uni Light LED,Sweden,Unknown,SEK,investpy
GUARD,A1M Pharma,Sweden,Unknown,SEK,investpy
FIL,Filo Mining,Sweden,Unknown,SEK,investpy
ALCA,Alcadon Group,Sweden,Unknown,SEK,investpy
CYB1,Cyber Security 1,Sweden,Unknown,EUR,investpy
ENG,Internationella Engelska Skolan,Sweden,Unknown,SEK,investpy
KLOVpref,Klovern AB Pref,Sweden,Unknown,SEK,investpy
AKERBPNOK,Aker BP,Sweden,Unknown,NOK,investpy
MALAR,Malarasen,Sweden,Unknown,SEK,investpy
SERT,Serstech,Sweden,Unknown,SEK,investpy
FRISQ,Frisq Holding,Sweden,Unknown,SEK,investpy
INDEX,InDex Pharma,Sweden,Unknown,SEK,investpy
SOLNA,Solnaberg Property,Sweden,Unknown,SEK,investpy
UMIDAb,Umida B,Sweden,Unknown,SEK,investpy
GAPX,Gasporox,Sweden,Unknown,SEK,investpy
CLNKb,Cellink,Sweden,Unknown,SEK,investpy
TOBIN,Tobin Properties,Sweden,Unknown,SEK,investpy
SAGAd,Sagax D,Sweden,Unknown,SEK,investpy
ZETApref,ZetaDisplay Pref,Sweden,Unknown,SEK,investpy
CFISH,Crunchfish,Sweden,Unknown,SEK,investpy
GAPWb,Gapwaves AB,Sweden,Unknown,SEK,investpy
EMBRACb,Embracer Group,Sweden,Unknown,SEK,investpy
ATORX,Alligator Bioscience,Sweden,Unknown,SEK,investpy
SRNKEb,SERNEKE,Sweden,Unknown,SEK,investpy
VOLOpref,Volati Pref,Sweden,Unknown,SEK,investpy
STRLNG,Swedish Stirling,Sweden,Unknown,SEK,investpy
ADDERA,AdderaCare,Sweden,Unknown,SEK,investpy
ARCUSNOK,Arcus,Sweden,Unknown,NOK,investpy
BYGGP,Bygg Partner i Dalarna,Sweden,Unknown,SEK,investpy
CMOTECb,Scandinavian ChemoTech,Sweden,Unknown,SEK,investpy
VOLO,Volati,Sweden,Unknown,SEK,investpy
AACM,AAC Microtec,Sweden,Unknown,EUR,investpy
ABTNOK,Aqua Bio Tech,Sweden,Unknown,NOK,investpy
ACARIX,Acarix,Sweden,Unknown,SEK,investpy
AEROG,Svenska Aerogel,Sweden,Unknown,SEK,investpy
AFGNOK,Af Gruppen,Sweden,Unknown,NOK,investpy
AINO,Aino Health,Sweden,Unknown,SEK,investpy
AKENOK,Aker,Sweden,Unknown,NOK,investpy
AKSONOK,Aker Solutions OL,Sweden,Unknown,NOK,investpy
ALNGNOK,Awilco LNG,Sweden,Unknown,NOK,investpy
AMSCNOK,American Shipping,Sweden,Unknown,NOK,investpy
ARCHERNOK,Archer,Sweden,Unknown,NOK,investpy
ASCNOK,ABG Sundal Collier,Sweden,Unknown,NOK,investpy
ASETEKNOK,Asetek,Sweden,Unknown,NOK,investpy
ATEANOK,Atea,Sweden,Unknown,NOK,investpy
AUSSNOK,Austevoll,Sweden,Unknown,NOK,investpy
AVANCENOK,Avance Gas Holding Ltd,Sweden,Unknown,NOK,investpy
AWDRNOK,Awilco Drilling,Sweden,Unknown,NOK,investpy
BAKKANOK,P/f Bakkafrost,Sweden,Unknown,NOK,investpy
BONNOK,Bonheur,Sweden,Unknown,NOK,investpy
BRGDNOK,Borregaard,Sweden,Unknown,NOK,investpy
BWLPGNOK,BW LPG,Sweden,Unknown,NOK,investpy
BWONOK,BW Offshore,Sweden,Unknown,NOK,investpy
COREpref,Corem Property,Sweden,Unknown,SEK,investpy
CREADa,Creades,Sweden,Unknown,SEK,investpy
DNBNOK,DnB,Sweden,Unknown,NOK,investpy
DNONOK,DNO International,Sweden,Unknown,NOK,investpy
DOFNOK,Dof,Sweden,Unknown,NOK,investpy
EDGEW,Edgeware,Sweden,Unknown,SEK,investpy
EMGSNOK,Electromagnetic Geoservices,Sweden,Unknown,NOK,investpy
ENROpref,Eniro Pref,Sweden,Unknown,SEK,investpy
EOS,EnergyO Solutions,Sweden,Unknown,SEK,investpy
DDASANOK,Dolphin Drilling,Sweden,Unknown,NOK,investpy
FPARpref,FastPartner,Sweden,Unknown,SEK,investpy
FUNCOMNOK,Funcom,Sweden,Unknown,NOK,investpy
GJFNOK,Gjensidige Forsikring,Sweden,Unknown,NOK,investpy
GOGLTNOK,Golden Ocean,Sweden,Unknown,NOK,investpy
GSFNOK,Grieg Seafood,Sweden,Unknown,NOK,investpy
HAVb,Havsfrun Investment,Sweden,Unknown,SEK,investpy
HAVINOK,Havila Shipping,Sweden,Unknown,NOK,investpy
HEMFpref,Hemfosa Fastigheter Pref,Sweden,Unknown,SEK,investpy
HEXNOK,Hexagon Composites,Sweden,Unknown,NOK,investpy
HLNGNOK,Hoegh LNG,Sweden,Unknown,NOK,investpy
HYARDNOK,Havyard Group ASA,Sweden,Unknown,NOK,investpy
IDEXNOK,Idex ASA,Sweden,Unknown,NOK,investpy
ELEMNOK,Intex,Sweden,Unknown,NOK,investpy
JINNOK,Jinhui Shipping,Sweden,Unknown,NOK,investpy
KITNOK,Kitron,Sweden,Unknown,NOK,investpy
KOANOK,Kongsberg Automotive,Sweden,Unknown,NOK,investpy
KOGNOK,Kongsberg,Sweden,Unknown,NOK,investpy
KVAERNOK,Kværner,Sweden,Unknown,NOK,investpy
LSGNOK,Leroy Seafood,Sweden,Unknown,NOK,investpy
MOWINOK,Marine Harvest,Sweden,Unknown,NOK,investpy
NASNOK,Norwegian Air Shuttle,Sweden,Unknown,NOK,investpy
NAXS,NAXS Nordic Access,Sweden,Unknown,SEK,investpy
NELNOK,Nel ASA,Sweden,Unknown,NOK,investpy
NEXTNOK,Next Biometrics,Sweden,Unknown,NOK,investpy
NHYNOK,Norsk Hydro,Sweden,Unknown,NOK,investpy
NODNOK,Nordic Semiconductor,Sweden,Unknown,NOK,investpy
NOMNOK,Nordic Mining,Sweden,Unknown,NOK,investpy
NPRONOK,Norwegian Property,Sweden,Unknown,NOK,investpy
NRSNOK,Norway Royal Salmon,Sweden,Unknown,NOK,investpy
OCYNOK,Ocean Yield,Sweden,Unknown,NOK,investpy
ODLNOK,Odfjell Drilli,Sweden,Unknown,NOK,investpy
OLTNOK,Olav Thon Eien,Sweden,Unknown,NOK,investpy
OTELLONOK,Opera Software,Sweden,Unknown,NOK,investpy
OPpref,Oscar Properties Pref,Sweden,Unknown,SEK,investpy
OPprefb,Oscar Properties Pref B,Sweden,Unknown,SEK,investpy
ORKNOK,Orkla,Sweden,Unknown,NOK,investpy
PGSNOK,Petroleum Geo - Services,Sweden,Unknown,NOK,investpy
PHONOK,Photocure,Sweden,Unknown,NOK,investpy
PLCSNOK,Polarcus,Sweden,Unknown,NOK,investpy
PROTCTNOK,Protector Forsikring,Sweden,Unknown,NOK,investpy
PRSNOK,Prosafe,Sweden,Unknown,NOK,investpy
QECNOK,Questerre Energy Corporation,Sweden,Unknown,NOK,investpy
RECNOK,REC Silicon,Sweden,Unknown,NOK,investpy
SAGApref,Sagax Pref,Sweden,Unknown,SEK,investpy
SALMNOK,SalMar,Sweden,Unknown,NOK,investpy
SBONOK,Selvaag Bolig,Sweden,Unknown,NOK,investpy
SDRLNOK,Seadrill Ltd,Sweden,Unknown,NOK,investpy
SEYE,Smart Eye,Sweden,Unknown,SEK,investpy
SNINOK,Stolt-Nielsen,Sweden,Unknown,NOK,investpy
SOLONNOK,Solon Eiendom,Sweden,Unknown,NOK,investpy
SPUNOK,Spectrum,Sweden,Unknown,NOK,investpy
SRBANKNOK,Sparebank 1Sr,Sweden,Unknown,NOK,investpy
STBNOK,Storebrand,Sweden,Unknown,NOK,investpy
EQNRNOK,Equinor,Sweden,Unknown,NOK,investpy
SUBCNOK,Subsea 7,Sweden,Unknown,NOK,investpy
SVOLa,Svolder,Sweden,Unknown,SEK,investpy
SVOLb,Svolder,Sweden,Unknown,SEK,investpy
TELNOK,Telenor,Sweden,Unknown,NOK,investpy
TGSNOK,TGS-NOPEC Geophysical,Sweden,Unknown,NOK,investpy
THINNOK,Thin Film Electronics ASA,Sweden,Unknown,NOK,investpy
TOMNOK,Tomra Systems,Sweden,Unknown,NOK,investpy
VEINOK,Veidekke,Sweden,Unknown,NOK,investpy
VICPpref,Victoria Park Pref,Sweden,Unknown,SEK,investpy
WALWILNOK,Wallenius Wilhelmsen,Sweden,Unknown,NOK,investpy
WWIBNOK,Wilhelm Wilhelmsen B,Sweden,Unknown,NOK,investpy
WWINOK,Wilh Wilhelmsen Holding,Sweden,Unknown,NOK,investpy
XXLNOK,XXL ASA,Sweden,Unknown,NOK,investpy
YARNOK,Yara International,Sweden,Unknown,NOK,investpy
ZALNOK,Zalaris ASA,Sweden,Unknown,NOK,investpy
NICKE,Nickel Mountain,Sweden,Unknown,EUR,investpy
TIROINT,Transiro Int,Sweden,Unknown,EUR,investpy
IZAFEb,MediRatt,Sweden,Unknown,SEK,investpy
CUR,Rethinking Care,Sweden,Unknown,SEK,investpy
STWA,SeaTwirl,Sweden,Unknown,SEK,investpy
AQ,AQ AB,Sweden,Unknown,SEK,investpy
MULT,MultiDocker Cargo,Sweden,Unknown,SEK,investpy
EFFP,Effnetplattformen Dividend,Sweden,Unknown,SEK,investpy
ACOUS,Acousort,Sweden,Unknown,SEK,investpy
ALHX,AlphaHelix Molecular,Sweden,Unknown,SEK,investpy
ALONb,Archelon B,Sweden,Unknown,SEK,investpy
ALTEM,Alteco Medical,Sweden,Unknown,SEK,investpy
AMBI,Ambia Trading,Sweden,Unknown,SEK,investpy
AMH2b,Amhult 2,Sweden,Unknown,SEK,investpy
AMNO,Amnode,Sweden,Unknown,SEK,investpy
ANGLR,Angler Gaming,Sweden,Unknown,SEK,investpy
APSTR,AppSpotr,Sweden,Unknown,SEK,investpy
AXKID,Axon Kids,Sweden,Unknown,SEK,investpy
BAHNb,Bahnhof,Sweden,Unknown,SEK,investpy
BEOsdb,Beowulf Mining,Sweden,Unknown,SEK,investpy
BOTX,Botnia Exploration,Sweden,Unknown,SEK,investpy
BRAIN,BrainCool,Sweden,Unknown,SEK,investpy
CAMb,Consensus Asset,Sweden,Unknown,SEK,investpy
REDR,Community Entertainment,Sweden,Unknown,SEK,investpy
CHALb,Challenger Mobile,Sweden,Unknown,SEK,investpy
CLSRb,Clinical Laserthermia,Sweden,Unknown,SEK,investpy
CSEC,C Security Systems,Sweden,Unknown,SEK,investpy
DBPHAb,Double Bond Pharma,Sweden,Unknown,SEK,investpy
DEXTECH,Dextech Medical,Sweden,Unknown,SEK,investpy
EASYb,EasyFill,Sweden,Unknown,SEK,investpy
ECCb,Ecoclime Group,Sweden,Unknown,SEK,investpy
ECOb,EcoRub,Sweden,Unknown,SEK,investpy
ECOM,Ecomb,Sweden,Unknown,SEK,investpy
ENVIRb,Envirologic,Sweden,Unknown,SEK,investpy
EQL,EQL Pharma,Sweden,Unknown,SEK,investpy
EUCI,Eurocine Vaccines,Sweden,Unknown,SEK,investpy
EURIb,European Institute of Science,Sweden,Unknown,SEK,investpy
EUROC,Eurocon Consulting,Sweden,Unknown,SEK,investpy
FINEP,Finepart Sweden,Sweden,Unknown,SEK,investpy
FXI,FX International,Sweden,Unknown,SEK,investpy
GENES,Genesis IT,Sweden,Unknown,SEK,investpy
GJAB,Gullberg & Jansson,Sweden,Unknown,SEK,investpy
GREAT,Greater Than,Sweden,Unknown,SEK,investpy
HOMEb,HomeMaid,Sweden,Unknown,SEK,investpy
INSPL,Insplorion,Sweden,Unknown,SEK,investpy
JOJK,Jojka Communications,Sweden,Unknown,SEK,investpy
JOSA,Josab Intl,Sweden,Unknown,SEK,investpy
KLICb,Klick Data,Sweden,Unknown,SEK,investpy
LATFb,Latvian Forest,Sweden,Unknown,SEK,investpy
LOVI,Lovisagruvan,Sweden,Unknown,SEK,investpy
QUIA,Lucent Oil,Sweden,Unknown,SEK,investpy
MEDF,Medfield Diagnostics,Sweden,Unknown,SEK,investpy
MENUb,MenuCard,Sweden,Unknown,SEK,investpy
MIHO,Miris Holding,Sweden,Unknown,SEK,investpy
MODI,Motion Display Scandinavia,Sweden,Unknown,SEK,investpy
MPEN,MedicPen,Sweden,Unknown,SEK,investpy
MPOS,Micropos Medical,Sweden,Unknown,SEK,investpy
NANEXA,Nanexa,Sweden,Unknown,SEK,investpy
NETG,Net Gaming,Sweden,Unknown,SEK,investpy
NEVIb,New Equity Venture,Sweden,Unknown,SEK,investpy
NFO,NFO Drives,Sweden,Unknown,SEK,investpy
NOVU,Novus Group Intl,Sweden,Unknown,SEK,investpy
OBOYAb,Oboya Horticulture,Sweden,Unknown,SEK,investpy
ORTb,Ortoma,Sweden,Unknown,SEK,investpy
PARAN,Parans Solar Lighting,Sweden,Unknown,SEK,investpy
PB,PromikBook,Sweden,Unknown,SEK,investpy
PHAL,PharmaLundensis,Sweden,Unknown,SEK,investpy
PHIG,Phase Holographic,Sweden,Unknown,SEK,investpy
PLUND,ProstaLund,Sweden,Unknown,SEK,investpy
RAILG,Railcare,Sweden,Unknown,SEK,investpy
RECYb,Recyctec Holding,Sweden,Unknown,SEK,investpy
RESPS,Respiratorius,Sweden,Unknown,SEK,investpy
RLSC,RLS Global,Sweden,Unknown,SEK,investpy
SAFES,Safe At Sea,Sweden,Unknown,SEK,investpy
SDET,SensoDetect,Sweden,Unknown,SEK,investpy
SEZI,Senzime,Sweden,Unknown,SEK,investpy
SIVEH,Sivers IMA,Sweden,Unknown,SEK,investpy
SPAGO,Spago Nanomedical,Sweden,Unknown,SEK,investpy
STVAb,Star Vault,Sweden,Unknown,SEK,investpy
SYNTH,SyntheticMR,Sweden,Unknown,SEK,investpy
TAURb,Taurus Energy,Sweden,Unknown,SEK,investpy
TIKS,TiksPac,Sweden,Unknown,SEK,investpy
TOURN,Tourn International,Sweden,Unknown,SEK,investpy
TRANSa,Transferator A,Sweden,Unknown,SEK,investpy
TRANSb,Transferator B,Sweden,Unknown,SEK,investpy
TRUEb,True Heading,Sweden,Unknown,SEK,investpy
WNT,Wntresearch,Sweden,Unknown,SEK,investpy
WTGR,Wonderful Times,Sweden,Unknown,SEK,investpy
EXALT,Xtranet Gruppen i Stockholm,Sweden,Unknown,SEK,investpy
OBDUprefb,Obducat Pref B,Sweden,Unknown,SEK,investpy
AERWb,Aerowash,Sweden,Unknown,SEK,investpy
HOYLU,Hoylu,Sweden,Unknown,SEK,investpy
ONCO,Oncopeptides,Sweden,Unknown,SEK,investpy
IRLABa,IRLAB Therapeutics,Sweden,Unknown,SEK,investpy
CMHM,Chordate Medical,Sweden,Unknown,SEK,investpy
SARSYS,Scandinavian Airport Road,Sweden,Unknown,SEK,investpy
SPINT,Spintso International,Sweden,Unknown,SEK,investpy
HEMC,Hemcheck Sweden,Sweden,Unknown,SEK,investpy
SAMTb,Samtrygg Group,Sweden,Unknown,SEK,investpy
ACOS,Acosense,Sweden,Unknown,SEK,investpy
INIT,Initiator Pharma,Sweden,Unknown,SEK,investpy
CARE,Camanio Care,Sweden,Unknown,SEK,investpy
CHRO,ChromoGenics,Sweden,Unknown,SEK,investpy
EATG,EatGood Sweden,Sweden,Unknown,SEK,investpy
ISR,ISR Holding,Sweden,Unknown,SEK,investpy
MIPS,MIPS,Sweden,Unknown,SEK,investpy
UNIBAP,Unibap,Sweden,Unknown,SEK,investpy
XAVIb,Xavitech,Sweden,Unknown,SEK,investpy
AMBEA,Ambea,Sweden,Unknown,SEK,investpy
BIOVICb,Biovica International,Sweden,Unknown,SEK,investpy
ISOFOL,Isofol Medical,Sweden,Unknown,SEK,investpy
PRLD,Prolight Diagnostics,Sweden,Unknown,SEK,investpy
ATIC,Actic Group,Sweden,Unknown,SEK,investpy
FMMb,FM Mattsson Mora,Sweden,Unknown,SEK,investpy
IVACC,Intervacc,Sweden,Unknown,SEK,investpy
SONE,Sonetel,Sweden,Unknown,SEK,investpy
SSM,SSM Holding,Sweden,Unknown,SEK,investpy
TANGI,Tangiamo Touch Tech,Sweden,Unknown,SEK,investpy
ANNX,Annexin Pharma,Sweden,Unknown,SEK,investpy
ACUC,AcuCort,Sweden,Unknown,SEK,investpy
IPCOR,Intl Petroleum,Sweden,Unknown,SEK,investpy
MATRA,Matra Petroleum,Sweden,Unknown,SEK,investpy
XMR,XMReality,Sweden,Unknown,SEK,investpy
COMPIT,Compare-IT Nordic,Sweden,Unknown,SEK,investpy
RENT,Rentunder Holding,Sweden,Unknown,SEK,investpy
BUSER,Bambuser,Sweden,Unknown,SEK,investpy
LOGS,Logistea,Sweden,Unknown,SEK,investpy
MANTEX,Mantex,Sweden,Unknown,SEK,investpy
INSTAL,Instalco Intressenter,Sweden,Unknown,SEK,investpy
INTEGb,Integrum,Sweden,Unknown,SEK,investpy
SDIPb,Sdiptech,Sweden,Unknown,SEK,investpy
SECIT,SECITS,Sweden,Unknown,SEK,investpy
BIOSE,Bioservo Tech,Sweden,Unknown,SEK,investpy
MCOVb,Medicover,Sweden,Unknown,SEK,investpy
MPLUS,MobiPlus,Sweden,Unknown,SEK,investpy
MTRS,Munters,Sweden,Unknown,SEK,investpy
ABIGR,Abelco Investment,Sweden,Unknown,SEK,investpy
AYIMAb,Ayima,Sweden,Unknown,SEK,investpy
BOOZT,Boozt,Sweden,Unknown,SEK,investpy
TERRNTb,TerraNet,Sweden,Unknown,SEK,investpy
NTGRP,Net Trading Group,Sweden,Unknown,SEK,investpy
ESSITYa,Essity A,Sweden,Unknown,SEK,investpy
ESSITYb,Essity B,Sweden,Unknown,SEK,investpy
BONEX,Bonesupport,Sweden,Unknown,SEK,investpy
MMGRb,Momentum Group,Sweden,Unknown,SEK,investpy
LUMIN,Lundin Mining,Sweden,Unknown,SEK,investpy
ENERS,Enersize,Sweden,Unknown,SEK,investpy
NITRO,Nitro Games,Sweden,Unknown,SEK,investpy
QUART,Quartiers Properties,Sweden,Unknown,SEK,investpy
ZAPLOX,Zaplox,Sweden,Unknown,SEK,investpy
PAX,Paxman,Sweden,Unknown,SEK,investpy
TCC,TC Connect,Sweden,Unknown,SEK,investpy
TRIANb,Fastighets Trianon,Sweden,Unknown,SEK,investpy
SEDANA,Sedana Medical,Sweden,Unknown,SEK,investpy
SUSW,Surgical Science Sweden,Sweden,Unknown,SEK,investpy
CIMCO,Cimco Marine,Sweden,Unknown,SEK,investpy
ASPIRE,Aspire Global,Sweden,Unknown,SEK,investpy
PROMO,Promore Pharma,Sweden,Unknown,SEK,investpy
URBIT,Urb-it,Sweden,Unknown,SEK,investpy
REALFI,Realfiction,Sweden,Unknown,SEK,investpy
PANION,Panion Animal,Sweden,Unknown,SEK,investpy
IAPO,iApotek Int,Sweden,Unknown,SEK,investpy
OMNIC,OmniCar,Sweden,Unknown,SEK,investpy
NETMb,Netmore,Sweden,Unknown,SEK,investpy
SDSY,Seamless Distribution,Sweden,Unknown,SEK,investpy
ENRAD,Enrad,Sweden,Unknown,SEK,investpy
SECS,Sensec,Sweden,Unknown,SEK,investpy
N55,News55,Sweden,Unknown,SEK,investpy
NXTCL,NextCell Pharma,Sweden,Unknown,SEK,investpy
SENZA,SenzaGen,Sweden,Unknown,SEK,investpy
ISAB,Inhalation Sciences,Sweden,Unknown,SEK,investpy
XSPRAY,XSpray Pharma,Sweden,Unknown,SEK,investpy
BALCO,Balco Group,Sweden,Unknown,SEK,investpy
HANDI,Handicare,Sweden,Unknown,SEK,investpy
BIOAb,BioArctic,Sweden,Unknown,SEK,investpy
FRAMb,Fram Skandinavien,Sweden,Unknown,SEK,investpy
SBBpref,Samhallsbyggnadsbolaget I Norden Pref,Sweden,Unknown,SEK,investpy
CLIMEb,Climeon,Sweden,Unknown,SEK,investpy
QIIWI,WeAreQiiwi Interactive,Sweden,Unknown,SEK,investpy
GLOBAL,Global Gaming 555,Sweden,Unknown,SEK,investpy
LOGIST,Logistri Fastighets,Sweden,Unknown,SEK,investpy
ESEN,ESEN eSports,Sweden,Unknown,SEK,investpy
FNMA,Ferronordic Machines,Sweden,Unknown,SEK,investpy
BIBB,BibbInstruments,Sweden,Unknown,SEK,investpy
3KRI,Tre Kronor Property,Sweden,Unknown,SEK,investpy
ASAIN,Artificial Solutions,Sweden,Unknown,SEK,investpy
IRRAS,Irras,Sweden,Unknown,SEK,investpy
2CUREX,2cureX,Sweden,Unknown,SEK,investpy
AWRD,Awardit,Sweden,Unknown,SEK,investpy
TSEC,Tempest Security,Sweden,Unknown,SEK,investpy
DEVPb,DevPort,Sweden,Unknown,SEK,investpy
MAGIN,MAG Interactive,Sweden,Unknown,SEK,investpy
ACCON,Acconeer,Sweden,Unknown,SEK,investpy
SCOUT,Scout Gaming,Sweden,Unknown,SEK,investpy
ARJOb,Arjo,Sweden,Unknown,SEK,investpy
LYKOa,Lyko,Sweden,Unknown,SEK,investpy
ATVEXAb,Atvexa,Sweden,Unknown,SEK,investpy
COREb,Corem Property,Sweden,Unknown,SEK,investpy
BIOWKS,Bio-Works,Sweden,Unknown,SEK,investpy
FLEXQ,FlexQube,Sweden,Unknown,SEK,investpy
HDWb,Hitech Wireless Sweden,Sweden,Unknown,SEK,investpy
AKELpref,Akelius Residential Pref,Sweden,Unknown,SEK,investpy
LEMSE,Leading Edge Materials,Sweden,Unknown,SEK,investpy
LIVIH,Liv ihop,Sweden,Unknown,SEK,investpy
BONES,BBS,Sweden,Unknown,SEK,investpy
CIBUS,​Cibus Nordic Real Estate,Sweden,Unknown,SEK,investpy
NP3pref,NP3 Fastigheter Pref,Sweden,Unknown,SEK,investpy
ZUTEC,Zutec Holding,Sweden,Unknown,SEK,investpy
GREENL,Green Landscaping,Sweden,Unknown,SEK,investpy
BHGF,Bygghemma,Sweden,Unknown,SEK,investpy
ICO,Iconovo,Sweden,Unknown,SEK,investpy
FLUIC,Fluicell,Sweden,Unknown,SEK,investpy
INFREA,Infrea,Sweden,Unknown,SEK,investpy
AECO,Africa Energy,Sweden,Unknown,SEK,investpy
OVZON,Ovzon,Sweden,Unknown,SEK,investpy
JDT,JonDeTech Sensors,Sweden,Unknown,SEK,investpy
ITECH,I-Tech,Sweden,Unknown,SEK,investpy
NCAB,NCAB Group,Sweden,Unknown,SEK,investpy
BETCO,Better Collective,Sweden,Unknown,SEK,investpy
FLEXM,Flexion Mobile,Sweden,Unknown,SEK,investpy
ELKNOK,Elkem,Sweden,Unknown,NOK,investpy
EPIRb,Epiroc B,Sweden,Unknown,SEK,investpy
EPIRa,Epiroc A,Sweden,Unknown,SEK,investpy
PENGb,Projektengagemang,Sweden,Unknown,SEK,investpy
MIDSU,Midsummer,Sweden,Unknown,SEK,investpy
CALTX,Calliditas Therapeutics,Sweden,Unknown,SEK,investpy
RAKE,Raketech,Sweden,Unknown,SEK,investpy
RPLAN,Ranplan,Sweden,Unknown,SEK,investpy
VNEsdb,Veoneer SDR,Sweden,Unknown,SEK,investpy
TOUCH,Touchtech,Sweden,Unknown,SEK,investpy
ASAPH,Asarina Pharma,Sweden,Unknown,SEK,investpy
NIO,Nordic Iron Ore,Sweden,Unknown,SEK,investpy
INFRAC,Infracom,Sweden,Unknown,SEK,investpy
TOAD,Toadman Interactive,Sweden,Unknown,SEK,investpy
247,24SevenOffice,Sweden,Unknown,SEK,investpy
OBST,ObsteCare,Sweden,Unknown,SEK,investpy
STENO,StenoCare,Sweden,Unknown,SEK,investpy
AXOLOT,Axolot Solutions,Sweden,Unknown,SEK,investpy
NYFO,Nyfosa,Sweden,Unknown,SEK,investpy
AROSpref,Aros Bostadsutveckling,Sweden,Unknown,SEK,investpy
S2ME,S2Medical,Sweden,Unknown,SEK,investpy
ALZCUR,AlzeCure Pharma,Sweden,Unknown,SEK,investpy
JETPAK,Jetpak,Sweden,Unknown,SEK,investpy
LIMET,Lime Tech,Sweden,Unknown,SEK,investpy
QLINEA,Q linea,Sweden,Unknown,SEK,investpy
AZELIO,Azelio,Sweden,Unknown,SEK,investpy
CAGGR,CAG,Sweden,Unknown,SEK,investpy
SBBd,Samhallsbyggnadsbolaget I D,Sweden,Unknown,SEK,investpy
FOOTb,Footway B,Sweden,Unknown,SEK,investpy
INCOAX,InCoax Networks,Sweden,Unknown,SEK,investpy
ACELP,Ascelia Pharma,Sweden,Unknown,SEK,investpy
FERRO,Ferroamp Elektronik,Sweden,Unknown,SEK,investpy
GIGSEK,Gaming Innovation,Sweden,Unknown,SEK,investpy
NENTa,Nordic Entertainment A,Sweden,Unknown,SEK,investpy
NENTb,Nordic Entertainment B,Sweden,Unknown,SEK,investpy
FRILLb,Frill,Sweden,Unknown,SEK,investpy
TEQ,Teqnion,Sweden,Unknown,SEK,investpy
COLAB,Colabitoil Sweden,Sweden,Unknown,SEK,investpy
CALMAb,Calmark Sweden B,Sweden,Unknown,SEK,investpy
ZICC,Ziccum,Sweden,Unknown,SEK,investpy
SCOLG,Scandion Oncology,Sweden,Unknown,SEK,investpy
ADVTY,Adverty,Sweden,Unknown,SEK,investpy
RISK,Risk Intelligence,Sweden,Unknown,SEK,investpy
BUBL,Bublar,Sweden,Unknown,SEK,investpy
KARNO,Karnov Group,Sweden,Unknown,SEK,investpy
TRIBOb,Triboron B,Sweden,Unknown,SEK,investpy
UPSALE,Upsales Tech,Sweden,Unknown,SEK,investpy
OSSD,OssDsign,Sweden,Unknown,SEK,investpy
SLITE,Slitevind,Sweden,Unknown,SEK,investpy
VERTb,Vertiseit,Sweden,Unknown,SEK,investpy
JOMA,John Mattson,Sweden,Unknown,SEK,investpy
K2Ab,K2A Knaust & Andersson Fastigheter,Sweden,Unknown,SEK,investpy
NHCBHFFS,Baltic Horizon Fund,Sweden,Unknown,SEK,investpy
ADAPT,Adapteo,Sweden,Unknown,SEK,investpy
SEAF,Seafire,Sweden,Unknown,SEK,investpy
QBITto1,QuickBit,Sweden,Unknown,SEK,investpy
QBIT,QuickBit,Sweden,Unknown,SEK,investpy
NUSTAY,Nustay,Sweden,Unknown,SEK,investpy
ATANA,Attana,Sweden,Unknown,SEK,investpy
SMOL,Smoltek Nanotech,Sweden,Unknown,SEK,investpy
ZORDIXb,Zordix,Sweden,Unknown,SEK,investpy
EQTAB,EQT AB,Sweden,Unknown,SEK,investpy
MNTC,Mentice,Sweden,Unknown,SEK,investpy
LIPI,Lipidor,Sweden,Unknown,SEK,investpy
ZIGN,Zignsec,Sweden,Unknown,SEK,investpy
PROX,Proximus,Belgium,Unknown,EUR,investpy
AGFB,Agfa Gevaert,Belgium,Unknown,EUR,investpy
BEKB,Bekaert,Belgium,Unknown,EUR,investpy
ACKB,Ackermans,Belgium,Unknown,EUR,investpy
COLR,Etablissementen Franz Colruyt,Belgium,Unknown,EUR,investpy
BAR,Barco,Belgium,Unknown,EUR,investpy
COFB,Cofinimmo,Belgium,Unknown,EUR,investpy
KBC,KBC,Belgium,Unknown,EUR,investpy
SOLB,Solvay,Belgium,Unknown,EUR,investpy
OBEL,Orange Belgium,Belgium,Unknown,EUR,investpy
EVSB,EVS Broadcast,Belgium,Unknown,EUR,investpy
GBLB,GBL,Belgium,Unknown,EUR,investpy
UCB,UCB,Belgium,Unknown,EUR,investpy
TNET,Telenet,Belgium,Unknown,EUR,investpy
NYR,Nyrstar,Belgium,Unknown,EUR,investpy
DEXI,Dexia,Belgium,Unknown,EUR,investpy
ABI,Anheuser Busch Inbev,Belgium,Unknown,EUR,investpy
AGES,Ageas,Belgium,Unknown,EUR,investpy
UMI,Umicore,Belgium,Unknown,EUR,investpy
BEFB,Befimmo-Sicafi,Belgium,Unknown,EUR,investpy
AOO,Aedifica,Belgium,Unknown,EUR,investpy
ASCC,Ascencio,Belgium,Unknown,EUR,investpy
ATEO,Atenor,Belgium,Unknown,EUR,investpy
BANI,Banimmo SA,Belgium,Unknown,EUR,investpy
BELC,Belreca,Belgium,Unknown,EUR,investpy
BELU,Beluga,Belgium,Unknown,EUR,investpy
BNAB,National Bank of Belgium,Belgium,Unknown,EUR,investpy
BRED,Brederode,Belgium,Unknown,EUR,investpy
CAMB,Campine,Belgium,Unknown,EUR,investpy
CBOS,Cie Bois Sauvage,Belgium,Unknown,EUR,investpy
CFEB,CFE SA,Belgium,Unknown,EUR,investpy
COFIt_pa,Cofinimmo Priv2,Belgium,Unknown,EUR,investpy
CONN,Connect Group,Belgium,Unknown,EUR,investpy
DECB,Deceuninck,Belgium,Unknown,EUR,investpy
ECONB,Econocom,Belgium,Unknown,EUR,investpy
ELI,Elia,Belgium,Unknown,EUR,investpy
ENGB,Rosier,Belgium,Unknown,EUR,investpy
EUAV,Euronav,Belgium,Unknown,EUR,investpy
EXMR,Exmar,Belgium,Unknown,EUR,investpy
FLOB,Floridienne,Belgium,Unknown,EUR,investpy
FOU,Fountain,Belgium,Unknown,EUR,investpy
GIMV,GIMV,Belgium,Unknown,EUR,investpy
GLOG,Global Graphics,Belgium,Unknown,EUR,investpy
HAMO,Hamon,Belgium,Unknown,EUR,investpy
HINV,Home Invest,Belgium,Unknown,EUR,investpy
IBAB,Ion Beam Applications,Belgium,Unknown,EUR,investpy
VASTB,Vastned Retail,Belgium,Unknown,EUR,investpy
IMMO,Immobel,Belgium,Unknown,EUR,investpy
IMMOU,Immobiliere Publique de Droit Belge,Belgium,Unknown,EUR,investpy
JEN,Jensen-Group,Belgium,Unknown,EUR,investpy
KBCA,KBC Ancora,Belgium,Unknown,EUR,investpy
KEYW,Keyware Tech,Belgium,Unknown,EUR,investpy
KIPO,Kinepolis NV,Belgium,Unknown,EUR,investpy
LNRE,Leasinvest,Belgium,Unknown,EUR,investpy
LOTB,Lotus Bakeries,Belgium,Unknown,EUR,investpy
MDXH,Mdxhealth,Belgium,Unknown,EUR,investpy
MIKK,Miko,Belgium,Unknown,EUR,investpy
MLXS,Melexis NV,Belgium,Unknown,EUR,investpy
MONTE,Montea,Belgium,Unknown,EUR,investpy
NEFI,Neufcour,Belgium,Unknown,EUR,investpy
OPIN,Crescent,Belgium,Unknown,EUR,investpy
PICB,Picanol,Belgium,Unknown,EUR,investpy
GREENY,Greenyard,Belgium,Unknown,EUR,investpy
PRIF,Intervest Offices,Belgium,Unknown,EUR,investpy
IEP,Iep Invest,Belgium,Unknown,EUR,investpy
QUFG,Questfor,Belgium,Unknown,EUR,investpy
FAGRO,Fagron,Belgium,Unknown,EUR,investpy
RECT,Recticel,Belgium,Unknown,EUR,investpy
RESI,Resilux NV,Belgium,Unknown,EUR,investpy
RETE,Retail Estates,Belgium,Unknown,EUR,investpy
RLRT,Roularta,Belgium,Unknown,EUR,investpy
SCHK,Scheerd.V Kerchove,Belgium,Unknown,EUR,investpy
SIFB,Sipef NV,Belgium,Unknown,EUR,investpy
SIOE,Sioen,Belgium,Unknown,EUR,investpy
SOAC,Solvac Nom,Belgium,Unknown,EUR,investpy
SOF,Sofina,Belgium,Unknown,EUR,investpy
SOLN,Moury Construct,Belgium,Unknown,EUR,investpy
SPAB,Spadel,Belgium,Unknown,EUR,investpy
SMAR,Smartphoto,Belgium,Unknown,EUR,investpy
SUCB,Sucraf A&B,Belgium,Unknown,EUR,investpy
CPINV,CP Invest,Belgium,Unknown,EUR,investpy
SYNB,Accentis,Belgium,Unknown,EUR,investpy
TERB,Ter Beke,Belgium,Unknown,EUR,investpy
TESB,Tessenderlo,Belgium,Unknown,EUR,investpy
TEXB,Texaf SA,Belgium,Unknown,EUR,investpy
ABO,ABO Group,Belgium,Unknown,EUR,investpy
OXUR,Oxurion,Belgium,Unknown,EUR,investpy
TUB,Tubize-Fin,Belgium,Unknown,EUR,investpy
VELD,Van De Velde,Belgium,Unknown,EUR,investpy
VGP1,VGP,Belgium,Unknown,EUR,investpy
WARB,Warehouses Estates,Belgium,Unknown,EUR,investpy
WDPP,Warehouses de Pauw,Belgium,Unknown,EUR,investpy
WEHB,Wereldhav B-Sicafi,Belgium,Unknown,EUR,investpy
ZENT,Zenitel,Belgium,Unknown,EUR,investpy
IETB,DIeteren SA,Belgium,Unknown,EUR,investpy
EONG,E.ON SE,Belgium,Unknown,EUR,investpy
CVX,Chevron,Belgium,Unknown,USD,investpy
INTC,Intel,Belgium,Unknown,USD,investpy
MSFT,Microsoft,Belgium,Unknown,USD,investpy
CSCO,Cisco,Belgium,Unknown,USD,investpy
TIT,Telecom Italia,Belgium,Unknown,EUR,investpy
BBVA,BBVA,Belgium,Unknown,EUR,investpy
TEF,Telefonica,Belgium,Unknown,EUR,investpy
SANTA,Santander,Belgium,Unknown,EUR,investpy
ENIT,ENI,Belgium,Unknown,EUR,investpy
IBMu,IBM,Belgium,Unknown,USD,investpy
SIEG,Siemens AG,Belgium,Unknown,EUR,investpy
FNG,Fng,Belgium,Unknown,EUR,investpy
VIOH,Viohalco BR,Belgium,Unknown,EUR,investpy
BPOST,bpost NV,Belgium,Unknown,EUR,investpy
CYAD,Celyad,Belgium,Unknown,EUR,investpy
QRF,Qrf,Belgium,Unknown,EUR,investpy
CBHB,Co.Br.Ha D,Belgium,Unknown,EUR,investpy
SABC,Sabca,Belgium,Unknown,EUR,investpy
SYMA,Softimat,Belgium,Unknown,EUR,investpy
ZENG,Zenobe Gramme,Belgium,Unknown,EUR,investpy
FLUX,Fluxys Belgium,Belgium,Unknown,EUR,investpy
ONTEX,Ontex Group,Belgium,Unknown,EUR,investpy
PAPL,Payton Planar,Belgium,Unknown,EUR,investpy
ARGX,Argen-X,Belgium,Unknown,EUR,investpy
CAND,Candela Invest,Belgium,Unknown,EUR,investpy
BOTHE,Bone Therapeutics SA,Belgium,Unknown,EUR,investpy
ALPBS,De Rouck Geomatics SA,Belgium,Unknown,EUR,investpy
ALEMK,Emakina Group SA,Belgium,Unknown,EUR,investpy
LUXAtc,Immo Lux Airport SA,Belgium,Unknown,EUR,investpy
ALEVA,Evadix SA,Belgium,Unknown,EUR,investpy
BCART,Biocartis Group NV,Belgium,Unknown,EUR,investpy
TINCC,Tinc Comm,Belgium,Unknown,EUR,investpy
MITRA,Mithra Pharmaceuticals Sa,Belgium,Unknown,EUR,investpy
XIOR,Xior Student Housing BVBA,Belgium,Unknown,EUR,investpy
ASIT,Asit Biotech SA,Belgium,Unknown,EUR,investpy
ANTA,Antares,Belgium,Unknown,EUR,investpy
BASXc,Basilix Cert,Belgium,Unknown,EUR,investpy
BE0172505399,BNP Paribas Fortis,Belgium,Unknown,EUR,investpy
BE0941243520,Aliaxis,Belgium,Unknown,EUR,investpy
BE0941244536,Etex,Belgium,Unknown,EUR,investpy
BE0944264663,SCR Sibelco,Belgium,Unknown,EUR,investpy
BE0945331669,ARKimedes Fonds,Belgium,Unknown,EUR,investpy
BLIEc,Immo Beaulieu,Belgium,Unknown,EUR,investpy
DIEGK,Diegem Kennedy,Belgium,Unknown,EUR,investpy
GENKc,Vortex Logistics Genk,Belgium,Unknown,EUR,investpy
NEWT,Newtree,Belgium,Unknown,EUR,investpy
WOLE,L’Investissement Foncier,Belgium,Unknown,EUR,investpy
WOLS,Association des Commercants,Belgium,Unknown,EUR,investpy
DTEG,Deutsche Telekom AG,Belgium,Unknown,EUR,investpy
MUVGn,Muench. Rueckvers.,Belgium,Unknown,EUR,investpy
TIS,Tiscali,Belgium,Unknown,EUR,investpy
VOWG,Volkswagen ST,Belgium,Unknown,EUR,investpy
CENER,Cenergy Hold,Belgium,Unknown,EUR,investpy
BALTA,Balta,Belgium,Unknown,EUR,investpy
ACPH,Acacia Pharma,Belgium,Unknown,EUR,investpy
SHUR,Shurgard Self Storage,Belgium,Unknown,EUR,investpy
SEQUA,Sequana Medical,Belgium,Unknown,EUR,investpy
TITC,Titan Cement,Belgium,Unknown,EUR,investpy
DNO,DNO International,Norway,Unknown,NOK,investpy
GOGLT,Golden Ocean,Norway,Unknown,NOK,investpy
NHY,Norsk Hydro,Norway,Unknown,NOK,investpy
DDASA,Dolphin Drilling,Norway,Unknown,NOK,investpy
MOWI,Marine Harvest,Norway,Unknown,NOK,investpy
FRO,Frontline,Norway,Unknown,NOK,investpy
PRSO,Prosafe,Norway,Unknown,NOK,investpy
ORK,Orkla,Norway,Unknown,NOK,investpy
REC,REC Silicon,Norway,Unknown,NOK,investpy
PGS,Petroleum Geo - Services,Norway,Unknown,NOK,investpy
EQNR,Equinor,Norway,Unknown,NOK,investpy
TOM,Tomra Systems,Norway,Unknown,NOK,investpy
STB,Storebrand,Norway,Unknown,NOK,investpy
TEL,Telenor,Norway,Unknown,NOK,investpy
YAR,Yara International,Norway,Unknown,NOK,investpy
SDRL,Seadrill Ltd,Norway,Unknown,NOK,investpy
SUBC,Subsea 7,Norway,Unknown,NOK,investpy
TGS,TGS-NOPEC Geophysical,Norway,Unknown,NOK,investpy
AKAS,Akastor ASA,Norway,Unknown,NOK,investpy
DNB,DnB,Norway,Unknown,NOK,investpy
KOG,Kongsberg,Norway,Unknown,NOK,investpy
SNI,Stolt-Nielsen,Norway,Unknown,NOK,investpy
AKER,Aker,Norway,Unknown,NOK,investpy
ARCHER,Archer,Norway,Unknown,NOK,investpy
ASC,ABG Sundal Collier,Norway,Unknown,NOK,investpy
ATEA,Atea,Norway,Unknown,NOK,investpy
AUSS,Austevoll,Norway,Unknown,NOK,investpy
BAKKA,P/f Bakkafrost,Norway,Unknown,NOK,investpy
SOLON,Solon Eiendom,Norway,Unknown,NOK,investpy
AKERBP,Aker BP,Norway,Unknown,NOK,investpy
EMGS,Electromagnetic Geoservices,Norway,Unknown,NOK,investpy
EVRY,EVRY,Norway,Unknown,NOK,investpy
GJFS,Gjensidige Forsikring,Norway,Unknown,NOK,investpy
KOA,Kongsberg Automotive,Norway,Unknown,NOK,investpy
KVAER,Kværner,Norway,Unknown,NOK,investpy
LSG,Leroy Seafood,Norway,Unknown,NOK,investpy
NOD,Nordic Semiconductor,Norway,Unknown,NOK,investpy
NPRO,Norwegian Property,Norway,Unknown,NOK,investpy
NWC,Norwegian Air Shuttle,Norway,Unknown,NOK,investpy
ODF,Odfjell,Norway,Unknown,NOK,investpy
OTELLO,Opera Software,Norway,Unknown,NOK,investpy
QEC,Questerre Energy Corporation,Norway,Unknown,NOK,investpy
QFR,Q-Free,Norway,Unknown,NOK,investpy
SALM,SalMar,Norway,Unknown,NOK,investpy
SBSTA,Schibsted A,Norway,Unknown,NOK,investpy
MGNR,Sevan Marine,Norway,Unknown,NOK,investpy
VEI,Veidekke,Norway,Unknown,NOK,investpy
WALWIL,Wallenius Wilhelmsen,Norway,Unknown,NOK,investpy
WWI,Wilh Wilhelmsen Holding,Norway,Unknown,NOK,investpy
WWIB,Wilhelm Wilhelmsen B,Norway,Unknown,NOK,investpy
PLCS,Polarcus,Norway,Unknown,NOK,investpy
AMSCA,American Shipping,Norway,Unknown,NOK,investpy
BWO,BW Offshore,Norway,Unknown,NOK,investpy
BWLPG,BW LPG,Norway,Unknown,NOK,investpy
HLNGH,Hoegh LNG,Norway,Unknown,NOK,investpy
JINS,Jinhui Shipping,Norway,Unknown,NOK,investpy
ODLL,Odfjell Drilli,Norway,Unknown,NOK,investpy
SBX,Seabird Explor,Norway,Unknown,NOK,investpy
PSET,Petrolia,Norway,Unknown,NOK,investpy
ASETEK,Asetek,Norway,Unknown,NOK,investpy
AVM,Avocet Mining,Norway,Unknown,NOK,investpy
SSCOM,Scottish Salmon,Norway,Unknown,NOK,investpy
SIOFF,Siem Offshore,Norway,Unknown,NOK,investpy
FUNCOM,Funcom,Norway,Unknown,NOK,investpy
VVL,Voss Veksel La,Norway,Unknown,NOK,investpy
NKR,Nekkar Asa,Norway,Unknown,NOK,investpy
INCU,Incus Investor,Norway,Unknown,NOK,investpy
ELEM,Intex,Norway,Unknown,NOK,investpy
DAT,Data Respons,Norway,Unknown,NOK,investpy
HEX,Hexagon Composites,Norway,Unknown,NOK,investpy
AFGRA,Af Gruppen,Norway,Unknown,NOK,investpy
SOFF,Solstad Offsho,Norway,Unknown,NOK,investpy
BELS,Belships,Norway,Unknown,NOK,investpy
TECHS,Techstep,Norway,Unknown,NOK,investpy
AKVA,Akva Group,Norway,Unknown,NOK,investpy
HIDDNS,Hiddn Solutions,Norway,Unknown,NOK,investpy
BON,Bonheur,Norway,Unknown,NOK,investpy
REACH,Reach Subsea,Norway,Unknown,NOK,investpy
ODFB,Odfjell B,Norway,Unknown,NOK,investpy
AFK,Arendals F.Kom,Norway,Unknown,NOK,investpy
NRC,NRC Group,Norway,Unknown,NOK,investpy
GOD,Goodtech,Norway,Unknown,NOK,investpy
OLT,Olav Thon Eien,Norway,Unknown,NOK,investpy
PHO,Photocure,Norway,Unknown,NOK,investpy
ITER,Itera,Norway,Unknown,NOK,investpy
BIOTEC,Biotec Pharmacon,Norway,Unknown,NOK,investpy
DOF,Dof,Norway,Unknown,NOK,investpy
NEL,Nel ASA,Norway,Unknown,NOK,investpy
STRONG,Strongpoint,Norway,Unknown,NOK,investpy
CARAS,Apptix,Norway,Unknown,NOK,investpy
NAVA,Navamedic,Norway,Unknown,NOK,investpy
PROTCT,Protector Forsikring,Norway,Unknown,NOK,investpy
HAVI,Havila Shipping,Norway,Unknown,NOK,investpy
RISH,Gc Rieber Ship,Norway,Unknown,NOK,investpy
EIOF,Eidesvik Offshore,Norway,Unknown,NOK,investpy
IOX,Interoil,Norway,Unknown,NOK,investpy
OTS,Oceanteam,Norway,Unknown,NOK,investpy
NRSM,Norway Royal Salmon,Norway,Unknown,NOK,investpy
STORM,Storm Real,Norway,Unknown,NOK,investpy
BOUVET,Bouvet,Norway,Unknown,NOK,investpy
GSFO,Grieg Seafood,Norway,Unknown,NOK,investpy
NOR,Norwegian Ener,Norway,Unknown,NOK,investpy
ENDUR,Bergen,Norway,Unknown,NOK,investpy
SPU,Spectrum,Norway,Unknown,NOK,investpy
PENO,Panoro Energy,Norway,Unknown,NOK,investpy
SBOO,Selvaag Bolig,Norway,Unknown,NOK,investpy
SRBANK,Sparebank 1Sr,Norway,Unknown,NOK,investpy
OCY,Ocean Yield,Norway,Unknown,NOK,investpy
BRGD,Borregaard,Norway,Unknown,NOK,investpy
COVI,Contextvision,Norway,Unknown,NOK,investpy
SASNOK,SAS,Norway,Unknown,NOK,investpy
AXAC,Axactor,Norway,Unknown,NOK,investpy
EMASL,Emas Offshore Construction Pte,Norway,Unknown,NOK,investpy
GAMIG,Gaming Innovation,Norway,Unknown,NOK,investpy
KP5,Kitron,Norway,Unknown,NOK,investpy
MEDS,Medistim,Norway,Unknown,NOK,investpy
POLME,Polaris Media,Norway,Unknown,NOK,investpy
BYGG,Byggma,Norway,Unknown,NOK,investpy
NAPAT,Napatech,Norway,Unknown,NOK,investpy
BOR,Borgestad A,Norway,Unknown,NOK,investpy
ATLA,Atla Petroleum,Norway,Unknown,NOK,investpy
NTSAS,NTS ASA,Norway,Unknown,NOK,investpy
GYL,Gyldendal,Norway,Unknown,NOK,investpy
SSOL,Scatec Solar OL,Norway,Unknown,NOK,investpy
XXLA,XXL ASA,Norway,Unknown,NOK,investpy
ENTRA,Entra ASA,Norway,Unknown,NOK,investpy
RAKP,RAK Petroleum PLC,Norway,Unknown,NOK,investpy
TEAM,Team Tankers International Ltd,Norway,Unknown,NOK,investpy
NANOV,Nordic Nanovector ASA,Norway,Unknown,NOK,investpy
AKSOL,Aker Solutions OL,Norway,Unknown,NOK,investpy
AQUA,Aqualis,Norway,Unknown,NOK,investpy
AVANCE,Avance Gas Holding Ltd,Norway,Unknown,NOK,investpy
HYARD,Havyard Group ASA,Norway,Unknown,NOK,investpy
THIN,Thin Film Electronics ASA,Norway,Unknown,NOK,investpy
INSRI,Insr Insurance,Norway,Unknown,NOK,investpy
ZAL,Zalaris ASA,Norway,Unknown,NOK,investpy
IDEX,Idex ASA,Norway,Unknown,NOK,investpy
MULTIC,Multiconsult AS SE,Norway,Unknown,NOK,investpy
SBSTB,Schibsted ASA B,Norway,Unknown,NOK,investpy
EPRI,Europris ASA,Norway,Unknown,NOK,investpy
VISTIN,Vistin Pharma ASA,Norway,Unknown,NOK,investpy
FIVEPG,5Th Planet Games,Norway,Unknown,NOK,investpy
KID,Kid ASA,Norway,Unknown,NOK,investpy
SBANK,Skandiabanken,Norway,Unknown,NOK,investpy
PHLYS,Philly Shipyard ASA,Norway,Unknown,NOK,investpy
AASB-ME,Aasen Sparebank,Norway,Unknown,NOK,investpy
AEGA,Nordic Financials,Norway,Unknown,NOK,investpy
ATLU-ME,Atlantic Lumpus,Norway,Unknown,NOK,investpy
BSP-ME,Black Sea Property,Norway,Unknown,NOK,investpy
INDUCT-ME,Induct,Norway,Unknown,NOK,investpy
SIAF-ME,Sino Agro Food,Norway,Unknown,NOK,investpy
WRE-ME,WR Entertainment,Norway,Unknown,NOK,investpy
NEXT,Next Biometrics,Norway,Unknown,NOK,investpy
B2H,B2holding,Norway,Unknown,NOK,investpy
TREAS,Treasure,Norway,Unknown,NOK,investpy
NOFI,Norwegian Finans,Norway,Unknown,NOK,investpy
TRVX,Targovax,Norway,Unknown,NOK,investpy
CXEN,Cxense,Norway,Unknown,NOK,investpy
MING,Sparebank 1 SMN,Norway,Unknown,NOK,investpy
PNOR,Petronor E&P,Norway,Unknown,NOK,investpy
NONG,Sparebank 1 Nord-Norge,Norway,Unknown,NOK,investpy
SPOG,Sparebanken Ost,Norway,Unknown,NOK,investpy
SVEG,Sparebanken Vest,Norway,Unknown,NOK,investpy
ALNG,Awilco LNG,Norway,Unknown,NOK,investpy
ATBT,Aqua Bio Tech,Norway,Unknown,NOK,investpy
AURG,Aurskog Sparebank,Norway,Unknown,NOK,investpy
AWDR,Awilco Drilling,Norway,Unknown,NOK,investpy
HUNTG,Hunter Group,Norway,Unknown,NOK,investpy
EAM,EAM Solar,Norway,Unknown,NOK,investpy
FLNG,FLEX LNG,Norway,Unknown,NOK,investpy
HELG,Helgeland Sparebank,Norway,Unknown,NOK,investpy
HOFBC,Hofseth Biocare,Norway,Unknown,NOK,investpy
HSPG,Holand og Setskog Sparebank,Norway,Unknown,NOK,investpy
SOGNS,Sogn Sparebank,Norway,Unknown,NOK,investpy
JAEREN,Jaeren Sparebank,Norway,Unknown,NOK,investpy
MELG,Melhus Sparebank,Norway,Unknown,NOK,investpy
MSEIS,Magseis,Norway,Unknown,NOK,investpy
NATTO,Nattopharma,Norway,Unknown,NOK,investpy
NOMIN,Nordic Mining,Norway,Unknown,NOK,investpy
NORTH,North Energy,Norway,Unknown,NOK,investpy
PCIB,PCI Biotech,Norway,Unknown,NOK,investpy
RING,Sparebank 1 Ringerike Hadeland,Norway,Unknown,NOK,investpy
ROMR,RomReal,Norway,Unknown,NOK,investpy
SADG,Sandnes Sparebank,Norway,Unknown,NOK,investpy
SAGT,Saga Tankers,Norway,Unknown,NOK,investpy
SBVGV,Sparebank 1 BV,Norway,Unknown,NOK,investpy
SDSD,SD Standard Drilling,Norway,Unknown,NOK,investpy
SKUE,Skue Sparebank,Norway,Unknown,NOK,investpy
SOAG,Sparebank 1 Ostfold Akershus,Norway,Unknown,NOK,investpy
SORR,Sparebanken Sor,Norway,Unknown,NOK,investpy
SPMO,Sparebanken More,Norway,Unknown,NOK,investpy
SSHIP,Scanship,Norway,Unknown,NOK,investpy
TOTG,Totens Sparebank,Norway,Unknown,NOK,investpy
ARCUS,Arcus,Norway,Unknown,NOK,investpy
EPIC-ME,Epic Gas,Norway,Unknown,NOK,investpy
GENT-ME,Gentian Diagnostics,Norway,Unknown,NOK,investpy
PARB,Pareto Bank,Norway,Unknown,NOK,investpy
PIOPGpref,Pioneer Property Pref,Norway,Unknown,NOK,investpy
AGSOL,Songa Bulk,Norway,Unknown,EUR,investpy
WILS,Wilson,Norway,Unknown,NOK,investpy
BRA-ME,Monobank,Norway,Unknown,NOK,investpy
BGBIO,Bergenbio,Norway,Unknown,NOK,investpy
SPOLT,Sparebank 1,Norway,Unknown,NOK,investpy
GRONG-ME,Grong Sparebank,Norway,Unknown,NOK,investpy
BDRILL,Borr Drilling,Norway,Unknown,NOK,investpy
FJORD,Fjord1,Norway,Unknown,NOK,investpy
INFRNT,Infront,Norway,Unknown,NOK,investpy
WSTEP,Webstep,Norway,Unknown,NOK,investpy
CRAYON,Crayon,Norway,Unknown,NOK,investpy
KOMPBK,Komplett Bank,Norway,Unknown,NOK,investpy
SNORD,Sparebank 1 Nordvest,Norway,Unknown,NOK,investpy
TYSB-ME,Tysnes Sparebank,Norway,Unknown,NOK,investpy
SALMON,Salmones Camanchaca,Norway,Unknown,NOK,investpy
FKRAFT,Fjordkraft,Norway,Unknown,NOK,investpy
ELK,Elkem,Norway,Unknown,NOK,investpy
SHLF,Shelf Drilling,Norway,Unknown,NOK,investpy
SBLK,Star Bulk Carriers,Norway,Unknown,NOK,investpy
SSG,Self Storage,Norway,Unknown,NOK,investpy
ADSC-ME,ADS Crude Carriers,Norway,Unknown,NOK,investpy
OET,Okeanis Eco Tankers,Norway,Unknown,NOK,investpy
BRABNK-ME,Brabank,Norway,Unknown,NOK,investpy
PLTO,Polight,Norway,Unknown,NOK,investpy
MPCC,MPC Container,Norway,Unknown,NOK,investpy
NODL,Northern Drilling,Norway,Unknown,NOK,investpy
ZENA-ME,Zenith Energy,Norway,Unknown,NOK,investpy
SBTE,Sparebanken Telemark,Norway,Unknown,NOK,investpy
ZWIPE-ME,Zwipe,Norway,Unknown,NOK,investpy
ADEA,Adevinta A,Norway,Unknown,NOK,investpy
ADEB,Adevinta B,Norway,Unknown,NOK,investpy
ICEG,Ice Group,Norway,Unknown,NOK,investpy
KCCA,Klaveness Combination Carriers,Norway,Unknown,DKK,investpy
SBX-ME,SeaBird Exploration,Norway,Unknown,NOK,investpy
ULTIMO,Ultimovacs,Norway,Unknown,NOK,investpy
NISB-ME,Nidaros Sparebank,Norway,Unknown,NOK,investpy
NORBIT,Norbit,Norway,Unknown,NOK,investpy
OKEA,Okea,Norway,Unknown,NOK,investpy
KAHOOT-ME,Kahoot,Norway,Unknown,NOK,investpy
NSKOG,Norske Skog,Norway,Unknown,NOK,investpy
SATSA,Sats,Norway,Unknown,NOK,investpy
HAFNIA,Hafnia,Norway,Unknown,NOK,investpy
OBSERV,Observe Medical,Norway,Unknown,NOK,investpy
DANSKE,Danske Bank,Denmark,Unknown,DKK,investpy
DNORD,D/S Norden,Denmark,Unknown,DKK,investpy
CARLb,Carlsberg B,Denmark,Unknown,DKK,investpy
DSV,DSV,Denmark,Unknown,DKK,investpy
NDADK,Nordea Bank,Denmark,Unknown,DKK,investpy
NOVOb,Novo Nordisk B,Denmark,Unknown,DKK,investpy
MAERSKb,Moller Maersk B,Denmark,Unknown,DKK,investpy
LUN,Lundbeck,Denmark,Unknown,DKK,investpy
NZYMb,Novozymes B,Denmark,Unknown,DKK,investpy
MAERSKa,Moller Maersk A,Denmark,Unknown,DKK,investpy
NKT,NKT Holding,Denmark,Unknown,DKK,investpy
GMAB,Genmab,Denmark,Unknown,DKK,investpy
FLS,FLSmidth&Co,Denmark,Unknown,DKK,investpy
GN,GN Store Nord,Denmark,Unknown,DKK,investpy
VWS,Vestas Wind,Denmark,Unknown,DKK,investpy
TOP,Topdanmark A/S,Denmark,Unknown,DKK,investpy
DEMANT,William Demant,Denmark,Unknown,DKK,investpy
TRYG,Tryg,Denmark,Unknown,DKK,investpy
SYDB,Sydbank,Denmark,Unknown,DKK,investpy
COLOb,Coloplast,Denmark,Unknown,DKK,investpy
AAB,Aalborg Boldspilklub,Denmark,Unknown,DKK,investpy
ALKb,ALK-Abello B,Denmark,Unknown,DKK,investpy
ALMB,Alm. Brand,Denmark,Unknown,DKK,investpy
AMb,Andersen&Martini B,Denmark,Unknown,DKK,investpy
AMBUb,Ambu,Denmark,Unknown,DKK,investpy
AOJp,Broedrene A & O Johansen,Denmark,Unknown,DKK,investpy
ARKILb,Arkil B,Denmark,Unknown,DKK,investpy
ATLA,Atla Petroleum,Denmark,Unknown,DKK,investpy
BAVA,Bavarian Nordic,Denmark,Unknown,DKK,investpy
BOSTADb,Bostad,Denmark,Unknown,DKK,investpy
BIF,Broendbyernes IF Fodbold,Denmark,Unknown,DKK,investpy
BIOPOR,BioPorto,Denmark,Unknown,DKK,investpy
BLVISa,Blue Vision,Denmark,Unknown,DKK,investpy
BNORDIK,BankNordik P/F,Denmark,Unknown,DKK,investpy
BO,Bang&Olufsen,Denmark,Unknown,DKK,investpy
BORDb,F.E. Bording B,Denmark,Unknown,DKK,investpy
CARLa,Carlsberg A,Denmark,Unknown,DKK,investpy
CBRAIN,cBrain,Denmark,Unknown,DKK,investpy
CHEMM,ChemoMetec,Denmark,Unknown,DKK,investpy
CHRH,Chr. Hansen,Denmark,Unknown,DKK,investpy
COLUM,Columbus,Denmark,Unknown,DKK,investpy
DABA,Danske Andelskassers Bank,Denmark,Unknown,DKK,investpy
STRINVS,Aktieselskabet af 23.04,Denmark,Unknown,DKK,investpy
DANT,Dantax,Denmark,Unknown,DKK,investpy
DFDS,DFDS,Denmark,Unknown,DKK,investpy
DJUR,Djurslands Bank,Denmark,Unknown,DKK,investpy
DLHb,DLH,Denmark,Unknown,DKK,investpy
BOLIGA,Boliga,Denmark,Unknown,DKK,investpy
AGFEb,Aarhus Elite,Denmark,Unknown,DKK,investpy
ERRIA,Erria,Denmark,Unknown,DKK,investpy
FFARMS,First Farms,Denmark,Unknown,DKK,investpy
FLUGb,Flugger B,Denmark,Unknown,DKK,investpy
ATHENAI,Athena Investments,Denmark,Unknown,DKK,investpy
G4S,G4S,Denmark,Unknown,DKK,investpy
GABR,Gabriel Holding,Denmark,Unknown,DKK,investpy
GERHSP,German High Street B,Denmark,Unknown,DKK,investpy
GJ,Glunz&Jensen,Denmark,Unknown,DKK,investpy
GRLA,Gronlandsbanken,Denmark,Unknown,DKK,investpy
GYLDa,Gyldendal A,Denmark,Unknown,DKK,investpy
GYLDb,Gyldendal B,Denmark,Unknown,DKK,investpy
HARBb,Harboes Bryggeri B,Denmark,Unknown,DKK,investpy
HARTb,Brdr.Hartmann,Denmark,Unknown,DKK,investpy
HHDC,H+H International,Denmark,Unknown,DKK,investpy
MTHH,MT Hoejgaard,Denmark,Unknown,DKK,investpy
HVID,Hvidbjerg Bank,Denmark,Unknown,DKK,investpy
IC,IC Companys,Denmark,Unknown,DKK,investpy
IMAIL,Intermail,Denmark,Unknown,DKK,investpy
JDAN,Jeudan,Denmark,Unknown,DKK,investpy
JYSK,Jyske Bank,Denmark,Unknown,DKK,investpy
KBHL,Kobenhavns Lufthavne,Denmark,Unknown,DKK,investpy
KLEEb,Brd. Klee B,Denmark,Unknown,DKK,investpy
KRE,Kreditbanken,Denmark,Unknown,DKK,investpy
LASP,Lan og Spar Bank,Denmark,Unknown,DKK,investpy
LOLB,Lollands Bank,Denmark,Unknown,DKK,investpy
LUXORb,Luxor B,Denmark,Unknown,DKK,investpy
MIGAb,Migatronic B,Denmark,Unknown,DKK,investpy
MNBA,Mons Bank,Denmark,Unknown,DKK,investpy
NTGNT,Neurosearch,Denmark,Unknown,DKK,investpy
NEWCAP,Newcap,Denmark,Unknown,DKK,investpy
NORDIC,Nordic Shipholding,Denmark,Unknown,DKK,investpy
NORTHM,North Media,Denmark,Unknown,DKK,investpy
PSNRDCa,Nordicom,Denmark,Unknown,DKK,investpy
NRDF,Nordfyns Bank,Denmark,Unknown,DKK,investpy
NTRb,NTR Holding B,Denmark,Unknown,DKK,investpy
OSSR,Ossur,Denmark,Unknown,DKK,investpy
EACI,Santa Fe Group,Denmark,Unknown,DKK,investpy
PAALb,Per Aarsleff B,Denmark,Unknown,DKK,investpy
PARKEN,PARKEN,Denmark,Unknown,DKK,investpy
PNDORA,Pandora,Denmark,Unknown,DKK,investpy
PRIMOF,Prime Office,Denmark,Unknown,DKK,investpy
RBLNb,Roblon A/S,Denmark,Unknown,DKK,investpy
RBREW,Royal Unibrew,Denmark,Unknown,DKK,investpy
RIASb,Rias B,Denmark,Unknown,DKK,investpy
RILBA,Ringkjoebing Landbobank,Denmark,Unknown,DKK,investpy
ROCKa,Rockwool Int. A,Denmark,Unknown,DKK,investpy
ROCKb,Rockwool Int. B,Denmark,Unknown,DKK,investpy
ROVS,SSBV-Rovsing,Denmark,Unknown,DKK,investpy
RTX,RTX,Denmark,Unknown,DKK,investpy
SALB,Salling Bank,Denmark,Unknown,DKK,investpy
SANI,Sanistal,Denmark,Unknown,DKK,investpy
SAS,SAS,Denmark,Unknown,DKK,investpy
SBS,SBS,Denmark,Unknown,DKK,investpy
SCHO,Schouw&Co,Denmark,Unknown,DKK,investpy
SIF,Silkeborg IF Invest,Denmark,Unknown,DKK,investpy
SIM,Simcorp A/S,Denmark,Unknown,DKK,investpy
SKAKO,SKAKO,Denmark,Unknown,DKK,investpy
SKJE,Skjern Bank,Denmark,Unknown,DKK,investpy
SOLARb,Solar B,Denmark,Unknown,DKK,investpy
SPGP,SP Group,Denmark,Unknown,DKK,investpy
JUTBK,Jutlander Bank A/S,Denmark,Unknown,DKK,investpy
SPNO,Spar Nord Bank,Denmark,Unknown,DKK,investpy
FYNBK,Fynske Bank A/S,Denmark,Unknown,DKK,investpy
TIV,Tivoli,Denmark,Unknown,DKK,investpy
AGATE,Agat Ejendomme,Denmark,Unknown,DKK,investpy
TOTA,Totalbanken,Denmark,Unknown,DKK,investpy
CEMAT,Cemat A/S,Denmark,Unknown,DKK,investpy
UIE,UIE,Denmark,Unknown,DKK,investpy
VELOX,Veloxis,Denmark,Unknown,DKK,investpy
VIPRO,Victoria Properties,Denmark,Unknown,DKK,investpy
VJBA,Vestjysk Bank,Denmark,Unknown,DKK,investpy
ZELA,Zealand Pharma,Denmark,Unknown,DKK,investpy
MATAS,Matas,Denmark,Unknown,DKK,investpy
FED,Fast Ejendom,Denmark,Unknown,DKK,investpy
ISS,ISS A/S,Denmark,Unknown,DKK,investpy
NNIT,Nnit AS,Denmark,Unknown,DKK,investpy
GATEG,Gate Ventures,Denmark,Unknown,EUR,investpy
ONXEO,Onxeo,Denmark,Unknown,DKK,investpy
ENALYZ,Enalyzer A/S,Denmark,Unknown,DKK,investpy
ESOFT,Esoft Systems A/S,Denmark,Unknown,DKK,investpy
JOBNDX,Jobindex A/S,Denmark,Unknown,DKK,investpy
WIRTEK,Wirtek A/S,Denmark,Unknown,DKK,investpy
SPKSJF,Sparekassen Sjaelland,Denmark,Unknown,DKK,investpy
STOGR,Scandinavian Tobacco,Denmark,Unknown,DKK,investpy
TRMDa,Torm A,Denmark,Unknown,DKK,investpy
ORSTED,Oersted,Denmark,Unknown,DKK,investpy
CLBM,Cleantech Building,Denmark,Unknown,EUR,investpy
FASTPC,Fastpasscorp,Denmark,Unknown,DKK,investpy
CONFRZ,Conferize,Denmark,Unknown,DKK,investpy
GREENM,GreenMobility,Denmark,Unknown,DKK,investpy
NLFSK,Nilfisk,Denmark,Unknown,DKK,investpy
ORPHA,Orphazyme,Denmark,Unknown,DKK,investpy
TCM,TCM Group,Denmark,Unknown,DKK,investpy
NPINV,NPINVESTOR.COM,Denmark,Unknown,DKK,investpy
HRCW,HRC World,Denmark,Unknown,DKK,investpy
AGILC,Agillic,Denmark,Unknown,DKK,investpy
HAPPY,Happy Helper,Denmark,Unknown,DKK,investpy
NETCG,Netcompany,Denmark,Unknown,DKK,investpy
VIROG,ViroGates,Denmark,Unknown,DKK,investpy
ODICO,Odico,Denmark,Unknown,DKK,investpy
HYPEF,Hyperfactors,Denmark,Unknown,DKK,investpy
SLXIT,Seluxit,Denmark,Unknown,DKK,investpy
DJSPAR,Den Jyske Sparekasse,Denmark,Unknown,DKK,investpy
SCAPE,Scape Tech,Denmark,Unknown,DKK,investpy
EGENTY,EgnsINVEST Ejendomme,Denmark,Unknown,DKK,investpy
SCD,Small Cap Danmark,Denmark,Unknown,DKK,investpy
DRLCO,Maersk Drilling,Denmark,Unknown,DKK,investpy
KONSOL,Konsolidator,Denmark,Unknown,DKK,investpy
WATURU,Waturu,Denmark,Unknown,DKK,investpy
DACA,Danish Aerospace,Denmark,Unknown,DKK,investpy
METSO,Metso Oyj,Finland,Unknown,EUR,investpy
KNEBV,KONE Oyj,Finland,Unknown,EUR,investpy
ELISA,Elisa Oyj,Finland,Unknown,EUR,investpy
KCRA,Konecranes,Finland,Unknown,EUR,investpy
CGCBV,Cargotec Oyj,Finland,Unknown,EUR,investpy
FORTUM,Fortum,Finland,Unknown,EUR,investpy
KESKOB,Kesko,Finland,Unknown,EUR,investpy
AMEAS,Amer Sports,Finland,Unknown,EUR,investpy
METSB,Metsa Board Oyj B,Finland,Unknown,EUR,investpy
NESTE,Neste Oil Oyj,Finland,Unknown,EUR,investpy
OTE1V,Outotec Oyj,Finland,Unknown,EUR,investpy
STERV,Stora Enso Oyj R,Finland,Unknown,EUR,investpy
SAMPO,Sampo Oyj A,Finland,Unknown,EUR,investpy
TYRES,Nokian Renkaat,Finland,Unknown,EUR,investpy
TIETO,Tieto,Finland,Unknown,EUR,investpy
UPM,UPM-Kymmene,Finland,Unknown,EUR,investpy
YIT,YIT,Finland,Unknown,EUR,investpy
UPONOR,Uponor,Finland,Unknown,EUR,investpy
NOKIA,Nokia Oyj,Finland,Unknown,EUR,investpy
TELIA1,Telia Company,Finland,Unknown,EUR,investpy
OUT1V,Outokumpu Oyj,Finland,Unknown,EUR,investpy
WRT1V,Wartsila,Finland,Unknown,EUR,investpy
SAA1V,Sanoma Oyj,Finland,Unknown,EUR,investpy
NDAFI,Nordea Bank,Finland,Unknown,EUR,investpy
ACG1V,Aspocomp Group Oyj,Finland,Unknown,EUR,investpy
AKTIA,Aktia Bank,Finland,Unknown,EUR,investpy
ALBAV,Alandsbanken Abp A,Finland,Unknown,EUR,investpy
ALBBV,Alandsbanken Abp B,Finland,Unknown,EUR,investpy
ALMAC,Alma Media,Finland,Unknown,EUR,investpy
ASPO,Aspo Oyj,Finland,Unknown,EUR,investpy
ATRAV,Atria Oyj A,Finland,Unknown,EUR,investpy
BAS1V,Basware Oyj,Finland,Unknown,EUR,investpy
BIOBV,Biohit Oyj B,Finland,Unknown,EUR,investpy
VALOE,Valoe Corp,Finland,Unknown,EUR,investpy
CAPMAN,CapMan B,Finland,Unknown,EUR,investpy
CRA1V,Cramo Oyj,Finland,Unknown,EUR,investpy
CTH1V,Componenta Oyj,Finland,Unknown,EUR,investpy
CTY1S,Citycon,Finland,Unknown,EUR,investpy
DIGIA,Digia,Finland,Unknown,EUR,investpy
DOV1V,Dovre Group Plc,Finland,Unknown,EUR,investpy
BITTI,Bittium,Finland,Unknown,EUR,investpy
EFO1V,Efore Oyj,Finland,Unknown,EUR,investpy
ELEAV,Elecster Oyj A,Finland,Unknown,EUR,investpy
EQV1V,eQ Oyj,Finland,Unknown,EUR,investpy
ETTE,Etteplan,Finland,Unknown,EUR,investpy
EXL1V,Exel Composites,Finland,Unknown,EUR,investpy
FIA1S,Finnair Oyj,Finland,Unknown,EUR,investpy
FSKRS,Fiskars,Finland,Unknown,EUR,investpy
FSC1V,F-Secure Oyj,Finland,Unknown,EUR,investpy
GLA1V,Glaston,Finland,Unknown,EUR,investpy
HKSAV,HKScan Oyj A,Finland,Unknown,EUR,investpy
HONBS,Honkarakenne Oyj B,Finland,Unknown,EUR,investpy
HUH1V,Huhtamaki Oyj,Finland,Unknown,EUR,investpy
ICP1V,Incap Oyj,Finland,Unknown,EUR,investpy
IFA1V,Innofactor Oyj,Finland,Unknown,EUR,investpy
ILK2S,Ilkka-Yhtyma Oyj 2,Finland,Unknown,EUR,investpy
KELAS,Kesla Oyj A,Finland,Unknown,EUR,investpy
KESKOA,Kesko,Finland,Unknown,EUR,investpy
KEMIRA,Kemira Oyj,Finland,Unknown,EUR,investpy
KSLAV,Keskisuomalainen A,Finland,Unknown,EUR,investpy
LAT1V,Lassila&Tikanoja,Finland,Unknown,EUR,investpy
APETIT,Apetit,Finland,Unknown,EUR,investpy
MARAS,Martela Oyj A,Finland,Unknown,EUR,investpy
METSA,Metsa Board Oyj A,Finland,Unknown,EUR,investpy
MMO1V,Marimekko Oyj,Finland,Unknown,EUR,investpy
NEO1V,Neo Industrial Oyj,Finland,Unknown,EUR,investpy
NLG1V,Nurminen Logistics,Finland,Unknown,EUR,investpy
OKDAV,Oriola-KD Oyj A,Finland,Unknown,EUR,investpy
OKDBV,Oriola-KD Oyj B,Finland,Unknown,EUR,investpy
OLVAS,Olvi Oyj A,Finland,Unknown,EUR,investpy
ORNAV,Orion Oyj A,Finland,Unknown,EUR,investpy
ORNBV,Orion Oyj B,Finland,Unknown,EUR,investpy
PUMU,PunaMusta Media,Finland,Unknown,EUR,investpy
PNA1V,Panostaja Oyj,Finland,Unknown,EUR,investpy
PON1V,Ponsse Oyj 1,Finland,Unknown,EUR,investpy
POY1V,Poyry Oyj,Finland,Unknown,EUR,investpy
QPR1V,QPR Software Oyj,Finland,Unknown,EUR,investpy
RAIVV,Raisio Vaihto-osake,Finland,Unknown,EUR,investpy
RAP1V,Rapala VMC Oyj,Finland,Unknown,EUR,investpy
REG1V,Revenio Group,Finland,Unknown,EUR,investpy
RAMIR,Ramirent,Finland,Unknown,EUR,investpy
AFAGR,Afarak Group,Finland,Unknown,EUR,investpy
RAUTE,Raute,Finland,Unknown,EUR,investpy
SAGCV,Saga Furs Oyj C,Finland,Unknown,EUR,investpy
SIEVI,Sievi Capital,Finland,Unknown,EUR,investpy
SCANFL,Scanfil,Finland,Unknown,EUR,investpy
SRV1V,SRV Group plc,Finland,Unknown,EUR,investpy
INVEST,Investors House,Finland,Unknown,EUR,investpy
STCAS,Stockmann Abp A,Finland,Unknown,EUR,investpy
STCBV,Stockmann Abp B,Finland,Unknown,EUR,investpy
STEAV,Stora Enso Oyj A,Finland,Unknown,EUR,investpy
SOLTEQ,Solteq,Finland,Unknown,EUR,investpy
SUY1V,Suominen Oyj,Finland,Unknown,EUR,investpy
SSH1V,SSH Oyj,Finland,Unknown,EUR,investpy
TEM1V,Tecnotree Oyj,Finland,Unknown,EUR,investpy
TIK1V,Tikkurila Oyj,Finland,Unknown,EUR,investpy
TLT1V,Teleste Oyj,Finland,Unknown,EUR,investpy
TRH1V,Trainers House,Finland,Unknown,EUR,investpy
TULAV,Tulikivi Oyj A,Finland,Unknown,EUR,investpy
VAIAS,Vaisala Oyj A,Finland,Unknown,EUR,investpy
VIK1V,Viking Line Abp,Finland,Unknown,EUR,investpy
UUTEC,Uutechnic Group,Finland,Unknown,EUR,investpy
WUF1V,Wulff-Yhtiot Oy,Finland,Unknown,EUR,investpy
DIGIGR,Ixonos,Finland,Unknown,EUR,investpy
YEINT,Yleiselektroniikka,Finland,Unknown,EUR,investpy
SOSI1,Sotkamo Silver AB,Finland,Unknown,EUR,investpy
CAV1V,Caverion Ord,Finland,Unknown,EUR,investpy
VALMT,Valmet,Finland,Unknown,EUR,investpy
OVARO,Ovaro Kiinteistosijoitus,Finland,Unknown,EUR,investpy
SOPRA,Soprano Oy,Finland,Unknown,EUR,investpy
NOHOP,NoHo Partners,Finland,Unknown,EUR,investpy
AHM1,Ahlstrom-Munksjo,Finland,Unknown,EUR,investpy
ENDOM,Endomines AB,Finland,Unknown,EUR,investpy
NIXU,Nixu Oyj,Finland,Unknown,EUR,investpy
NXTMH,Nexstim,Finland,Unknown,EUR,investpy
UNIAV,United Bankers Oyj,Finland,Unknown,EUR,investpy
SSABAH,SSAB A,Finland,Unknown,EUR,investpy
SSABBH,SSAB B,Finland,Unknown,EUR,investpy
DETEC,Detection Technology OY,Finland,Unknown,EUR,investpy
ATG1V,Asiakastieto Group Oyj,Finland,Unknown,EUR,investpy
PIIPPO,Piippo OYJ,Finland,Unknown,EUR,investpy
SAVOH,Savo Solar Oy,Finland,Unknown,EUR,investpy
AVIDLY,Avidly,Finland,Unknown,EUR,investpy
PIHLIS,Pihlajalinna Oy,Finland,Unknown,EUR,investpy
ROBIT,Robit Oyj,Finland,Unknown,EUR,investpy
TNOM,Talenom Oyj,Finland,Unknown,EUR,investpy
PIZZA,Kotipizza Group Oyj,Finland,Unknown,EUR,investpy
AHOLA,Oyj Ahola Transport Abp,Finland,Unknown,EUR,investpy
LOUD,Cleantech Invest,Finland,Unknown,EUR,investpy
HRTIS,Herantis Pharma Oyj,Finland,Unknown,EUR,investpy
SIILI,Siili Solutions Oyj,Finland,Unknown,EUR,investpy
TAALA,Taaleri,Finland,Unknown,EUR,investpy
VERK,Verkkokauppa.com Oyj,Finland,Unknown,EUR,investpy
CONSTI,Consti Yhtiot Oy,Finland,Unknown,EUR,investpy
EABG,EAB,Finland,Unknown,EUR,investpy
EVLI,Evli Pankki Oyj,Finland,Unknown,EUR,investpy
HOIVA,Suomen Hoivatilat,Finland,Unknown,EUR,investpy
QTCOM,Qt,Finland,Unknown,EUR,investpy
TOKMAN,Tokmanni,Finland,Unknown,EUR,investpy
LEHTO,Lehto Group Oyj,Finland,Unknown,EUR,investpy
PRIVA,Privanet Group,Finland,Unknown,EUR,investpy
VINCIT,Vincit Group,Finland,Unknown,EUR,investpy
HEEROS,Heeros,Finland,Unknown,EUR,investpy
DNAO,DNA,Finland,Unknown,EUR,investpy
NXTGMS,Next Games,Finland,Unknown,EUR,investpy
FONDIA,Fondia,Finland,Unknown,EUR,investpy
KAMUX,Kamux Suomi,Finland,Unknown,EUR,investpy
REMEDY,Remedy Entertainment,Finland,Unknown,EUR,investpy
SILMA,Silmaasema,Finland,Unknown,EUR,investpy
RAIKV,Raisio,Finland,Unknown,EUR,investpy
ILK1S,Ilkka Yhtyma,Finland,Unknown,EUR,investpy
ERIBR,LM Ericsson B,Finland,Unknown,EUR,investpy
ROVIO,Rovio Entertainment,Finland,Unknown,EUR,investpy
TITAN,Titanium,Finland,Unknown,EUR,investpy
TTALO,Terveystalo,Finland,Unknown,EUR,investpy
GOFORE,Gofore,Finland,Unknown,EUR,investpy
EFECTE,Efecte,Finland,Unknown,EUR,investpy
ADMCM,Admicom,Finland,Unknown,EUR,investpy
BONEH,BBS,Finland,Unknown,EUR,investpy
HARVIA,Harvia Oyj,Finland,Unknown,EUR,investpy
ALTIA,Altia,Finland,Unknown,EUR,investpy
ESENSE,Enersense,Finland,Unknown,EUR,investpy
KOJAMO,Kojamo,Finland,Unknown,EUR,investpy
VMP,Vmp,Finland,Unknown,EUR,investpy
FELLOW,Fellow Finance,Finland,Unknown,EUR,investpy
RUSHF,Rush Factory,Finland,Unknown,EUR,investpy
VIAFIN,Viafin Service,Finland,Unknown,EUR,investpy
NORDID,Nordic Iron Ore,Finland,Unknown,EUR,investpy
TALLINK,Tallink,Finland,Unknown,EUR,investpy
OMASP,Oma Saastopankki,Finland,Unknown,EUR,investpy
LEADD,Leaddesk,Finland,Unknown,EUR,investpy
AALLON,Aallon,Finland,Unknown,EUR,investpy
ANDR,Andritz AG,Austria,Unknown,EUR,investpy
ERST,Erste Group Bank AG,Austria,Unknown,EUR,investpy
AGRV,Agrana Beteiligungs,Austria,Unknown,EUR,investpy
IMFI,Immofinanz,Austria,Unknown,EUR,investpy
EVNV,EVN AG,Austria,Unknown,EUR,investpy
TELA,Telekom Austria,Austria,Unknown,EUR,investpy
OMVV,OMV AG,Austria,Unknown,EUR,investpy
RBIV,Raiffeisen Bank,Austria,Unknown,EUR,investpy
PALF,Palfinger AG,Austria,Unknown,EUR,investpy
SBOE,Schoeller-Bleckmann AG,Austria,Unknown,EUR,investpy
MMKV,Mayr-Melnhof Karton AG,Austria,Unknown,EUR,investpy
RHIM,RHI Magnesita,Austria,Unknown,EUR,investpy
SMPV,Semperit AG Holding,Austria,Unknown,EUR,investpy
VIEV,Flughafen Wien AG,Austria,Unknown,EUR,investpy
VOES,Voestalpine,Austria,Unknown,EUR,investpy
VERB,Verbund AG Kat. A,Austria,Unknown,EUR,investpy
WBSV,Wienerberger AG,Austria,Unknown,EUR,investpy
UNIQ,Uniqa Insurance AG,Austria,Unknown,EUR,investpy
DBKGn,Deutsche Bank AG,Austria,Unknown,EUR,investpy
CAIV,CA Immobilien Anlagen AG,Austria,Unknown,EUR,investpy
POST,Oesterr. Post AG,Austria,Unknown,EUR,investpy
STRV,Strabag SE,Austria,Unknown,EUR,investpy
ZUMV,Zumtobel AG,Austria,Unknown,EUR,investpy
VIGR,Vienna Insurance AG,Austria,Unknown,EUR,investpy
ATRS,Atrium Ltd,Austria,Unknown,EUR,investpy
DOCO,DO & CO,Austria,Unknown,EUR,investpy
LENV,Lenzing AG,Austria,Unknown,EUR,investpy
AXAF,AXA,Austria,Unknown,EUR,investpy
AMAV,Amag Austria Metall AG,Austria,Unknown,EUR,investpy
ATSV,At&S Austria,Austria,Unknown,EUR,investpy
FKAV,Frauenthal,Austria,Unknown,EUR,investpy
WXFB,Warimpex Ag,Austria,Unknown,EUR,investpy
RBAV,Rosenbauer,Austria,Unknown,EUR,investpy
POLV,Polytec,Austria,Unknown,EUR,investpy
KTCG,Kapsch Traffic,Austria,Unknown,EUR,investpy
VLAV,Valneva,Austria,Unknown,EUR,investpy
SIAG,S Immo Ag,Austria,Unknown,EUR,investpy
WLFD,Wolford,Austria,Unknown,EUR,investpy
PMAG,PIERER Mobility AG,Austria,Unknown,EUR,investpy
ABGV,Porr AG,Austria,Unknown,EUR,investpy
BHAV,Burgenland Holding AG,Austria,Unknown,EUR,investpy
FACC,Facc AG,Austria,Unknown,EUR,investpy
GAGS,Gurktaler AG ST,Austria,Unknown,EUR,investpy
GAGV,Gurktaler AG VZ,Austria,Unknown,EUR,investpy
HEDV,Maschinenfabrik Heid AG,Austria,Unknown,EUR,investpy
HTPV,HTI High Tech Industries AG,Austria,Unknown,EUR,investpy
KAER,BKS Bank AG,Austria,Unknown,EUR,investpy
LTXV,Linz Textil Holding AG,Austria,Unknown,EUR,investpy
MANV,Josef Manner Comp AG,Austria,Unknown,EUR,investpy
OBER,Oberbank AG ST,Austria,Unknown,EUR,investpy
OBER_p,Oberbank AG VZ,Austria,Unknown,EUR,investpy
OBHV,Ottakringer Getraenke AG ST,Austria,Unknown,EUR,investpy
OBHV_p,Ottakringer Getraenke AG VZ,Austria,Unknown,EUR,investpy
RATV,Rath AG,Austria,Unknown,EUR,investpy
SWUT,SW Umwelttechnik Stoiser Wolschner,Austria,Unknown,EUR,investpy
TIRO_p,Bank fuer Tirol und Vorarlberg,Austria,Unknown,EUR,investpy
UBMV,UBM Development,Austria,Unknown,EUR,investpy
UIAV,Unternehmens Invest AG,Austria,Unknown,EUR,investpy
WPBI,Wiener Privatbank SE,Austria,Unknown,EUR,investpy
GVC,GVC Holdings,Austria,Unknown,EUR,investpy
SCPH,Sanochemia Pharmazeutika,Austria,Unknown,EUR,investpy
TIRO,Bank fuer Tirol,Austria,Unknown,EUR,investpy
ABEV,Ab Effectenbeteiligungen,Austria,Unknown,EUR,investpy
ATHO,Athos Immobilien,Austria,Unknown,EUR,investpy
DBI,Dr Bock Industries,Austria,Unknown,EUR,investpy
HSTV,Hutter & Schrantz Stahlbau,Austria,Unknown,EUR,investpy
HUTV,Hutter & Schrantz,Austria,Unknown,EUR,investpy
KAER_p,BKS Bank,Austria,Unknown,EUR,investpy
MLZV,Stadlauer Malzfabrik,Austria,Unknown,EUR,investpy
MTRH,Management Trust,Austria,Unknown,EUR,investpy
OESD,Oesterreichische Staatsdruckerei,Austria,Unknown,EUR,investpy
VLAP,Valneva Pref,Austria,Unknown,EUR,investpy
PFE,Pfizer,Austria,Unknown,CHF,investpy
BPGR,BPG Hramba Plemenitih,Austria,Unknown,EUR,investpy
CLEN,Cleen Energy,Austria,Unknown,EUR,investpy
GOOG,Alphabet C,Austria,Unknown,EUR,investpy
AALD,American Airlines,Austria,Unknown,EUR,investpy
AAPL,Apple,Austria,Unknown,EUR,investpy
ADBE,Adobe,Austria,Unknown,EUR,investpy
ADI,Analog Devices,Austria,Unknown,EUR,investpy
ADPD,ADP,Austria,Unknown,EUR,investpy
ADSK,Autodesk,Austria,Unknown,EUR,investpy
AKAM,Akamai,Austria,Unknown,EUR,investpy
ALXN,Alexion,Austria,Unknown,EUR,investpy
AMAT,Applied Materials,Austria,Unknown,EUR,investpy
AMGN,Amgen,Austria,Unknown,EUR,investpy
AMZN,Amazon.com,Austria,Unknown,EUR,investpy
ATVI,Activision Blizzard,Austria,Unknown,EUR,investpy
AVGO,Broadcom,Austria,Unknown,EUR,investpy
AXP,American Express,Austria,Unknown,EUR,investpy
BA,Boeing,Austria,Unknown,EUR,investpy
BIDU,Baidu,Austria,Unknown,EUR,investpy
BIIB,Biogen,Austria,Unknown,EUR,investpy
BMRN,Biomarin Pharma,Austria,Unknown,EUR,investpy
CAT,Caterpillar,Austria,Unknown,EUR,investpy
CELG,Celgene,Austria,Unknown,EUR,investpy
CERN,Cerner,Austria,Unknown,EUR,investpy
CHKP,Check Point Software,Austria,Unknown,EUR,investpy
CHTR,Charter Communications,Austria,Unknown,EUR,investpy
CMCSA,Comcast,Austria,Unknown,EUR,investpy
COST,Costco,Austria,Unknown,EUR,investpy
CSCO,Cisco,Austria,Unknown,EUR,investpy
CSX,CSX,Austria,Unknown,EUR,investpy
CTAS,Cintas,Austria,Unknown,EUR,investpy
TCOM,Trip.com ADR,Austria,Unknown,EUR,investpy
CTSH,Cognizant A,Austria,Unknown,EUR,investpy
CTXS,Citrix Systems,Austria,Unknown,EUR,investpy
CVX,Chevron,Austria,Unknown,EUR,investpy
DIS,Walt Disney,Austria,Unknown,EUR,investpy
DISCA,Discovery A,Austria,Unknown,EUR,investpy
DISCK,Discovery Communications C,Austria,Unknown,EUR,investpy
DISH,DISH Network,Austria,Unknown,EUR,investpy
DLTR,Dollar Tree,Austria,Unknown,EUR,investpy
EA,Electronic Arts,Austria,Unknown,EUR,investpy
EBAY,eBay,Austria,Unknown,EUR,investpy
EXPE,Expedia,Austria,Unknown,EUR,investpy
FAST,Fastenal,Austria,Unknown,EUR,investpy
FB,Facebook,Austria,Unknown,EUR,investpy
FISV,Fiserv,Austria,Unknown,EUR,investpy
GE,General Electric,Austria,Unknown,EUR,investpy
GILD,Gilead,Austria,Unknown,EUR,investpy
GOOGL,Alphabet A,Austria,Unknown,EUR,investpy
GS,Goldman Sachs,Austria,Unknown,EUR,investpy
HAS,Hasbro,Austria,Unknown,EUR,investpy
HD,Home Depot,Austria,Unknown,EUR,investpy
HOLX,Hologic,Austria,Unknown,EUR,investpy
HSIC,Henry Schein,Austria,Unknown,EUR,investpy
IBM,IBM,Austria,Unknown,EUR,investpy
IDXX,IDEXX Labs,Austria,Unknown,EUR,investpy
ILMN,Illumina,Austria,Unknown,EUR,investpy
INCY,Incyte,Austria,Unknown,EUR,investpy
INTC,Intel,Austria,Unknown,EUR,investpy
INTU,Intuit,Austria,Unknown,EUR,investpy
ISRGE,Intuitive Surgical,Austria,Unknown,EUR,investpy
JBHT,JB Hunt,Austria,Unknown,EUR,investpy
JDE,Jd.Com Inc Adr,Austria,Unknown,EUR,investpy
JNJ,J&J,Austria,Unknown,EUR,investpy
JPM,JPMorgan,Austria,Unknown,EUR,investpy
KHC,Kraft Heinz,Austria,Unknown,EUR,investpy
KLAC,KLA-Tencor,Austria,Unknown,EUR,investpy
KO,Coca-Cola,Austria,Unknown,EUR,investpy
LBTYA,Liberty Global,Austria,Unknown,EUR,investpy
LBTYK,Liberty Global C,Austria,Unknown,EUR,investpy
LRCX,Lam Research,Austria,Unknown,EUR,investpy
GLIBA,GCI Liberty A,Austria,Unknown,EUR,investpy
MAR,Marriott Int,Austria,Unknown,EUR,investpy
MAT,Mattel,Austria,Unknown,EUR,investpy
MCD,McDonald’s,Austria,Unknown,EUR,investpy
MCHP,Microchip,Austria,Unknown,EUR,investpy
MDLZ,Mondelez,Austria,Unknown,EUR,investpy
MMM,3M,Austria,Unknown,EUR,investpy
MNST,Monster Beverage,Austria,Unknown,EUR,investpy
MRK,Merck&Co,Austria,Unknown,EUR,investpy
MSFT,Microsoft,Austria,Unknown,EUR,investpy
MU,Micron,Austria,Unknown,EUR,investpy
MXIM,Maxim,Austria,Unknown,EUR,investpy
MYL,Mylan,Austria,Unknown,EUR,investpy
NCLH,Norwegian Cruise Line,Austria,Unknown,EUR,investpy
NFLX,Netflix,Austria,Unknown,EUR,investpy
NKE,Nike,Austria,Unknown,EUR,investpy
NTES,NetEase,Austria,Unknown,EUR,investpy
NVDA,NVIDIA,Austria,Unknown,EUR,investpy
ORLY,O’Reilly Automotive,Austria,Unknown,EUR,investpy
PAYX,Paychex,Austria,Unknown,EUR,investpy
PCAR,PACCAR,Austria,Unknown,EUR,investpy
BKNG,Booking,Austria,Unknown,EUR,investpy
PG,Procter&Gamble,Austria,Unknown,EUR,investpy
PYPL,PayPal Holdings Inc,Austria,Unknown,EUR,investpy
QCOM,Qualcomm,Austria,Unknown,EUR,investpy
QRTEA,Qurate Retail A,Austria,Unknown,EUR,investpy
REGN,Regeneron Pharma,Austria,Unknown,EUR,investpy
ROST,Ross Stores,Austria,Unknown,EUR,investpy
SBUX,Starbucks,Austria,Unknown,EUR,investpy
SIRI,Sirius XM,Austria,Unknown,EUR,investpy
STX,Seagate,Austria,Unknown,EUR,investpy
SWKS,Skyworks,Austria,Unknown,EUR,investpy
SYMC,NortonLifeLock,Austria,Unknown,EUR,investpy
TMUS,T-Mobile US,Austria,Unknown,EUR,investpy
TRIPA,TripAdvisor,Austria,Unknown,EUR,investpy
TRV,Travelers,Austria,Unknown,EUR,investpy
TSCOA,Tractor Supply,Austria,Unknown,EUR,investpy
TSLA,Tesla,Austria,Unknown,EUR,investpy
TXN,Texas Instruments,Austria,Unknown,EUR,investpy
ULTA,Ulta Beauty,Austria,Unknown,EUR,investpy
UNH,UnitedHealth,Austria,Unknown,EUR,investpy
UTX,United Technologies,Austria,Unknown,EUR,investpy
V,Visa A,Austria,Unknown,EUR,investpy
VIAB,Viacom B,Austria,Unknown,EUR,investpy
VODA,Vodafone Group ADR,Austria,Unknown,EUR,investpy
VRSK,Verisk,Austria,Unknown,EUR,investpy
VRTX,Vertex,Austria,Unknown,EUR,investpy
VZ,Verizon,Austria,Unknown,EUR,investpy
WBAE,Walgreens Boots,Austria,Unknown,EUR,investpy
WDC,Western Digital,Austria,Unknown,EUR,investpy
WMT,Walmart,Austria,Unknown,EUR,investpy
XLNX,Xilinx,Austria,Unknown,EUR,investpy
XOM,Exxon Mobil,Austria,Unknown,EUR,investpy
XRAY,Dentsply,Austria,Unknown,EUR,investpy
MSBT,MS Biotech,Austria,Unknown,EUR,investpy
1COV,Covestro,Austria,Unknown,EUR,investpy
ADAG,Adva Optical,Austria,Unknown,EUR,investpy
ADJ,ADO Properties SARL,Austria,Unknown,EUR,investpy
ADLG,Adler Real Estate,Austria,Unknown,EUR,investpy
AFXG,Carl Zeiss AG,Austria,Unknown,EUR,investpy
AIXGn,Aixtron,Austria,Unknown,EUR,investpy
AM3D,SLM Solutions,Austria,Unknown,EUR,investpy
AMDG,Amadeus Fire AG,Austria,Unknown,EUR,investpy
AOXG,Alstria,Austria,Unknown,EUR,investpy
ARLG,Aareal Bank AG,Austria,Unknown,EUR,investpy
ARTG,bet at homem,Austria,Unknown,EUR,investpy
AUDK,RTL Group,Austria,Unknown,EUR,investpy
BC8G,Bechtle AG,Austria,Unknown,EUR,investpy
BDTG,Bertrandt AG,Austria,Unknown,EUR,investpy
BIO3,Biotest AG VZ,Austria,Unknown,EUR,investpy
BNRGn,Brenntag AG,Austria,Unknown,EUR,investpy
BOSSn,Hugo Boss AG,Austria,Unknown,EUR,investpy
BVB,Borussia Dortmund,Austria,Unknown,EUR,investpy
BYWGnx,Baywa Vink AG,Austria,Unknown,EUR,investpy
CECG,Ceconomy,Austria,Unknown,EUR,investpy
COKG,Cancom SE,Austria,Unknown,EUR,investpy
COPMa,CompuGroup AG,Austria,Unknown,EUR,investpy
CWCG,Cewe Color,Austria,Unknown,EUR,investpy
DBANn,Deutsche Beteiligungs AG,Austria,Unknown,EUR,investpy
DEQGn,Deutsche Euroshop AG,Austria,Unknown,EUR,investpy
DEZG,Deutz AG,Austria,Unknown,EUR,investpy
DICn,DIC Asset AG,Austria,Unknown,EUR,investpy
DLGS,Dialog,Austria,Unknown,EUR,investpy
DRIG,Drillisch AG,Austria,Unknown,EUR,investpy
DRW3,Draegerwerk VZO,Austria,Unknown,EUR,investpy
DUEG,Duerr AG,Austria,Unknown,EUR,investpy
DWNG,Deutsche Wohnen,Austria,Unknown,EUR,investpy
EVDG,CTS Eventim AG,Austria,Unknown,EUR,investpy
EVKn,Evonik,Austria,Unknown,EUR,investpy
EVTG,Evotec AG,Austria,Unknown,EUR,investpy
FIEG,Fielmann AG,Austria,Unknown,EUR,investpy
FNTGn,Freenet AG,Austria,Unknown,EUR,investpy
FPEG_p,Fuchs Petrolub AG VZO Pref,Austria,Unknown,EUR,investpy
FRAG,Fraport AG,Austria,Unknown,EUR,investpy
G1AG,GEA Group AG,Austria,Unknown,EUR,investpy
G24n,Scout24 AG,Austria,Unknown,EUR,investpy
GBFG,Bilfinger SE,Austria,Unknown,EUR,investpy
GFTG,GFT Technologies AG,Austria,Unknown,EUR,investpy
GILG,DMG Mori Seiki,Austria,Unknown,EUR,investpy
GLJn,Grenke,Austria,Unknown,EUR,investpy
GMMG,Grammer AG,Austria,Unknown,EUR,investpy
GWIG,Gerry Weber,Austria,Unknown,EUR,investpy
GXIG,Gerresheimer AG,Austria,Unknown,EUR,investpy
GYC,Grand City,Austria,Unknown,EUR,investpy
HABG,Hamborner AG,Austria,Unknown,EUR,investpy
HBH,Hornbach,Austria,Unknown,EUR,investpy
HDDG,Heidelberger Druckmaschinen,Austria,Unknown,EUR,investpy
HHFGn,Hamburger Hafen A-SP,Austria,Unknown,EUR,investpy
HLAG,Hapag Lloyd AG,Austria,Unknown,EUR,investpy
HLE,Hella KGaA Hueck & Co,Austria,Unknown,EUR,investpy
HNRGn,Hannover Rueckversicherung SE,Austria,Unknown,EUR,investpy
HOTG,Hochtief AG,Austria,Unknown,EUR,investpy
HWAG,Encavis,Austria,Unknown,EUR,investpy
HYQGn,Hypoport AG,Austria,Unknown,EUR,investpy
IGY,Innogy,Austria,Unknown,EUR,investpy
INHG,Indus AG,Austria,Unknown,EUR,investpy
JENG,Jenoptik,Austria,Unknown,EUR,investpy
JUNG_p,Jungheinrich AG,Austria,Unknown,EUR,investpy
KCOGn,Kloeckner SE,Austria,Unknown,EUR,investpy
KGX,Kion Group AG,Austria,Unknown,EUR,investpy
KRNG,Krones AG,Austria,Unknown,EUR,investpy
KWSG,KWS SAAT AG,Austria,Unknown,EUR,investpy
LEGn,LEG Immobilien AG,Austria,Unknown,EUR,investpy
LEOGn,Leoni AG,Austria,Unknown,EUR,investpy
LXSG,Lanxess AG,Austria,Unknown,EUR,investpy
MDG1k,Medigene,Austria,Unknown,EUR,investpy
MLPG,MLP AG,Austria,Unknown,EUR,investpy
MORG,Morphosys AG,Austria,Unknown,EUR,investpy
MTXGn,MTU Aero,Austria,Unknown,EUR,investpy
NAFG,Aurubis AG,Austria,Unknown,EUR,investpy
NDXG,Nordex SE,Austria,Unknown,EUR,investpy
NEKG,Nemetschek AG,Austria,Unknown,EUR,investpy
NOEJ,Norma AG,Austria,Unknown,EUR,investpy
O2Dn,Telefonica Deutschland AG,Austria,Unknown,EUR,investpy
NWOn,New Work,Austria,Unknown,EUR,investpy
OSRn,Osram Licht,Austria,Unknown,EUR,investpy
P1ZGn,Patrizia Immobilien,Austria,Unknown,EUR,investpy
PBBG,Deutsche Pfandbriefbank AG,Austria,Unknown,EUR,investpy
PUMG,Puma SE,Austria,Unknown,EUR,investpy
PV,Pfeiffer,Austria,Unknown,EUR,investpy
QGEN,Qiagen,Austria,Unknown,EUR,investpy
RAAG,Rational AG,Austria,Unknown,EUR,investpy
RHKG,Rhoen-Klinikum,Austria,Unknown,EUR,investpy
RHMG,Rheinmetall AG,Austria,Unknown,EUR,investpy
RIB,RIB Software AG,Austria,Unknown,EUR,investpy
RKET,Rocket Internet,Austria,Unknown,EUR,investpy
S92G,SMA Solar AG,Austria,Unknown,EUR,investpy
SANT1,S&T AG,Austria,Unknown,EUR,investpy
SAXG,Stroeer,Austria,Unknown,EUR,investpy
SDFGn,K+S AG,Austria,Unknown,EUR,investpy
SFQN,SAF Holland,Austria,Unknown,EUR,investpy
SGCG,SGL Carbon SE,Austria,Unknown,EUR,investpy
SHA_p,Schaeffler AG,Austria,Unknown,EUR,investpy
SIXG,Sixt AG ST,Austria,Unknown,EUR,investpy
SKBG,Koenig&Bauer AG,Austria,Unknown,EUR,investpy
SNHG,Steinhoff Int,Austria,Unknown,EUR,investpy
SOWG,Software AG,Austria,Unknown,EUR,investpy
SPRGn,Axel Springer,Austria,Unknown,EUR,investpy
SRT3,Sartorius AG VZO,Austria,Unknown,EUR,investpy
STAB,Stabilus,Austria,Unknown,EUR,investpy
SY1G,Symrise AG,Austria,Unknown,EUR,investpy
SZGG,Salzgitter AG,Austria,Unknown,EUR,investpy
SZUG,Suedzucker,Austria,Unknown,EUR,investpy
TC1n,Tele Columbus AG,Austria,Unknown,EUR,investpy
TEGG,Tag Immobilien,Austria,Unknown,EUR,investpy
TLGG,TLG Immobilien AG,Austria,Unknown,EUR,investpy
TLXGn,Talanx AG,Austria,Unknown,EUR,investpy
TTKG,Takkt AG,Austria,Unknown,EUR,investpy
UN01,Uniper SE,Austria,Unknown,EUR,investpy
UTDI,United Internet AG,Austria,Unknown,EUR,investpy
VOSG,Vossloh AG,Austria,Unknown,EUR,investpy
WACGn,Wacker Neuson,Austria,Unknown,EUR,investpy
WAFGn,Siltronic AG,Austria,Unknown,EUR,investpy
WCHG,Wacker Chemie,Austria,Unknown,EUR,investpy
WCMKk,WCM Beteiligungs und Grundbesitz,Austria,Unknown,EUR,investpy
WDIG,Wirecard AG,Austria,Unknown,EUR,investpy
WSUG,WashTec AG,Austria,Unknown,EUR,investpy
WUWGn,Wuestenrot Wuerttembergische,Austria,Unknown,EUR,investpy
ZALG,Zalando SE,Austria,Unknown,EUR,investpy
ZILGn,Elringklinger AG,Austria,Unknown,EUR,investpy
ZO1G,Zooplus AG,Austria,Unknown,EUR,investpy
BAWG,BAWAG,Austria,Unknown,EUR,investpy
CONG,Continental AG,Austria,Unknown,EUR,investpy
DAIGn,Daimler,Austria,Unknown,EUR,investpy
IFXGn,Infineon,Austria,Unknown,EUR,investpy
PSMGn,Prosiebensat,Austria,Unknown,EUR,investpy
VOWG_p,Volkswagen VZO,Austria,Unknown,EUR,investpy
BVOLT,Biovolt,Austria,Unknown,EUR,investpy
SIGN,Signature,Austria,Unknown,EUR,investpy
AMS,AMS,Austria,Unknown,EUR,investpy
UMI,Umicore,Austria,Unknown,EUR,investpy
SHLG,Siemens Healthineers,Austria,Unknown,EUR,investpy
COLOb,Coloplast,Austria,Unknown,EUR,investpy
CLBM,Cleantech Building,Austria,Unknown,EUR,investpy
EDF,Electricite de France,Austria,Unknown,EUR,investpy
T,AT&T,Austria,Unknown,EUR,investpy
AMD,AMD,Austria,Unknown,EUR,investpy
MO,Altria,Austria,Unknown,EUR,investpy
AIG,AIG,Austria,Unknown,EUR,investpy
BAC,Bank of America,Austria,Unknown,EUR,investpy
BRKb,Berkshire Hathaway B,Austria,Unknown,EUR,investpy
CL,Colgate-Palmolive,Austria,Unknown,EUR,investpy
DDPN,DuPont,Austria,Unknown,EUR,investpy
DBX,Dropbox,Austria,Unknown,EUR,investpy
FSLR,First Solar,Austria,Unknown,EUR,investpy
F,Ford Motor,Austria,Unknown,EUR,investpy
FCX,Freeport-McMoran,Austria,Unknown,EUR,investpy
GIS,General Mills,Austria,Unknown,EUR,investpy
GM,General Motors,Austria,Unknown,EUR,investpy
GPRO,GoPro Inc,Austria,Unknown,EUR,investpy
HAL,Halliburton,Austria,Unknown,EUR,investpy
HOG,Harley-Davidson,Austria,Unknown,EUR,investpy
LMT,Lockheed Martin,Austria,Unknown,EUR,investpy
M,Macy’s Inc,Austria,Unknown,EUR,investpy
MA,Mastercard,Austria,Unknown,EUR,investpy
MWD,Morgan Stanley,Austria,Unknown,EUR,investpy
NEM,Newmont Goldcorp,Austria,Unknown,EUR,investpy
ORCL,Oracle,Austria,Unknown,EUR,investpy
PEP,PepsiCo,Austria,Unknown,EUR,investpy
PMOR,Philip Morris,Austria,Unknown,EUR,investpy
CRME,Salesforce.com,Austria,Unknown,EUR,investpy
SNAP,Snap,Austria,Unknown,EUR,investpy
TWTR,Twitter Inc,Austria,Unknown,EUR,investpy
UUAM,Under Armour A,Austria,Unknown,EUR,investpy
ADKO,Addiko Bank,Austria,Unknown,EUR,investpy
DWH,DWH Deutsche Werte,Austria,Unknown,EUR,investpy
GL9,Glanbia PLC,Ireland,Unknown,EUR,investpy
KYGa,Kerry Group,Ireland,Unknown,EUR,investpy
IR5B_u,Irish Continental,Ireland,Unknown,EUR,investpy
CRH,CRH,Ireland,Unknown,EUR,investpy
ABBY,Abbey,Ireland,Unknown,EUR,investpy
AIBG,AIB,Ireland,Unknown,EUR,investpy
AMNX,Aminex,Ireland,Unknown,EUR,investpy
ARYN,Aryzta,Ireland,Unknown,EUR,investpy
BIRG,Bank Ireland,Ireland,Unknown,EUR,investpy
DLE,Datalex,Ireland,Unknown,EUR,investpy
DQ5,Cpl Resources,Ireland,Unknown,EUR,investpy
DQ7A,Donegal Invest,Ireland,Unknown,EUR,investpy
FBD,Fbd Holdings,Ireland,Unknown,EUR,investpy
GCC,C&C,Ireland,Unknown,EUR,investpy
IFG,Ifg Group,Ireland,Unknown,EUR,investpy
INME,Independent News,Ireland,Unknown,EUR,investpy
KMR,Kenmare Resources,Ireland,Unknown,EUR,investpy
KSP,Kingspan,Ireland,Unknown,EUR,investpy
OGN,Origin,Ireland,Unknown,EUR,investpy
ORM,Ormonde Mining,Ireland,Unknown,EUR,investpy
OVB,Ovoca Gold,Ireland,Unknown,EUR,investpy
FLTRE,Flutter Entertainment,Ireland,Unknown,EUR,investpy
PZQA,Providence,Ireland,Unknown,EUR,investpy
PTR,PetroNeft,Ireland,Unknown,EUR,investpy
RYA,Ryanair,Ireland,Unknown,EUR,investpy
SKG,Smurfit Kappa,Ireland,Unknown,EUR,investpy
T7O,Total Produce,Ireland,Unknown,EUR,investpy
IL0A,Permanent TSB,Ireland,Unknown,EUR,investpy
GN1,Green REIT,Ireland,Unknown,EUR,investpy
MCON,Mincon Group P,Ireland,Unknown,EUR,investpy
HBRN,Hibernia,Ireland,Unknown,EUR,investpy
GWMO,Great Western Mining,Ireland,Unknown,EUR,investpy
AMYT,Amryt Pharma,Ireland,Unknown,EUR,investpy
FRST,First Derivatives,Ireland,Unknown,EUR,investpy
IRES,Irish Res Pr P,Ireland,Unknown,EUR,investpy
DHG,Dalata Hotel,Ireland,Unknown,EUR,investpy
MSTY,Mainstay Medical,Ireland,Unknown,EUR,investpy
MLCM,Malin Corporation plc,Ireland,Unknown,EUR,investpy
APGNA,Applegreen Plc,Ireland,Unknown,EUR,investpy
HSW,Hostelworld Group PLC,Ireland,Unknown,EUR,investpy
GAMEG,Gan PLC,Ireland,Unknown,EUR,investpy
TLW,Tullow Oil,Ireland,Unknown,EUR,investpy
ORPH,Open Orphan,Ireland,Unknown,EUR,investpy
GROW,Draper Esprit,Ireland,Unknown,EUR,investpy
GRPG,Greencoat Renewables,Ireland,Unknown,EUR,investpy
CRN,Cairn Homes,Ireland,Unknown,EUR,investpy
GLV,Glenveagh Properties,Ireland,Unknown,EUR,investpy
YEW,Yew Grove REIT,Ireland,Unknown,EUR,investpy
UPR,Uniphar,Ireland,Unknown,EUR,investpy
GALP,Galp Energia,Portugal,Unknown,EUR,investpy
JMT,J.Martins,Portugal,Unknown,EUR,investpy
EDP,EDP,Portugal,Unknown,EUR,investpy
IMPA,Impresa,Portugal,Unknown,EUR,investpy
ALSS,Altri,Portugal,Unknown,EUR,investpy
BCP,Banco Comercial,Portugal,Unknown,EUR,investpy
NVGR,The Navigator,Portugal,Unknown,EUR,investpy
MOTA,Mota Engil,Portugal,Unknown,EUR,investpy
RENE,REN,Portugal,Unknown,EUR,investpy
PHRA,Pharol SGPS SA,Portugal,Unknown,EUR,investpy
SEM,Semapa,Portugal,Unknown,EUR,investpy
SONI,Sonae Industria,Portugal,Unknown,EUR,investpy
YSO,Sonae,Portugal,Unknown,EUR,investpy
SNC,Sonaecom,Portugal,Unknown,EUR,investpy
NOS,Nos SGPS SA,Portugal,Unknown,EUR,investpy
EDPR,EDP Renovaveis,Portugal,Unknown,EUR,investpy
CFN,Cofina,Portugal,Unknown,EUR,investpy
COMAE,Compta,Portugal,Unknown,EUR,investpy
CORA,Corticeira Amorim,Portugal,Unknown,EUR,investpy
FCPP,Porto,Portugal,Unknown,EUR,investpy
GLINT,Glintt,Portugal,Unknown,EUR,investpy
GPA,Imobili C Grao Para,Portugal,Unknown,EUR,investpy
IBS,Ibersol,Portugal,Unknown,EUR,investpy
INA,Inapa,Portugal,Unknown,EUR,investpy
LIG,Lisgrafica,Portugal,Unknown,EUR,investpy
MARTI,Martifer,Portugal,Unknown,EUR,investpy
MCP,Media Capital,Portugal,Unknown,EUR,investpy
NBA,Novabase,Portugal,Unknown,EUR,investpy
ORE,Orey Antunes,Portugal,Unknown,EUR,investpy
RAMA,Ramada,Portugal,Unknown,EUR,investpy
RSGP,Reditus,Portugal,Unknown,EUR,investpy
SCT,Toyota Caetano,Portugal,Unknown,EUR,investpy
SLBEN,Benfica,Portugal,Unknown,EUR,investpy
SONAC,Sonae Capital,Portugal,Unknown,EUR,investpy
SPSO,Sporting,Portugal,Unknown,EUR,investpy
SVA,Sag Gest,Portugal,Unknown,EUR,investpy
TDSA,Teixeira Duarte,Portugal,Unknown,EUR,investpy
VAF,VAA Vista Alegre,Portugal,Unknown,EUR,investpy
CTT,CTT Correios de Portugal SA,Portugal,Unknown,EUR,investpy
INAn,Inapa Inv NV,Portugal,Unknown,EUR,investpy
ALNOR,Nexponor Sociedade Especial Invest,Portugal,Unknown,EUR,investpy
CDUL,Conduril Engenharia,Portugal,Unknown,EUR,investpy
GFIBI,Fundiestamo I,Portugal,Unknown,EUR,investpy
SCLB,Sporting Clube de Braga Futebol,Portugal,Unknown,EUR,investpy
ALPTR,Patris Investimentos,Portugal,Unknown,EUR,investpy
ESON,Estoril Sol,Portugal,Unknown,EUR,investpy
MLRZE,Raize Servicos Gestao,Portugal,Unknown,EUR,investpy
ALS4Y,Science4You,Portugal,Unknown,EUR,investpy
MLMR,Monumental Residence,Portugal,Unknown,EUR,investpy
MLM24,Multi 24,Portugal,Unknown,EUR,investpy
MLAGE,Adelphi Gere,Portugal,Unknown,EUR,investpy
MLRP,Retail Prop,Portugal,Unknown,EUR,investpy
ACBr,Alpha Bank,Greece,Unknown,EUR,investpy
BABr,Jumbo,Greece,Unknown,EUR,investpy
EURBr,Eurobank Ergasias,Greece,Unknown,EUR,investpy
HELr,Ellaktor,Greece,Unknown,EUR,investpy
OPAr,OPAP SA,Greece,Unknown,EUR,investpy
VIOH,Viohalco BR,Greece,Unknown,EUR,investpy
AGNr,Aegean Airlines,Greece,Unknown,EUR,investpy
AMCr,Athens Medical,Greece,Unknown,EUR,investpy
EYDr,Athens Water,Greece,Unknown,EUR,investpy
AUTr,Autohellas,Greece,Unknown,EUR,investpy
BOPr,Piraeus Bank,Greece,Unknown,EUR,investpy
DESr,Centric Hold,Greece,Unknown,EUR,investpy
PLAKR,Crete Plastics,Greece,Unknown,EUR,investpy
ELNr,Elton S.A.,Greece,Unknown,EUR,investpy
EREr,Euro Reliance,Greece,Unknown,EUR,investpy
HDFr,Folli Follie,Greece,Unknown,EUR,investpy
FRLr,Fourlis Hld,Greece,Unknown,EUR,investpy
FRIr,Frigoglass,Greece,Unknown,EUR,investpy
HRMr,Gek Terna,Greece,Unknown,EUR,investpy
ELHA,Elvalhalcor Hellenic,Greece,Unknown,EUR,investpy
EXCr,Hellenic Exchanges,Greece,Unknown,EUR,investpy
HEPr,Hellenic Petroleum,Greece,Unknown,EUR,investpy
OTEr,Hellenic Telec,Greece,Unknown,EUR,investpy
IASr,Iaso,Greece,Unknown,EUR,investpy
IKTr,Iktinos Hellas,Greece,Unknown,EUR,investpy
INRr,Intracom,Greece,Unknown,EUR,investpy
INCr,Intracom Constructions,Greece,Unknown,EUR,investpy
INLr,Intralot,Greece,Unknown,EUR,investpy
AVAr,J. & P. Avax,Greece,Unknown,EUR,investpy
KLUr,K.L.M.,Greece,Unknown,EUR,investpy
KRIr,Kri-Kri Milk,Greece,Unknown,EUR,investpy
LMDr,Lamda Develop,Greece,Unknown,EUR,investpy
LOUr,Loulis Mills,Greece,Unknown,EUR,investpy
LYKr,Lykos Inform.,Greece,Unknown,EUR,investpy
MRFr,Marfin Invest,Greece,Unknown,EUR,investpy
MLSr,MLS Multimedia,Greece,Unknown,EUR,investpy
MORr,Motor Oil,Greece,Unknown,EUR,investpy
MYTr,Mytilineos,Greece,Unknown,EUR,investpy
NBGr,National Bank of Greece,Greece,Unknown,EUR,investpy
NIRr,Nireus Aqua,Greece,Unknown,EUR,investpy
OLPr,Piraeus Port,Greece,Unknown,EUR,investpy
DEHr,Public Power,Greece,Unknown,EUR,investpy
IQTr,Quest Holdings,Greece,Unknown,EUR,investpy
CAMr,Reds,Greece,Unknown,EUR,investpy
SRSr,Gr Sarantis,Greece,Unknown,EUR,investpy
EPIr,Select Textile,Greece,Unknown,EUR,investpy
OLYr,Techn Olympic,Greece,Unknown,EUR,investpy
TENr,Terna Energy,Greece,Unknown,EUR,investpy
OLTr,Thessaloniki Port Authority,Greece,Unknown,EUR,investpy
TWSr,ThesKi Water,Greece,Unknown,EUR,investpy
THRr,Thrace Plastic,Greece,Unknown,EUR,investpy
PREr,Trastor Reic,Greece,Unknown,EUR,investpy
BOAr,Attica Bank,Greece,Unknown,EUR,investpy
PSALr,Papoutsanis Industrial,Greece,Unknown,EUR,investpy
VILr,Unibios,Greece,Unknown,EUR,investpy
EKTr,Ekter,Greece,Unknown,EUR,investpy
ELBr,Elve,Greece,Unknown,EUR,investpy
ALMr,Alumil,Greece,Unknown,EUR,investpy
KYRr,Kyriakoulis,Greece,Unknown,EUR,investpy
PLAr,Plaisio Comp,Greece,Unknown,EUR,investpy
ELGr,Elgeka,Greece,Unknown,EUR,investpy
DIOr,Dionic,Greece,Unknown,EUR,investpy
CHAr,Chatzikranioti,Greece,Unknown,EUR,investpy
KRFr,Kreta Farm,Greece,Unknown,EUR,investpy
MATr,Mathios Refrac,Greece,Unknown,EUR,investpy
KRDr,Kordellou,Greece,Unknown,EUR,investpy
KRTr,Karatzi,Greece,Unknown,EUR,investpy
ASCr,AS Company,Greece,Unknown,EUR,investpy
DROr,Dromeas,Greece,Unknown,EUR,investpy
KANr,Stelio Kanakis,Greece,Unknown,EUR,investpy
NPHr,News Phone,Greece,Unknown,EUR,investpy
PRFr,Profile Syst,Greece,Unknown,EUR,investpy
REVr,Revoil Petrol,Greece,Unknown,EUR,investpy
ADVr,Audio Visual,Greece,Unknown,EUR,investpy
ESKr,F.G. Europe,Greece,Unknown,EUR,investpy
PRODr,NBG Pangaea,Greece,Unknown,EUR,investpy
ANEMr,Elliniki Technodomiki Anemos SA,Greece,Unknown,EUR,investpy
PTRr,Petros Petropoulos SA,Greece,Unknown,EUR,investpy
QUAr,Quality and Reliability SA,Greece,Unknown,EUR,investpy
AKRr,Akritas SA,Greece,Unknown,EUR,investpy
ALCr,Nexans Hellas SA,Greece,Unknown,EUR,investpy
ANKr,Anonymous Shipping Co of Crete,Greece,Unknown,EUR,investpy
ASTr,Alpha Astika Akinita SA,Greece,Unknown,EUR,investpy
BOGr,Bank of Greece,Greece,Unknown,EUR,investpy
BOU,J Boutaris & Son Holding SA,Greece,Unknown,EUR,investpy
BYTr,Byte Computer SA,Greece,Unknown,EUR,investpy
ELIr,Elinoil Hellenic Petroleum Co,Greece,Unknown,EUR,investpy
ELSRr,Elastron SA,Greece,Unknown,EUR,investpy
EPAr,Attica Holdings SA,Greece,Unknown,EUR,investpy
ERCr,Euroconsultants SA,Greece,Unknown,EUR,investpy
EVRr,Evrofarma SA,Greece,Unknown,EUR,investpy
FHL,Mermeren Kombinat AD Prilep,Greece,Unknown,EUR,investpy
FINr,Philippos Nakas SA,Greece,Unknown,EUR,investpy
FLXr,Flexopack SA,Greece,Unknown,EUR,investpy
FOODr,Foodlink SA,Greece,Unknown,EUR,investpy
FORr,Forthnet SA,Greece,Unknown,EUR,investpy
GCEr,AEGEK SA,Greece,Unknown,EUR,investpy
GKE,Geke SA,Greece,Unknown,EUR,investpy
ITTr,Intertech,Greece,Unknown,EUR,investpy
KAR,Karelia Tobacco Company Inc,Greece,Unknown,EUR,investpy
KEKr,Kekrops,Greece,Unknown,EUR,investpy
KRMr,Karamolengos Bakery Industry SA,Greece,Unknown,EUR,investpy
LESr,Maritime Company of Lesvos SA,Greece,Unknown,EUR,investpy
LEV,N Leventeris SA,Greece,Unknown,EUR,investpy
LPHr,Lavipharm SA,Greece,Unknown,EUR,investpy
MDBr,N Varveris Moda Bagno SA,Greece,Unknown,EUR,investpy
MEDr,Medicon Hellas SA,Greece,Unknown,EUR,investpy
MRV,Minerva Knitwear SA,Greece,Unknown,EUR,investpy
MTDr,Cars Motorcycles Marine Engine,Greece,Unknown,EUR,investpy
NAF,Nafpaktos Textile Industry SA,Greece,Unknown,EUR,investpy
PASr,Pasal Real Estate Development,Greece,Unknown,EUR,investpy
PEGr,Pegasus Publishing SA,Greece,Unknown,EUR,investpy
PPCr,Paperpack Printing Box Manufact,Greece,Unknown,EUR,investpy
PROr,Proodeftiki Technical Co,Greece,Unknown,EUR,investpy
PRSr,Perseus Specialty Foods SA,Greece,Unknown,EUR,investpy
SELr,Selonda Aquaculture SA,Greece,Unknown,EUR,investpy
TASr,GE Dimitriou SA,Greece,Unknown,EUR,investpy
TELr,Teletypos Television Programmes,Greece,Unknown,EUR,investpy
EEEr,Coca Cola HBC AG,Greece,Unknown,EUR,investpy
ICIr,Intercontinental Intl RE,Greece,Unknown,EUR,investpy
SDMa,Sidma Steel Products,Greece,Unknown,EUR,investpy
CENEr,Cenergy Hold,Greece,Unknown,EUR,investpy
ADMr,Holding Company ADMIE,Greece,Unknown,EUR,investpy
BRIQr,BriQ Properties,Greece,Unknown,EUR,investpy
GEBKA,General Commercial,Greece,Unknown,EUR,investpy
SPAr,Space Hellas,Greece,Unknown,EUR,investpy
LAMr,Lampsa Hellenic Hotels,Greece,Unknown,EUR,investpy
KEPr,Flour Mills Kepenos R,Greece,Unknown,EUR,investpy
LEV_p,N Leventeris,Greece,Unknown,EUR,investpy
VOGr,Vogiatzoglou Systems R,Greece,Unknown,EUR,investpy
ELTr,Eltrak,Greece,Unknown,EUR,investpy
SFAr,Sfakianakis R,Greece,Unknown,EUR,investpy
ILYr,Ilyda R,Greece,Unknown,EUR,investpy
ENTr,Entersoft,Greece,Unknown,EUR,investpy
PREFr,Performance Technologies,Greece,Unknown,EUR,investpy
TITCr,Titan Cement,Greece,Unknown,EUR,investpy
EEEr,Coca Cola HBC AG,Greece,Unknown,EUR,investpy
